Hours_Studied,Attendance,Previous_Scores,Tutoring_Sessions,PI_High,PI_Low,AtR_High,AtR_Low,Exam_Score
0,4,7,1,0,0,0,1,9
1,27,13,0,0,1,0,0,3
1,25,6,1,1,0,0,0,9
1,13,11,1,0,0,0,0,2
2,23,1,1,0,1,1,0,7
1,12,15,1,0,0,1,0,8
1,11,0,1,0,1,0,0,8
2,11,8,1,0,0,0,0,6
2,16,14,1,0,0,0,0,8
1,12,2,0,0,1,0,1,6
2,23,13,0,0,0,0,0,9
2,13,16,0,0,0,0,0,8
1,24,18,1,0,0,0,0,8
2,14,10,0,0,1,0,1,6
0,17,13,0,0,0,0,0,10
0,23,16,0,0,0,0,1,5
2,24,8,1,0,1,1,0,7
1,8,11,1,0,0,0,1,10
1,15,13,1,0,0,1,0,3
2,21,1,0,0,0,0,1,10
2,11,5,0,0,0,1,0,6
2,9,7,0,0,0,0,0,7
0,28,4,1,1,0,0,0,3
1,11,9,0,0,1,0,0,1
2,25,19,0,0,1,0,1,5
1,27,4,0,0,0,1,0,0
0,8,2,1,0,0,0,0,5
0,14,11,0,0,0,0,1,8
2,6,8,1,0,1,0,1,4
0,7,19,0,0,0,0,1,2
1,23,11,0,1,0,0,0,3
2,20,13,1,0,0,0,0,6
0,0,18,0,0,0,0,1,7
2,24,5,1,0,1,0,1,7
1,6,1,1,0,0,0,0,6
1,18,4,0,0,0,1,0,6
2,12,8,1,0,0,1,0,7
1,26,8,1,0,0,0,0,8
0,12,19,0,0,0,0,0,9
0,27,19,1,1,0,0,1,3
2,12,6,1,0,1,0,1,0
0,23,9,1,0,0,0,0,5
2,8,11,0,0,1,0,1,3
2,26,17,1,0,0,0,0,5
2,1,5,0,0,1,0,0,3
2,0,19,0,0,0,0,0,9
2,16,17,1,0,1,0,0,0
0,27,3,0,0,1,0,1,1
1,16,9,0,0,1,0,0,10
2,20,18,0,0,0,0,0,5
2,27,15,0,0,0,0,1,5
1,28,19,1,0,0,0,1,0
1,9,1,1,0,0,0,1,6
0,18,17,1,0,0,0,1,10
0,16,0,1,0,0,0,0,10
1,18,5,0,0,0,0,0,1
2,28,18,0,0,0,0,1,7
2,2,5,0,0,0,0,1,1
0,4,3,0,1,0,0,0,10
1,29,10,0,0,0,0,0,5
2,27,19,0,0,0,0,0,5
0,1,19,1,0,1,0,0,5
2,12,12,0,0,0,1,0,5
1,27,13,1,0,0,0,1,9
0,8,6,0,1,0,0,1,2
0,2,9,0,0,0,0,0,5
1,27,18,1,0,1,0,0,4
2,16,3,0,0,1,0,1,8
0,20,6,1,0,0,0,0,0
1,4,1,0,0,0,1,0,9
1,19,18,0,0,0,0,0,1
0,14,5,1,0,0,0,1,10
0,19,9,1,0,0,0,0,7
2,9,11,0,1,0,0,0,5
2,9,12,0,0,0,0,1,4
0,18,11,0,0,0,0,0,8
2,28,13,0,0,0,0,1,5
0,15,8,1,0,1,0,1,8
1,22,11,0,1,0,1,0,2
1,12,11,0,0,0,0,1,2
1,18,0,0,0,1,0,0,10
1,28,5,0,0,0,0,0,1
0,21,10,1,0,0,0,1,8
1,11,4,1,0,0,1,0,1
0,18,0,0,0,1,0,0,9
1,27,19,1,0,0,0,0,7
0,16,11,1,0,0,1,0,3
1,8,6,1,0,0,0,0,3
2,3,19,1,0,0,0,1,9
1,12,15,0,0,0,0,0,4
0,28,19,1,0,0,0,0,10
1,5,8,1,0,0,0,1,8
2,10,9,1,0,1,0,1,0
2,28,5,0,0,0,0,0,2
1,29,0,1,0,0,0,0,3
0,10,13,0,0,1,0,0,7
2,26,18,0,0,0,0,0,8
2,4,9,1,0,0,0,1,10
1,0,14,0,0,0,0,0,8
1,22,14,1,0,0,0,0,9
1,26,17,1,0,0,1,0,3
1,21,12,0,0,0,0,0,4
0,10,10,1,0,0,0,1,10
0,4,8,1,0,0,0,0,2
1,18,12,1,0,1,0,1,6
2,2,18,1,0,0,0,0,8
2,28,10,0,0,0,0,0,7
0,13,6,1,0,0,0,0,10
1,8,7,0,0,1,0,0,1
2,4,16,0,1,0,0,0,1
1,7,0,1,0,1,0,0,6
1,6,10,0,0,1,1,0,7
1,24,19,1,0,1,1,0,3
2,29,0,1,0,1,0,0,5
1,22,2,1,1,0,0,0,8
1,29,1,0,0,0,0,0,1
1,9,8,0,0,0,0,0,1
1,15,16,1,0,1,0,1,7
2,15,18,0,0,1,0,0,8
0,11,1,0,0,0,0,0,4
2,4,19,1,0,1,0,1,7
0,14,12,1,0,0,0,0,3
0,14,5,1,0,0,1,0,0
2,29,15,0,0,0,1,0,9
1,22,7,1,0,0,0,1,2
1,14,12,0,0,1,0,0,2
0,0,13,0,0,0,0,0,9
0,13,15,0,0,0,0,0,6
2,6,15,0,0,0,0,0,4
0,16,15,1,0,1,0,0,6
1,14,5,0,0,0,1,0,3
1,27,19,1,0,1,0,1,8
1,9,9,0,0,0,0,0,9
1,21,4,0,0,0,0,0,10
2,22,17,0,0,0,0,0,2
0,18,15,0,0,0,1,0,7
0,9,15,1,1,0,0,0,7
1,18,5,1,0,0,0,0,3
0,12,14,0,0,0,1,0,2
1,15,7,0,0,1,0,0,3
0,0,11,1,1,0,0,1,4
2,19,7,1,0,0,0,0,2
2,26,7,1,0,1,0,0,3
2,15,1,1,0,1,0,0,5
1,9,9,1,0,0,0,1,7
2,29,0,0,0,1,0,0,2
0,12,7,1,0,0,0,0,6
2,25,6,1,0,0,0,1,7
1,14,3,0,0,0,0,0,7
1,24,4,0,1,0,1,0,9
2,8,10,1,0,0,0,1,3
1,6,15,1,1,0,0,0,0
1,15,3,1,0,0,0,0,2
2,9,13,1,0,1,0,1,8
1,22,9,1,0,0,0,0,7
1,17,18,1,0,1,0,1,10
2,26,16,1,0,0,0,0,10
0,10,14,0,0,0,0,0,3
1,26,4,1,0,1,0,1,9
2,5,2,1,0,1,1,0,9
0,12,10,1,0,1,0,1,3
1,26,2,0,1,0,1,0,0
2,16,5,0,0,1,0,0,8
2,15,15,0,0,0,0,0,7
2,13,6,1,1,0,0,1,2
1,18,19,1,0,1,0,0,3
1,16,13,0,0,0,0,0,3
2,2,17,0,0,0,0,0,1
2,12,14,1,0,0,0,1,10
2,28,5,1,0,0,1,0,3
0,26,4,1,0,1,0,0,8
1,8,12,0,0,1,0,1,3
1,11,12,0,0,0,0,0,4
1,0,16,0,0,0,0,1,5
0,7,12,0,0,1,0,0,4
2,24,1,0,0,0,1,0,10
1,7,7,0,0,0,1,0,7
0,4,17,0,0,0,0,0,8
2,15,17,0,0,0,1,0,1
0,7,15,0,0,0,0,1,3
1,3,7,0,0,1,0,1,3
0,26,15,0,0,0,1,0,3
0,6,3,1,0,0,0,0,4
0,5,19,0,0,0,1,0,5
1,7,17,0,0,0,1,0,9
1,0,11,1,0,1,0,1,2
0,16,0,1,0,0,0,1,5
2,13,14,1,0,0,1,0,3
0,12,12,0,0,0,0,0,6
0,4,5,0,0,0,0,0,7
1,27,9,1,0,1,0,1,0
2,16,7,1,0,1,0,1,8
1,23,14,0,0,0,0,1,10
2,22,5,1,0,0,0,0,1
2,17,10,0,0,1,1,0,8
1,3,14,1,0,0,0,1,7
1,9,3,1,0,0,0,0,1
2,18,11,0,0,0,0,1,2
1,21,18,0,0,1,0,1,8
1,4,13,1,1,0,0,1,1
0,10,2,1,1,0,0,0,4
0,25,4,1,0,1,0,1,7
1,21,12,1,0,1,0,1,1
2,10,12,0,0,0,0,0,8
1,29,1,0,0,0,0,1,4
1,25,5,0,0,0,0,0,5
2,8,19,0,0,0,0,0,8
1,18,16,1,0,1,0,0,5
2,1,16,1,0,1,1,0,10
0,28,9,1,0,1,0,0,8
1,23,9,0,0,0,1,0,8
0,26,6,0,0,0,0,0,5
2,28,3,1,0,0,0,1,0
1,17,4,0,0,0,1,0,7
1,16,7,0,0,0,0,0,5
1,7,8,1,0,1,0,0,5
0,9,6,0,0,0,0,1,1
1,3,12,0,0,0,0,0,7
1,12,2,0,0,0,0,0,0
1,29,5,1,1,0,0,1,5
1,20,9,1,0,1,1,0,5
0,24,7,0,0,0,0,1,9
2,13,8,1,0,0,0,0,0
0,23,11,1,1,0,1,0,1
2,24,10,0,0,0,0,1,2
2,24,18,0,0,1,0,0,10
1,11,2,0,0,0,0,0,9
1,25,0,0,0,0,0,1,10
0,12,8,1,0,0,0,1,6
1,23,6,0,0,0,1,0,8
1,5,4,1,0,1,0,0,8
0,11,7,1,1,0,0,0,3
1,14,14,1,0,0,0,1,6
1,19,17,1,0,0,0,0,3
1,20,6,0,0,1,1,0,9
0,29,4,0,0,0,1,0,5
0,12,4,0,1,0,0,0,0
2,20,12,0,0,0,0,1,8
2,0,12,0,0,0,0,0,5
1,20,17,0,0,0,0,0,6
2,16,11,1,0,0,1,0,6
2,15,16,1,0,0,0,0,2
0,19,4,0,0,0,0,1,7
1,7,2,1,0,0,1,0,0
2,15,1,1,0,1,1,0,9
0,0,5,1,0,1,1,0,8
2,19,2,0,0,0,0,1,5
0,27,15,0,0,1,0,0,1
0,23,10,1,0,0,0,1,9
2,17,13,0,0,0,0,1,10
2,24,15,0,0,0,0,1,0
1,23,6,1,0,0,0,0,10
2,10,9,0,0,1,0,0,7
1,13,14,0,0,0,1,0,6
1,29,15,0,0,0,0,1,1
2,17,14,1,0,0,0,0,0
0,21,6,1,0,0,0,0,9
1,21,6,0,0,0,0,0,7
1,19,15,1,0,0,0,1,3
1,19,6,1,0,0,0,0,10
1,14,3,0,0,0,0,0,3
0,2,13,1,1,0,1,0,4
2,28,15,0,0,0,0,1,9
2,6,19,0,0,0,0,0,5
2,11,15,1,0,0,0,0,6
1,20,12,1,0,1,0,0,5
1,14,15,0,0,0,0,0,7
1,18,11,1,0,0,1,0,0
1,26,17,0,0,0,0,1,1
0,22,7,1,0,0,1,0,10
0,16,5,0,0,1,0,1,0
1,26,19,1,0,1,0,1,8
0,8,17,0,0,0,1,0,4
1,2,0,1,0,0,0,0,0
2,20,13,0,0,0,0,0,5
2,28,13,1,0,0,1,0,9
2,12,2,0,1,0,0,0,1
0,22,3,1,0,0,0,0,3
2,17,7,0,0,0,0,0,8
0,28,5,1,0,0,0,0,5
0,1,16,0,1,0,0,0,10
1,17,15,0,0,1,0,0,1
2,26,16,0,0,0,0,0,7
1,29,17,1,0,0,0,0,3
0,12,0,1,0,1,1,0,0
2,21,7,1,0,0,0,0,5
1,1,5,0,0,1,0,1,0
1,15,7,0,0,0,0,1,1
1,9,7,0,0,0,1,0,1
0,22,8,0,0,0,0,0,7
1,17,18,1,0,0,1,0,8
0,7,2,0,1,0,1,0,1
0,21,2,1,0,0,0,0,1
2,20,4,0,0,1,0,1,9
0,14,7,0,0,1,1,0,8
2,16,14,0,0,1,0,1,6
2,23,6,0,0,1,0,0,1
0,10,2,1,0,0,0,1,8
0,14,11,0,0,0,1,0,9
2,7,6,0,0,0,1,0,8
2,13,9,0,0,0,0,0,9
0,27,9,0,0,0,0,0,0
2,3,8,0,1,0,0,1,8
2,12,0,0,0,0,1,0,2
1,29,0,0,0,0,1,0,6
1,21,14,1,0,1,0,0,5
1,18,7,0,0,0,0,1,10
0,5,0,0,1,0,0,0,10
2,15,4,0,0,0,0,1,4
1,24,15,0,0,0,0,1,8
1,23,16,1,0,1,1,0,8
0,2,5,0,0,0,0,0,6
0,12,19,0,0,1,0,0,1
2,9,6,1,0,0,0,1,2
0,21,2,1,1,0,1,0,8
0,1,18,1,0,1,0,1,9
0,23,7,0,0,0,0,1,2
2,27,14,0,0,0,0,0,4
0,2,7,1,0,0,0,0,3
2,9,1,0,0,1,0,0,8
0,14,11,0,0,0,0,0,9
2,0,16,1,0,0,0,0,8
1,0,0,0,0,1,1,0,5
2,18,14,1,0,0,0,0,4
2,14,11,1,0,0,0,1,6
0,13,6,0,0,1,0,0,1
0,6,4,1,0,1,0,0,7
0,27,17,1,1,0,1,0,4
1,5,13,0,0,0,0,0,7
0,29,18,1,0,1,0,0,10
2,10,18,1,0,0,0,1,6
1,19,3,1,1,0,1,0,1
0,14,13,0,0,1,0,1,3
1,11,14,0,0,0,1,0,6
0,12,1,0,0,1,0,1,9
1,14,18,1,0,0,0,0,6
2,18,18,1,0,0,0,0,7
2,10,10,0,0,1,0,1,3
1,3,9,1,0,0,0,0,6
0,17,15,1,0,0,0,1,1
2,0,6,0,0,0,0,0,0
2,9,3,1,1,0,1,0,8
1,10,14,1,0,0,0,1,7
2,10,18,1,0,0,0,0,7
0,11,6,1,0,1,0,0,4
0,5,7,1,0,0,0,0,0
1,29,11,0,0,0,0,1,2
2,11,11,1,0,1,0,1,1
2,0,8,1,0,1,0,1,0
1,27,15,1,0,0,0,0,1
0,20,17,1,0,0,0,1,1
2,14,4,0,0,1,0,0,6
2,25,17,0,1,0,1,0,1
1,6,8,1,0,1,0,0,8
2,8,1,1,0,0,0,1,3
1,1,15,1,0,1,0,0,0
0,12,5,0,0,0,0,0,7
0,1,3,0,0,0,0,0,8
2,3,14,1,0,0,0,0,10
1,10,10,0,0,1,0,1,8
1,7,19,1,0,1,0,0,4
0,9,3,1,0,0,1,0,4
0,5,6,1,0,0,1,0,4
1,8,1,1,0,0,0,0,3
0,19,2,1,0,1,0,0,5
0,11,19,0,0,1,0,1,4
2,27,11,1,0,0,0,1,6
0,8,6,1,0,0,0,0,9
2,2,3,1,0,0,0,0,1
1,0,8,1,0,0,0,1,9
0,16,8,1,0,0,0,0,4
0,9,1,0,0,0,0,0,0
0,5,19,1,0,0,1,0,4
2,6,19,1,1,0,0,1,1
1,25,10,1,0,0,0,0,9
1,27,6,1,0,0,0,0,8
0,15,0,0,0,0,0,0,0
1,4,11,1,0,0,1,0,6
2,29,3,0,0,0,1,0,0
2,13,7,0,0,0,1,0,1
0,21,16,1,0,0,0,0,8
2,7,17,0,0,0,0,1,10
2,25,6,1,0,0,0,1,0
2,13,7,1,0,0,1,0,3
2,9,6,0,0,0,0,0,9
0,24,4,0,0,0,0,1,9
2,16,2,1,0,0,0,1,9
2,28,3,0,0,0,1,0,4
1,12,9,0,0,0,0,0,2
0,28,13,1,0,1,1,0,10
2,7,1,0,0,1,0,0,0
2,9,4,0,0,0,0,0,4
0,27,14,1,0,0,0,0,10
1,21,6,0,0,0,0,0,5
0,17,6,1,0,1,1,0,9
1,0,8,0,0,0,1,0,0
2,6,16,0,0,0,0,0,10
2,7,17,0,0,0,0,1,9
1,10,18,0,0,0,0,1,4
0,21,10,0,0,1,0,0,10
0,19,19,1,0,1,0,1,10
2,27,7,0,0,1,1,0,3
1,17,17,0,0,1,0,1,2
2,27,16,0,0,0,0,1,1
1,5,9,1,0,0,1,0,8
2,25,17,1,0,0,0,0,8
1,10,16,1,0,1,0,0,5
0,5,4,1,0,0,0,1,7
2,21,17,0,1,0,0,0,3
0,8,5,1,1,0,0,0,2
0,3,10,0,0,0,0,1,5
0,7,18,1,1,0,1,0,1
1,16,10,1,0,0,0,0,10
1,13,16,0,0,0,0,0,8
2,1,1,0,0,0,1,0,6
1,8,6,0,0,0,0,1,2
0,25,5,1,0,0,0,0,6
1,29,18,0,0,0,0,0,2
0,0,8,1,0,0,0,1,0
0,24,12,1,1,0,0,0,1
0,20,5,0,0,0,1,0,2
1,27,19,0,1,0,0,1,10
1,2,1,0,0,1,0,1,4
1,23,14,1,1,0,1,0,10
0,4,11,0,0,0,0,0,1
0,9,4,1,0,1,0,1,9
2,14,16,0,0,0,0,0,10
2,12,0,1,0,0,0,0,3
2,12,14,0,0,0,0,1,0
0,21,0,1,0,0,0,0,4
2,24,0,0,0,1,0,0,5
2,9,14,0,0,0,0,1,0
2,17,6,0,0,0,0,0,7
0,16,7,0,0,1,0,0,9
0,25,15,0,1,0,0,1,5
2,5,5,1,0,1,0,0,0
0,16,0,0,1,0,0,1,3
2,14,14,0,0,0,0,0,9
2,21,3,1,0,0,0,1,4
0,13,8,0,0,0,0,1,10
2,21,0,1,0,0,0,0,8
0,25,3,1,1,0,0,0,4
1,21,1,1,0,0,0,1,1
1,29,13,0,0,0,1,0,9
1,0,0,1,0,1,0,1,6
0,13,17,1,0,0,0,0,1
2,24,3,1,0,1,0,1,8
1,28,14,1,1,0,1,0,5
2,15,5,0,0,0,0,1,9
1,28,16,1,0,1,0,0,7
2,5,14,0,0,1,1,0,5
0,0,3,0,0,0,0,1,7
2,17,6,0,0,0,0,1,6
2,3,19,0,0,1,0,0,4
2,29,1,0,0,1,1,0,1
0,20,12,1,0,1,0,1,2
1,5,8,0,0,0,0,0,9
1,27,16,1,0,0,0,0,2
1,25,18,1,0,0,0,0,2
0,14,3,1,0,0,0,0,1
0,7,9,0,0,0,0,0,7
2,5,7,1,0,0,0,1,3
0,15,4,0,0,1,0,0,3
1,29,18,0,0,1,0,0,0
0,14,18,0,0,0,0,0,9
1,4,4,0,0,0,0,1,9
2,3,3,1,0,1,0,1,6
2,23,13,1,0,1,1,0,6
2,18,10,0,0,0,0,0,4
1,6,15,1,0,1,0,0,3
1,16,1,0,0,1,0,0,0
1,18,12,0,0,0,0,0,10
1,17,16,0,0,0,1,0,1
0,3,1,0,0,0,0,1,3
1,24,0,1,0,0,0,1,3
2,4,9,0,0,1,0,0,4
1,16,18,1,1,0,0,0,9
1,8,9,0,0,1,0,0,3
1,6,3,1,0,1,1,0,9
0,15,4,1,0,0,0,0,2
1,8,3,1,0,1,0,1,9
1,20,11,0,0,1,0,1,3
1,9,12,1,0,0,0,1,7
1,17,14,0,0,0,0,0,10
2,7,6,1,0,1,1,0,8
1,20,3,1,0,0,0,0,5
0,27,11,1,0,0,0,0,1
0,6,16,1,0,0,0,1,3
2,18,14,0,0,1,0,0,7
1,1,2,1,0,0,1,0,2
0,6,1,0,0,1,1,0,7
0,20,12,1,0,0,0,0,3
1,8,18,0,0,0,0,1,9
2,14,12,1,0,1,0,0,8
1,11,10,1,0,0,0,1,10
2,19,5,1,0,0,0,1,10
0,11,18,1,0,0,1,0,6
0,14,7,1,0,0,0,1,9
2,26,18,1,0,0,1,0,3
2,24,19,1,0,0,0,0,7
1,19,12,0,0,1,0,1,6
2,3,7,0,0,0,1,0,7
0,18,9,1,0,1,0,0,8
2,0,12,0,0,0,0,1,3
0,1,16,1,1,0,1,0,7
0,8,4,0,0,1,0,1,2
1,20,8,0,0,0,0,0,3
1,22,3,1,0,1,0,0,8
0,7,3,1,0,1,0,0,1
2,13,19,0,0,0,0,0,9
2,10,16,1,0,1,0,0,4
0,28,4,0,0,0,0,1,0
0,24,3,1,0,0,0,0,10
1,24,18,0,0,0,0,0,0
0,29,19,0,0,1,0,0,1
2,1,4,1,0,0,0,0,2
0,4,17,1,0,0,0,0,4
2,9,19,0,0,0,0,1,9
1,14,15,1,0,0,1,0,7
0,6,3,1,0,0,1,0,7
1,9,9,1,0,0,0,0,3
2,23,6,1,0,1,1,0,8
1,12,7,0,0,0,0,1,10
1,24,3,0,0,0,0,0,8
2,18,1,1,0,1,0,0,3
2,20,1,1,0,0,1,0,9
1,3,3,0,0,0,1,0,5
0,13,17,0,0,0,0,1,9
0,5,1,1,0,1,0,1,5
1,23,9,1,0,1,0,1,10
2,1,12,0,1,0,0,0,6
0,5,16,0,0,0,0,0,2
0,23,5,1,0,0,0,0,1
2,17,8,1,0,1,0,0,4
2,23,7,1,1,0,0,0,2
1,13,9,1,0,1,0,0,3
1,1,19,0,0,1,0,1,6
0,27,18,0,0,0,0,1,8
0,18,18,0,0,0,0,0,1
0,16,19,0,0,0,0,0,6
1,20,9,0,0,0,0,1,9
1,20,17,1,0,0,1,0,9
0,22,9,1,0,1,0,1,4
0,27,12,1,0,0,0,1,7
1,19,3,1,0,0,0,1,1
1,29,3,0,0,1,0,0,8
1,3,1,1,0,0,0,1,5
2,26,5,1,0,1,1,0,3
2,9,11,1,0,0,0,1,7
2,29,16,1,0,0,0,1,1
1,13,11,1,0,0,0,1,8
0,9,13,0,0,1,0,1,6
1,19,7,1,0,0,1,0,2
2,27,3,1,0,0,1,0,3
2,2,16,0,0,0,1,0,3
2,26,14,1,0,0,1,0,2
1,7,19,0,0,0,0,1,9
2,6,9,0,0,0,1,0,5
2,16,9,0,0,0,0,1,7
1,16,16,0,0,0,0,0,1
0,14,7,0,0,1,0,0,1
2,12,8,0,0,0,0,1,9
2,9,13,0,0,1,0,0,1
1,18,16,0,0,0,1,0,10
1,23,17,0,0,0,0,0,1
2,8,18,1,0,0,0,1,10
1,19,2,0,1,0,1,0,2
2,16,10,1,0,1,0,0,7
0,0,9,1,1,0,0,0,8
2,25,11,1,0,0,0,1,5
0,1,0,1,1,0,0,1,0
0,2,18,1,0,0,0,0,5
0,11,15,1,0,0,0,1,10
0,28,11,1,0,1,0,0,0
1,24,0,0,0,0,0,0,5
1,24,10,1,0,0,0,1,7
1,13,19,0,0,1,0,1,3
0,11,12,1,0,0,0,0,7
0,8,5,0,0,0,0,0,7
0,9,0,1,0,0,0,1,4
2,13,18,1,0,0,0,1,9
0,10,15,1,0,0,0,1,1
2,2,6,1,1,0,0,1,8
2,9,5,0,0,0,0,0,1
1,12,7,1,0,0,0,1,8
2,21,7,1,0,0,1,0,9
1,22,15,0,0,1,0,1,6
2,1,7,1,0,1,0,1,9
0,3,15,0,0,0,0,0,2
0,21,14,1,0,1,1,0,4
1,13,7,0,0,0,1,0,3
2,20,16,0,0,1,0,1,9
2,11,13,1,0,1,0,0,0
2,0,10,1,0,1,0,1,9
1,18,9,0,0,0,0,0,7
0,8,19,1,0,1,0,0,6
0,29,10,0,0,0,0,0,10
0,0,8,1,0,1,0,0,3
1,14,17,0,1,0,0,1,8
0,18,13,0,0,0,1,0,4
1,4,0,0,0,0,0,1,7
2,13,8,0,0,0,0,1,6
0,5,16,1,0,0,0,0,3
0,3,11,0,0,0,0,1,6
1,13,12,0,0,1,0,1,10
0,23,12,1,0,1,1,0,1
2,24,8,0,0,0,0,0,10
0,14,16,0,0,0,0,0,5
0,5,8,0,0,0,0,0,5
0,27,5,0,0,0,0,0,0
2,19,15,1,0,1,0,1,10
1,28,16,1,0,0,0,0,9
2,1,16,1,0,0,0,1,5
0,3,7,1,0,0,1,0,2
0,15,1,1,0,1,0,0,9
1,6,13,1,0,0,0,0,3
2,25,13,1,0,1,1,0,1
0,20,5,1,1,0,0,0,8
0,29,2,1,0,1,0,0,1
2,9,15,1,0,1,1,0,5
2,29,10,1,0,0,1,0,2
0,20,1,1,1,0,1,0,2
2,13,12,0,0,0,0,0,2
2,16,10,1,0,0,0,0,10
0,2,14,0,0,1,1,0,7
1,29,8,1,0,0,0,0,5
1,24,15,0,0,0,0,0,6
0,25,9,1,0,0,0,0,2
1,28,6,1,0,0,0,0,6
2,27,16,0,0,0,0,1,10
0,16,4,1,0,0,0,0,8
1,2,0,1,0,0,0,0,7
0,17,13,1,0,0,0,1,4
1,11,11,1,0,0,1,0,2
2,14,12,1,1,0,0,1,10
2,12,11,0,0,0,1,0,4
1,5,7,1,0,1,0,0,0
2,9,5,1,1,0,0,0,10
1,29,16,1,1,0,0,1,0
2,2,5,1,0,0,1,0,0
2,12,6,0,1,0,0,0,8
2,2,1,0,0,0,0,0,8
1,14,14,1,0,0,0,1,0
1,18,0,0,0,0,0,0,5
1,22,18,0,0,1,1,0,1
0,25,1,0,0,0,0,0,2
1,12,15,1,0,0,0,0,9
1,10,7,1,0,0,0,0,9
1,0,18,1,0,0,0,0,1
1,25,18,1,0,0,0,0,3
0,18,19,1,0,0,0,0,8
0,23,8,1,1,0,0,1,7
1,25,14,0,0,0,0,1,9
1,21,0,0,0,1,1,0,9
1,1,2,0,0,0,0,0,10
2,3,8,0,0,1,0,1,6
2,23,16,0,0,0,1,0,1
0,1,15,0,0,1,0,1,8
1,0,12,1,0,0,0,0,2
0,22,11,0,0,0,0,0,6
0,19,18,0,1,0,0,0,2
2,19,7,1,0,1,0,1,1
1,22,18,1,0,1,0,0,0
1,20,13,0,0,1,0,0,8
0,22,19,0,0,0,0,1,0
0,5,17,0,0,0,0,1,8
2,17,5,0,0,0,0,1,4
0,2,13,1,0,0,0,0,1
2,6,15,1,0,0,0,0,8
2,4,5,0,0,0,0,1,9
2,22,7,0,0,0,0,1,4
1,26,9,0,0,0,0,0,9
1,9,6,0,0,1,0,0,8
1,4,18,0,0,0,0,0,1
1,7,17,0,0,0,0,1,10
2,4,2,1,0,0,0,1,6
2,21,12,0,0,0,0,0,9
2,9,9,0,0,0,0,1,6
2,29,8,0,0,0,0,1,0
1,23,16,0,1,0,0,1,1
2,12,7,0,0,0,0,1,8
0,11,16,1,0,0,1,0,9
2,15,8,0,0,0,1,0,2
2,16,11,1,0,1,0,0,1
1,10,11,1,0,0,0,0,0
0,14,9,1,0,0,0,0,3
2,27,14,1,0,0,0,0,2
0,25,8,0,0,0,0,1,3
0,24,18,1,0,1,0,0,8
1,21,8,0,0,0,0,1,7
0,2,5,1,0,1,1,0,9
0,17,0,1,0,0,1,0,8
1,25,10,1,0,0,0,0,10
2,11,4,1,0,1,0,0,3
2,18,19,1,0,0,0,0,4
0,1,5,1,0,0,0,0,10
2,26,19,1,0,0,0,1,8
0,24,0,1,0,1,0,1,2
2,23,15,0,0,1,1,0,9
1,14,3,0,0,0,0,1,10
2,5,14,1,0,0,0,1,7
0,0,16,0,0,0,0,1,0
1,6,14,1,0,0,0,0,2
1,22,11,0,0,1,0,0,9
1,17,6,0,0,0,0,1,4
1,10,3,1,1,0,0,0,5
1,18,15,1,1,0,1,0,3
0,15,19,1,0,0,0,1,6
0,7,1,1,0,1,1,0,10
2,22,18,0,0,1,0,1,0
2,25,11,0,0,0,1,0,0
1,2,8,1,0,0,0,0,3
1,8,1,1,0,1,0,1,0
1,25,5,0,0,0,0,0,10
0,1,11,1,0,0,0,0,10
2,17,18,0,0,1,0,1,7
0,26,19,0,0,0,0,1,4
2,18,1,1,0,0,0,1,8
0,12,1,0,0,0,0,1,1
0,9,19,1,0,0,0,1,9
2,11,6,0,0,0,1,0,5
1,6,2,0,0,1,0,1,9
1,20,13,1,0,1,0,0,1
2,1,10,0,0,0,1,0,9
1,15,7,0,0,1,0,0,5
2,28,12,1,0,0,0,0,0
2,29,12,1,0,0,0,1,7
0,25,9,1,0,1,0,1,8
2,24,10,1,0,1,0,1,9
0,3,13,0,0,0,0,0,2
0,19,19,0,0,0,0,1,0
0,28,16,0,0,1,0,0,8
0,19,7,1,0,1,0,0,6
0,18,5,1,0,1,1,0,4
0,2,10,0,1,0,1,0,4
1,20,0,0,0,0,0,0,6
2,29,19,0,0,1,0,1,1
0,1,12,0,1,0,0,0,9
2,22,2,0,0,0,1,0,8
0,26,12,0,0,1,1,0,7
1,3,4,0,0,0,0,1,7
0,24,11,1,0,0,0,0,6
0,0,4,0,0,0,1,0,2
0,5,10,0,0,0,0,0,1
2,4,18,1,0,1,0,0,0
0,6,19,0,0,1,0,0,5
1,28,9,1,0,0,0,1,0
1,7,15,0,0,0,0,0,4
2,26,10,0,0,0,1,0,3
2,17,10,1,0,0,0,0,8
0,0,2,0,0,1,0,0,1
1,25,16,0,0,0,1,0,6
0,5,18,1,0,0,0,0,7
0,26,16,0,0,0,0,1,4
2,1,8,1,0,0,0,0,4
1,1,11,1,0,0,0,0,0
2,20,0,1,0,0,0,1,8
1,14,12,1,0,1,0,1,9
0,8,16,1,0,1,0,1,4
2,2,15,0,0,0,0,0,10
2,8,1,1,0,0,0,0,10
2,24,13,1,0,1,0,1,7
2,7,0,0,0,1,1,0,5
1,27,16,0,0,0,0,0,3
1,9,12,0,0,1,0,0,10
2,26,7,0,0,0,0,0,7
0,13,14,1,0,0,0,1,10
1,22,18,1,0,0,0,0,4
2,4,14,1,0,0,0,0,3
0,17,15,0,0,1,0,1,4
1,20,17,0,0,1,0,1,10
2,18,3,0,0,1,0,1,9
1,21,15,1,0,0,1,0,4
2,0,13,0,0,0,0,0,2
2,5,0,1,0,0,0,0,6
2,28,6,0,0,0,0,0,0
0,2,11,0,0,0,0,1,5
0,21,4,0,0,0,0,1,9
0,0,0,1,0,0,0,0,0
0,26,11,1,1,0,1,0,9
0,16,16,0,0,0,0,0,7
1,10,10,1,0,1,0,0,5
0,0,13,0,0,0,0,1,4
2,28,17,0,0,0,0,1,4
0,29,12,0,0,1,0,1,0
2,0,17,0,0,0,0,1,1
0,26,4,1,0,0,1,0,9
0,12,17,0,0,0,0,1,4
0,19,14,1,0,1,0,1,0
2,21,11,1,0,0,0,1,1
0,12,14,1,0,1,0,0,9
0,27,16,0,0,0,0,1,2
0,23,11,1,0,0,0,0,9
2,25,15,0,0,1,0,1,9
0,5,15,0,0,0,1,0,7
0,25,9,0,0,0,1,0,7
0,27,7,0,0,0,0,1,4
2,6,7,1,1,0,0,0,0
1,10,15,0,0,1,0,0,7
0,4,2,0,1,0,0,1,1
2,11,13,1,0,1,0,0,10
2,2,17,1,0,0,1,0,6
0,4,14,1,0,0,1,0,0
1,26,3,0,0,0,1,0,8
2,10,12,0,0,0,0,0,6
1,9,0,0,0,1,1,0,5
1,0,11,1,0,0,0,1,4
2,10,16,0,0,0,0,0,0
2,3,0,0,0,0,0,0,4
0,12,2,1,0,0,0,0,9
1,28,3,1,0,0,0,0,8
2,23,3,1,0,1,0,0,6
2,29,7,0,1,0,0,0,3
1,25,10,0,0,0,0,1,2
0,12,18,1,0,1,0,1,5
0,23,5,0,0,1,0,0,6
2,4,17,0,0,0,0,1,8
1,12,5,1,0,0,1,0,9
1,27,6,1,0,0,0,1,8
2,8,2,0,1,0,1,0,8
2,20,7,1,0,1,0,1,2
0,26,12,1,0,0,0,0,1
2,27,18,0,0,1,0,1,8
2,3,8,1,0,0,1,0,3
1,17,6,0,0,0,0,1,3
2,11,17,1,0,1,0,1,3
2,27,9,1,0,0,1,0,4
1,28,4,1,0,0,1,0,4
0,16,3,1,0,0,0,0,3
1,27,11,0,0,1,0,0,7
1,0,2,0,0,1,0,1,8
1,29,9,0,0,0,0,0,4
1,3,7,0,0,0,0,0,10
0,21,13,0,0,0,1,0,10
1,18,6,0,0,1,0,0,0
1,22,15,1,0,0,1,0,1
1,29,11,1,0,1,0,1,1
0,8,3,1,0,0,0,0,2
0,16,14,0,0,0,0,0,1
2,17,5,0,0,0,0,1,1
1,17,3,0,0,1,0,0,3
1,16,4,0,0,0,0,1,9
2,16,15,1,0,0,0,0,2
0,9,17,0,0,1,0,0,5
0,22,1,0,0,1,0,0,1
0,4,15,0,0,0,1,0,4
1,27,5,0,0,1,1,0,9
2,23,3,1,0,0,0,1,9
2,20,15,0,0,0,1,0,2
1,18,0,1,1,0,1,0,2
1,29,11,1,0,1,0,1,6
1,26,10,1,0,1,1,0,2
0,7,1,0,0,0,1,0,1
0,8,15,0,0,1,0,1,7
0,14,6,0,0,0,0,0,9
2,25,16,0,0,0,0,0,9
0,28,11,0,0,1,0,0,10
1,0,11,0,1,0,0,1,8
1,6,2,0,0,0,0,0,10
1,26,16,0,0,1,0,1,4
1,9,19,0,0,0,0,0,5
2,15,16,0,0,0,1,0,7
1,25,4,1,0,1,0,0,2
1,28,1,0,0,0,1,0,6
1,22,3,0,0,0,0,0,4
2,16,13,1,0,1,0,0,4
1,29,3,0,0,1,0,1,9
2,11,13,0,0,0,0,0,8
1,3,12,1,0,0,1,0,3
1,25,15,1,0,0,0,1,9
1,0,13,0,0,0,0,0,6
0,27,10,1,0,0,1,0,6
1,0,0,0,0,0,0,0,5
2,23,11,0,0,0,0,1,1
2,20,10,1,1,0,0,1,8
2,18,8,1,0,1,0,0,1
1,14,8,0,0,0,0,1,5
2,13,0,0,0,1,1,0,3
0,5,1,0,0,0,0,0,2
2,25,1,0,0,1,0,1,0
1,3,18,1,0,0,0,1,10
1,18,18,0,1,0,1,0,7
2,7,15,0,0,0,0,0,3
2,22,15,1,0,0,0,1,0
0,0,16,0,0,1,1,0,3
2,15,1,1,0,1,0,0,8
2,19,11,0,0,0,0,0,5
0,6,16,1,1,0,0,0,8
1,25,8,1,0,0,0,1,8
2,3,4,1,0,0,1,0,0
0,17,15,0,0,1,0,0,10
1,2,8,1,0,1,0,1,2
1,13,4,0,0,0,0,0,7
0,21,4,1,0,1,0,1,0
1,6,7,1,1,0,0,0,9
2,17,15,0,1,0,0,0,6
0,11,15,1,0,0,0,1,1
0,28,3,1,0,0,0,1,3
2,12,18,0,0,0,1,0,4
1,20,3,0,0,0,1,0,4
0,11,11,1,0,0,1,0,7
2,17,16,0,0,1,1,0,6
2,0,18,0,0,0,1,0,1
0,18,14,0,0,0,0,0,8
1,0,14,0,0,1,1,0,5
0,6,9,0,1,0,0,1,7
2,15,10,1,0,1,0,1,10
2,10,18,0,0,0,1,0,9
0,26,0,0,0,0,0,0,0
1,6,18,1,0,0,0,1,1
1,18,7,1,0,0,0,0,5
0,28,4,0,0,1,0,1,4
1,15,14,1,0,1,0,1,7
1,27,8,0,0,0,1,0,0
1,25,14,0,0,1,0,0,7
1,23,3,0,1,0,0,1,2
1,12,11,0,0,0,1,0,6
2,18,11,1,0,1,0,0,9
2,6,14,0,0,0,1,0,2
2,2,9,1,0,0,0,1,0
1,15,4,1,0,0,0,0,8
1,0,6,0,0,0,1,0,5
1,9,3,1,0,1,0,1,6
1,25,1,1,0,0,1,0,10
1,29,6,0,0,0,0,0,7
2,12,9,0,0,0,1,0,7
2,21,8,0,0,0,0,0,5
1,16,1,0,0,1,0,1,9
1,2,19,1,0,0,1,0,3
2,23,18,0,0,0,0,0,8
1,8,17,0,1,0,0,1,10
0,17,10,1,0,0,0,1,3
1,2,14,0,0,1,1,0,0
2,5,19,0,0,1,1,0,10
0,28,6,0,1,0,0,1,3
0,6,18,0,0,0,1,0,0
1,17,6,0,1,0,0,0,5
1,11,14,1,0,0,0,0,8
1,2,4,0,0,0,0,0,3
1,24,8,1,0,1,1,0,4
1,0,2,0,1,0,0,1,0
2,16,8,1,0,1,0,0,8
1,24,0,1,0,1,1,0,8
1,20,17,0,0,0,0,1,7
0,19,10,0,0,0,0,1,10
1,0,6,1,0,0,0,0,6
1,6,9,0,0,1,0,1,10
1,25,8,0,0,1,0,0,1
0,22,11,0,0,0,0,0,2
1,18,9,0,0,0,0,0,9
2,9,8,1,0,1,1,0,6
2,21,2,0,0,0,0,1,8
2,26,8,1,0,0,1,0,4
2,14,6,1,0,0,0,0,9
2,1,2,1,1,0,1,0,8
1,29,11,0,0,0,0,0,6
2,15,7,1,0,0,0,0,0
2,25,9,0,0,1,0,0,8
2,0,16,0,0,0,0,1,10
0,10,18,1,0,0,1,0,2
1,19,5,0,1,0,1,0,4
2,9,12,1,0,0,0,0,3
1,5,15,0,1,0,0,0,1
2,0,10,0,0,1,0,0,7
1,26,8,0,1,0,0,0,3
0,4,15,0,0,0,0,0,0
0,29,12,0,0,0,0,0,2
2,5,18,1,0,0,1,0,6
1,24,13,1,0,0,0,1,5
2,11,13,1,0,1,1,0,5
2,12,17,0,0,0,1,0,7
1,24,17,0,0,1,0,1,8
2,18,19,0,0,0,0,1,8
0,17,9,0,0,0,0,1,2
2,0,17,0,0,0,0,0,4
2,5,16,1,0,1,1,0,4
2,29,15,1,0,0,0,1,10
2,17,18,1,0,1,1,0,6
1,0,12,1,0,0,0,0,9
2,4,1,0,0,1,0,0,5
0,14,2,0,0,0,0,0,3
1,3,13,1,0,1,1,0,2
1,15,13,0,0,0,0,0,5
2,16,3,1,0,0,0,1,5
2,17,6,1,0,1,1,0,7
1,5,16,0,0,0,0,0,6
2,7,17,0,0,0,0,0,5
2,26,13,0,0,0,0,1,3
0,15,7,1,0,0,0,0,9
0,0,10,0,0,0,1,0,4
0,19,7,1,0,1,0,1,1
2,3,17,0,1,0,0,0,4
0,17,0,1,0,0,0,0,7
0,11,9,0,0,0,0,0,6
1,20,8,1,0,0,0,1,10
1,13,16,1,0,0,0,0,5
2,9,8,1,0,1,0,0,2
1,9,10,0,0,0,0,0,0
2,3,16,1,0,0,0,1,2
2,10,13,0,0,0,1,0,4
3,23,10,1,1,0,0,0,13
1,12,17,2,1,0,0,0,18
3,33,14,2,0,0,1,0,19
1,37,18,1,0,0,0,0,12
4,11,26,2,1,0,1,0,12
1,32,10,1,0,0,1,0,20
1,27,23,0,1,0,1,0,17
4,10,22,2,0,1,0,0,16
4,37,24,1,0,0,0,0,20
4,39,14,0,0,0,0,1,15
4,15,23,1,0,0,0,0,20
1,14,21,2,0,0,0,0,11
2,34,21,1,0,0,1,0,12
1,16,20,2,0,0,1,0,12
3,13,25,0,0,0,0,1,11
1,39,23,0,0,0,0,0,11
4,28,22,1,0,0,0,1,12
2,26,14,2,0,0,1,0,14
2,10,25,2,0,0,0,1,14
2,39,12,2,0,0,1,0,18
4,18,19,0,0,1,0,1,16
1,29,10,0,0,0,0,0,15
1,19,10,0,0,0,0,0,13
3,38,25,2,0,0,0,1,14
1,17,10,2,0,1,1,0,15
4,13,28,0,0,0,0,0,14
1,33,18,2,0,0,0,0,17
3,38,19,0,0,0,0,0,14
4,22,20,0,0,1,0,1,12
2,35,11,2,0,0,0,0,14
3,12,22,1,1,0,0,0,19
4,28,19,0,0,0,0,0,12
2,36,29,1,1,0,0,1,20
2,16,26,0,0,1,0,0,18
2,35,22,0,0,1,1,0,13
3,31,12,1,1,0,0,0,14
3,30,17,2,0,1,1,0,17
2,30,15,2,0,0,0,0,18
3,33,25,0,0,1,0,0,19
3,14,11,0,0,0,0,1,11
4,13,20,0,0,0,0,0,11
2,28,12,0,0,0,0,1,19
3,18,29,0,0,0,0,0,20
3,27,15,2,1,0,1,0,17
2,23,10,2,0,0,1,0,20
2,26,15,0,0,1,1,0,15
3,31,16,1,0,1,0,0,16
4,15,28,0,0,0,1,0,11
1,33,26,0,0,0,0,0,12
3,25,14,1,1,0,0,0,20
1,27,26,0,0,0,0,1,16
2,33,23,1,0,0,0,0,12
3,33,10,0,0,1,0,0,15
4,39,12,0,0,0,0,0,17
2,29,10,0,0,0,0,0,12
2,33,12,2,1,0,1,0,18
4,15,13,1,0,0,0,0,11
2,21,27,1,1,0,0,0,16
3,39,20,1,0,0,0,0,19
3,30,18,0,1,0,1,0,14
1,34,21,1,1,0,0,0,13
4,28,15,0,1,0,0,0,16
1,13,21,1,0,0,1,0,19
1,13,23,1,0,0,0,1,16
1,26,28,1,0,0,0,0,16
3,31,22,2,0,0,1,0,15
4,35,20,0,0,0,0,1,13
3,10,21,2,0,0,0,1,15
4,26,11,2,0,1,0,0,19
3,38,19,0,0,0,0,0,15
3,19,28,1,1,0,0,0,12
4,21,11,2,0,0,0,0,15
2,21,21,2,0,0,0,0,14
3,24,29,2,0,0,0,1,11
1,22,26,2,1,0,0,1,18
4,15,20,2,0,0,1,0,17
2,39,25,1,0,0,1,0,19
3,39,19,0,0,1,0,0,18
3,19,12,0,0,0,0,0,12
1,33,16,2,0,0,0,0,12
4,37,26,1,0,0,0,0,12
4,26,28,2,0,0,0,1,16
2,12,12,2,0,1,0,1,15
2,30,12,2,1,0,0,1,17
2,15,11,0,0,0,0,1,11
2,17,27,0,0,0,0,1,17
3,23,19,2,0,0,1,0,13
3,19,11,2,0,0,1,0,14
2,39,15,2,0,0,1,0,17
1,31,17,2,0,0,1,0,18
3,22,17,0,0,0,0,0,12
1,12,10,1,0,0,1,0,15
1,31,28,1,0,1,0,1,18
4,21,13,2,0,0,1,0,14
1,29,27,2,0,1,0,0,18
3,25,24,2,0,1,1,0,12
2,14,26,2,0,0,0,0,19
1,17,10,1,0,0,0,0,20
1,25,26,1,1,0,1,0,13
2,35,23,1,1,0,0,0,13
3,10,28,2,1,0,0,0,16
4,15,17,1,0,0,1,0,11
2,28,12,1,0,0,1,0,20
3,18,15,1,1,0,0,0,11
4,25,25,0,0,0,0,0,12
4,28,25,0,0,0,0,1,16
2,32,23,2,0,1,1,0,13
3,36,27,0,0,1,0,0,14
2,39,26,2,0,1,1,0,11
4,11,17,0,0,1,0,1,13
1,23,16,0,0,0,0,0,12
1,24,12,1,0,1,0,1,14
2,37,23,0,0,0,1,0,12
2,39,11,0,0,0,0,1,15
1,37,11,1,0,1,0,0,15
1,25,29,0,0,1,1,0,11
2,35,20,2,0,0,0,0,20
2,31,10,1,0,0,0,0,14
3,25,15,1,0,0,0,0,20
1,23,27,0,0,0,0,0,14
2,36,11,0,0,0,0,0,18
2,21,10,0,0,1,1,0,16
3,12,20,1,0,1,1,0,20
2,14,16,1,0,0,0,0,14
1,15,22,1,0,0,0,1,16
3,13,15,2,0,0,0,0,19
1,15,14,1,1,0,0,1,18
3,32,10,0,0,0,0,0,13
1,16,10,1,1,0,0,0,14
4,35,24,1,0,0,0,0,17
2,14,25,2,0,0,0,0,15
1,26,25,2,0,0,0,0,13
3,14,27,0,0,0,0,1,17
2,14,17,2,0,0,0,1,16
1,37,22,1,0,0,1,0,20
3,29,11,0,0,0,0,0,20
1,38,20,0,0,0,0,0,20
2,29,26,0,0,0,0,0,16
2,33,15,0,0,1,0,1,14
1,16,24,2,1,0,0,0,17
4,33,12,2,0,0,0,1,13
3,33,21,2,0,1,1,0,15
3,15,18,1,0,1,0,0,19
3,16,12,2,0,0,1,0,14
2,26,25,1,0,1,1,0,16
1,10,13,1,0,0,0,1,16
1,25,21,0,0,0,0,1,12
1,18,22,2,0,0,1,0,17
4,26,24,2,0,1,0,0,12
3,15,11,0,1,0,0,1,20
4,39,15,2,0,0,1,0,20
3,18,11,0,0,1,0,0,19
2,16,13,0,0,1,0,0,16
3,33,14,0,0,0,0,1,11
4,29,18,1,0,0,0,0,12
3,13,24,2,0,0,0,0,14
3,12,28,1,0,0,1,0,18
3,23,11,1,0,0,0,0,13
1,10,28,1,0,1,0,0,20
1,12,25,2,0,0,1,0,13
3,13,18,2,1,0,0,0,14
3,29,20,1,0,0,0,0,16
3,15,20,1,0,0,0,0,15
1,34,10,0,0,1,0,0,19
4,10,24,0,0,0,1,0,19
2,36,20,2,0,0,0,1,12
2,29,23,2,1,0,0,1,14
3,13,21,2,0,0,0,0,19
2,11,28,2,0,0,0,0,13
3,21,15,1,1,0,0,0,18
2,17,22,2,0,0,0,0,11
2,10,11,0,0,1,0,0,15
1,10,21,2,0,1,0,0,16
2,25,17,2,0,0,0,0,20
4,29,19,2,0,0,1,0,11
3,21,13,0,0,0,1,0,17
2,34,29,0,0,0,1,0,14
2,18,17,0,0,0,0,1,17
3,16,20,2,0,0,0,0,13
1,13,13,2,0,0,1,0,12
1,14,11,2,0,0,0,0,14
4,21,16,1,0,1,0,0,19
4,14,24,1,0,0,0,0,13
3,36,16,2,0,1,0,0,14
3,15,21,2,0,0,0,1,13
2,27,22,2,0,0,0,0,19
4,27,11,1,0,0,0,0,19
1,18,10,1,0,0,1,0,15
3,33,12,1,0,0,0,0,20
1,32,22,0,0,0,1,0,19
3,28,17,2,0,0,1,0,12
1,31,15,2,0,1,0,0,17
4,37,24,1,1,0,0,0,15
1,33,12,2,0,0,0,1,14
2,10,28,2,0,1,1,0,17
3,25,29,0,0,1,0,0,20
2,27,22,1,0,1,0,0,19
1,39,15,0,0,0,0,0,14
1,11,16,0,0,0,1,0,18
1,39,16,2,1,0,1,0,13
1,33,23,0,0,1,0,1,17
2,11,25,2,0,0,0,0,11
4,21,10,0,0,0,0,1,20
4,27,28,1,0,0,1,0,16
3,24,15,2,0,0,0,1,15
1,28,14,2,0,0,1,0,14
2,24,22,2,0,0,0,0,20
3,33,29,0,1,0,0,1,13
3,14,27,1,0,1,0,0,15
2,11,11,1,0,0,1,0,20
3,19,29,0,0,0,1,0,18
2,25,26,0,1,0,0,0,19
1,20,27,0,0,1,0,0,12
2,28,22,0,1,0,0,1,11
2,39,27,0,0,0,0,0,14
2,30,23,2,0,0,0,0,13
4,11,10,0,1,0,0,0,11
3,12,17,0,0,1,0,1,14
3,20,21,2,0,0,0,0,19
2,31,12,0,0,0,1,0,11
4,24,27,1,0,0,1,0,12
4,33,21,1,0,0,0,0,18
3,28,27,1,0,0,0,0,12
1,32,23,0,0,0,0,1,11
2,14,14,1,1,0,1,0,12
4,18,23,0,1,0,0,0,13
1,13,19,1,0,0,0,0,11
2,30,23,2,1,0,0,0,13
1,22,13,2,0,0,0,1,12
2,21,28,0,0,1,0,0,13
4,14,21,2,0,0,0,1,14
4,23,16,0,0,1,0,0,20
1,18,20,2,0,1,0,1,18
3,38,16,0,0,0,1,0,11
4,17,10,2,0,0,0,1,12
2,29,16,2,0,0,0,1,20
1,22,17,2,0,0,1,0,13
3,29,20,2,0,0,0,1,11
4,29,25,1,0,1,0,0,19
1,31,25,0,0,0,1,0,12
2,13,10,2,0,0,1,0,11
3,15,26,2,1,0,0,0,13
4,37,21,2,0,1,0,1,15
2,37,27,1,0,0,0,1,20
3,36,25,0,0,1,1,0,11
4,23,13,1,0,0,0,0,15
3,16,12,0,0,0,0,0,20
2,24,10,2,0,0,1,0,17
1,18,17,0,0,0,0,1,20
3,28,13,2,0,1,1,0,14
4,30,25,2,0,1,0,0,20
2,19,23,2,0,0,0,1,12
4,25,27,0,0,0,0,0,15
4,24,11,2,0,0,0,1,14
1,30,18,2,0,0,0,0,19
3,19,15,1,0,1,1,0,19
3,12,29,0,0,0,0,0,12
3,38,17,1,0,0,0,0,20
4,24,26,2,0,0,1,0,20
1,39,28,2,0,0,0,0,15
2,38,20,1,0,1,1,0,16
4,17,18,1,0,0,0,0,11
1,29,28,0,0,1,1,0,18
2,28,18,2,0,0,0,0,13
2,20,24,2,0,0,1,0,17
2,30,20,0,0,0,1,0,14
2,11,29,2,0,0,0,0,17
1,19,22,0,1,0,0,1,13
2,24,14,2,0,0,0,1,18
3,28,22,1,0,0,0,0,18
4,19,22,2,0,0,0,0,12
4,11,22,1,1,0,0,1,12
2,10,17,0,0,0,0,0,18
1,36,27,1,0,0,0,0,18
1,39,14,0,0,1,0,0,13
2,24,22,2,0,1,0,0,20
4,38,12,2,1,0,0,1,16
1,27,14,2,0,0,1,0,15
1,20,23,0,0,1,1,0,13
4,31,16,1,0,0,1,0,11
3,34,19,2,0,0,0,0,13
2,23,11,0,1,0,1,0,13
4,22,12,2,0,0,0,0,16
1,11,18,2,0,0,0,0,12
4,12,10,1,0,0,0,0,13
3,27,15,2,0,0,1,0,20
4,34,13,2,0,0,0,0,13
4,39,28,1,1,0,0,1,20
3,39,12,2,0,0,0,0,13
4,12,23,2,0,0,1,0,12
1,33,21,1,0,0,0,1,11
1,24,24,2,0,0,0,1,13
1,18,26,2,0,0,0,0,20
2,17,13,2,0,1,1,0,12
2,23,10,1,0,0,0,0,18
2,34,25,0,0,1,0,0,17
2,25,25,0,0,0,1,0,14
4,16,24,0,0,0,1,0,20
2,36,11,1,0,0,1,0,15
2,34,22,0,1,0,0,0,17
4,38,15,2,0,0,0,1,20
1,17,24,2,0,0,0,0,17
3,34,24,2,0,0,1,0,11
1,22,15,2,0,1,0,1,16
4,22,29,0,0,1,0,1,11
2,37,11,2,0,0,0,1,19
1,25,27,0,1,0,0,0,17
1,37,23,2,0,0,1,0,16
3,39,10,2,0,0,0,1,15
2,39,17,0,0,0,0,1,17
4,18,26,0,0,0,1,0,17
3,37,17,0,0,1,1,0,20
4,12,11,1,0,1,0,1,20
4,33,19,0,0,0,0,1,19
1,36,14,2,1,0,0,1,13
2,26,14,1,0,0,1,0,20
1,36,27,2,0,0,0,1,20
2,36,12,1,1,0,1,0,14
2,38,24,1,0,0,1,0,12
1,25,13,1,0,0,0,0,16
4,38,11,1,0,0,1,0,14
2,31,14,2,0,0,0,0,19
4,27,12,0,0,0,0,0,15
2,34,14,1,1,0,0,0,11
3,10,26,2,0,0,0,0,20
2,24,14,2,0,0,0,1,15
3,39,24,0,0,0,0,0,11
2,14,13,1,0,0,0,0,15
4,30,28,0,0,0,0,1,13
2,31,13,2,0,0,1,0,11
4,15,10,0,0,0,0,0,14
3,24,21,2,0,0,0,1,20
4,22,11,1,0,1,0,0,18
1,16,14,1,0,1,0,1,15
2,34,28,0,0,1,0,0,19
3,24,29,2,0,0,0,0,16
3,33,24,1,0,0,0,0,19
1,10,14,0,1,0,0,0,14
2,12,23,0,1,0,0,0,16
4,37,12,0,1,0,0,0,17
1,39,17,1,0,0,0,0,20
2,11,20,1,0,0,0,0,15
4,12,18,0,0,0,1,0,14
4,32,27,0,0,0,0,0,12
2,35,12,0,0,0,0,1,17
1,16,17,2,0,0,1,0,12
2,22,24,1,1,0,0,0,18
3,33,19,1,0,0,0,0,14
4,37,27,0,0,0,1,0,15
1,12,16,0,0,0,0,1,17
2,16,20,1,0,0,0,1,15
2,29,17,1,1,0,0,0,18
3,32,20,1,1,0,0,1,16
3,24,19,0,0,0,0,0,16
3,23,12,1,0,1,0,0,20
2,15,21,0,0,0,0,1,12
3,16,19,2,0,1,0,1,12
2,34,23,0,0,0,0,1,18
4,31,12,1,0,0,0,0,12
2,35,20,1,0,1,0,0,17
4,14,16,0,0,1,0,0,16
4,12,17,1,0,0,0,0,19
1,13,13,1,0,0,0,0,20
4,17,13,0,0,1,0,0,17
1,11,29,0,0,0,0,0,12
3,22,29,0,1,0,0,0,17
4,37,23,1,0,0,0,0,14
4,24,29,0,0,0,0,0,12
1,18,22,1,0,1,0,0,17
1,15,18,2,0,0,0,0,15
3,27,20,2,0,0,1,0,13
1,29,14,0,0,1,0,0,18
2,15,25,1,0,0,1,0,13
3,23,23,0,0,0,1,0,16
4,27,18,1,0,0,0,1,19
2,13,29,1,1,0,0,0,12
1,15,14,1,0,0,0,1,11
3,21,10,1,0,0,0,0,19
2,30,14,1,0,0,0,1,14
4,31,22,1,0,0,0,1,16
2,13,25,1,0,0,1,0,20
1,19,24,0,0,0,0,0,18
1,31,10,2,1,0,1,0,18
3,27,11,2,0,1,0,0,19
2,21,13,0,0,0,1,0,15
2,37,27,2,1,0,0,0,13
4,17,23,0,1,0,0,0,12
4,13,17,1,0,1,0,0,15
1,29,18,2,1,0,0,1,14
1,12,23,2,0,1,0,0,18
1,12,16,2,0,0,0,1,13
3,38,10,0,0,0,1,0,11
4,30,22,1,0,1,0,0,14
1,28,16,1,0,0,0,0,19
1,27,25,1,0,1,0,0,20
1,30,17,0,0,0,0,1,12
1,15,19,0,1,0,1,0,18
4,35,15,0,0,0,0,0,17
1,19,17,0,0,1,1,0,11
3,15,14,0,0,0,0,0,20
2,27,13,1,0,0,0,1,11
3,14,23,0,0,0,0,0,19
3,26,20,1,0,0,0,1,12
1,21,25,0,0,0,0,0,16
4,27,16,0,0,0,0,0,18
3,39,26,1,0,0,0,0,17
4,36,11,2,1,0,1,0,13
3,29,20,2,0,0,0,0,13
1,32,20,0,1,0,0,0,15
2,13,29,2,0,0,0,1,15
4,30,21,1,0,0,0,0,18
4,14,23,1,0,1,0,0,17
1,10,13,0,1,0,0,0,18
2,18,21,1,1,0,0,0,15
4,20,25,1,0,0,0,0,17
1,29,23,1,0,0,0,0,19
4,38,17,2,0,0,1,0,17
1,15,22,0,0,0,0,0,19
4,20,19,2,0,0,1,0,15
4,17,18,1,0,1,1,0,19
4,37,25,2,0,0,0,1,20
1,15,16,1,1,0,0,1,13
4,23,20,2,0,1,0,1,19
2,21,10,0,0,1,0,1,19
3,23,27,0,0,0,0,0,11
3,23,28,0,0,0,0,0,15
2,15,11,2,0,1,1,0,18
3,13,28,0,0,0,0,0,13
4,26,15,0,0,1,0,1,13
4,34,19,0,0,0,0,1,14
2,24,22,1,1,0,0,1,13
4,28,29,0,0,0,0,0,13
3,33,21,0,0,1,0,1,20
2,12,26,2,0,1,1,0,20
3,21,15,2,0,1,0,0,16
2,36,28,2,0,0,1,0,14
2,11,13,2,0,0,0,0,20
1,16,29,2,0,0,0,0,20
4,35,22,0,0,0,1,0,15
4,24,26,0,0,1,0,0,11
1,15,18,1,0,0,0,1,14
3,20,27,2,0,0,1,0,18
2,24,24,2,0,0,0,0,15
4,18,18,0,0,0,0,1,15
1,16,25,2,0,0,0,1,18
1,32,16,0,1,0,0,0,20
1,14,10,2,1,0,0,1,13
1,33,26,2,0,0,1,0,12
2,14,28,1,0,1,1,0,17
2,17,21,0,0,0,0,0,20
2,23,11,0,0,1,0,1,16
3,24,27,1,0,0,1,0,16
2,11,20,2,0,0,0,0,16
2,24,24,1,0,0,0,0,12
3,22,14,2,0,0,0,0,19
1,24,28,2,0,0,0,0,19
3,24,29,1,0,1,0,0,13
2,23,13,0,0,0,0,0,11
2,10,23,0,0,0,0,0,16
4,29,11,1,1,0,1,0,19
2,24,25,1,0,0,0,0,15
1,37,26,1,0,0,0,0,18
3,33,18,0,0,0,0,0,19
4,38,20,2,0,0,0,0,20
2,25,10,0,1,0,1,0,16
4,11,15,0,0,0,0,0,19
1,29,23,1,1,0,0,0,13
1,15,14,2,0,0,0,1,13
4,29,29,2,0,1,1,0,12
4,38,14,1,1,0,0,1,11
2,33,15,0,0,1,0,1,12
4,35,29,0,0,0,0,0,20
1,21,28,1,0,0,1,0,18
1,19,22,0,0,0,0,0,11
3,23,26,2,0,0,0,0,20
1,13,24,0,0,0,0,0,13
2,34,23,0,0,0,0,0,13
4,22,12,0,1,0,0,0,15
4,29,16,2,0,0,0,1,11
3,25,12,1,1,0,1,0,12
2,10,29,2,0,1,0,0,13
2,10,14,2,0,0,1,0,17
1,10,26,2,0,1,0,0,12
3,25,27,2,0,1,1,0,12
3,21,13,2,0,0,0,1,17
2,20,19,2,1,0,1,0,11
2,16,11,2,1,0,0,0,18
3,30,27,0,0,0,0,0,18
3,22,25,1,0,1,0,0,16
3,23,15,1,0,0,0,1,16
2,15,27,1,0,0,0,0,14
2,11,23,0,0,0,0,0,15
4,29,18,0,0,1,0,0,14
2,15,24,1,0,0,0,1,14
4,31,13,2,0,0,0,0,17
1,37,17,0,0,0,0,0,19
2,28,22,1,0,0,1,0,19
2,22,18,0,0,0,0,1,11
3,38,15,2,0,0,0,0,20
4,33,11,2,0,1,0,0,16
3,27,29,1,0,0,0,0,15
2,28,13,0,0,1,0,0,16
3,34,23,1,1,0,0,0,15
2,24,14,1,0,1,0,1,16
1,17,16,2,0,0,0,0,11
1,13,10,1,0,0,0,0,18
4,26,13,1,1,0,0,1,19
1,14,20,0,1,0,1,0,11
3,10,14,2,0,0,1,0,18
4,10,18,1,0,0,0,1,14
4,29,15,1,0,0,0,0,14
1,32,25,2,0,1,0,0,16
1,33,14,2,1,0,0,0,15
1,22,10,0,0,0,0,0,18
2,10,14,2,0,0,0,1,14
4,13,10,1,0,0,0,0,19
2,37,29,2,1,0,0,1,14
1,19,13,1,0,0,0,0,13
3,35,13,2,0,0,1,0,14
1,32,20,2,0,0,0,0,17
2,27,28,2,0,1,0,0,16
4,33,18,1,0,1,0,0,15
1,31,25,0,0,0,1,0,19
1,18,14,2,1,0,1,0,17
4,11,17,1,0,1,1,0,12
1,27,13,1,0,0,0,0,17
2,38,20,1,0,1,0,0,20
1,33,20,1,0,0,0,0,13
3,39,20,1,0,0,0,0,17
2,32,11,0,0,0,1,0,14
1,23,10,2,0,0,0,1,18
3,12,20,2,0,1,0,0,16
1,27,12,2,0,0,0,0,17
1,16,10,2,0,0,0,0,18
4,18,22,1,0,0,0,0,12
4,29,10,0,0,0,0,1,15
1,28,15,0,1,0,0,0,12
2,38,10,0,0,0,0,1,17
2,25,10,2,0,0,0,1,20
3,37,28,1,0,0,1,0,13
3,29,24,2,0,0,0,1,16
2,21,28,1,0,0,0,1,12
2,26,27,2,1,0,0,0,16
1,21,24,1,1,0,0,0,20
4,37,24,1,0,0,0,0,14
1,34,27,2,0,0,0,0,16
1,10,21,2,0,0,0,0,15
3,31,21,1,0,1,0,0,16
1,38,23,2,0,1,0,1,11
4,18,11,0,0,0,1,0,12
4,14,17,0,0,0,0,0,15
2,30,15,2,1,0,1,0,13
3,36,20,2,0,0,0,0,17
4,30,18,0,0,0,0,0,17
2,19,23,1,0,0,0,0,12
1,27,16,2,0,0,0,0,17
1,13,16,0,1,0,0,1,16
3,38,29,1,0,0,1,0,18
2,16,16,1,0,0,0,0,19
2,10,17,0,0,0,0,0,12
1,38,27,1,0,0,0,0,18
1,39,22,0,0,1,1,0,18
2,25,15,0,0,0,0,0,19
1,18,16,2,1,0,0,1,13
4,30,14,2,0,1,0,0,15
1,36,15,1,0,1,0,0,11
4,32,24,0,0,0,0,0,20
2,18,13,1,0,0,0,0,11
2,14,27,1,0,0,0,0,19
3,39,26,0,0,0,0,1,11
1,21,17,0,0,0,1,0,19
3,24,17,2,0,0,0,0,15
1,36,10,1,0,0,0,0,17
1,36,18,0,0,0,0,0,14
3,25,12,2,0,0,1,0,20
4,28,12,2,0,0,0,0,14
4,37,16,0,0,0,0,0,15
1,39,11,1,0,1,0,0,17
4,11,23,1,0,0,0,1,14
3,16,26,0,1,0,0,0,19
4,39,13,1,1,0,0,0,11
3,30,17,1,0,0,0,1,20
1,11,19,1,0,1,0,0,12
2,38,17,1,0,0,0,0,16
2,17,20,0,0,0,0,1,20
1,21,13,1,0,0,0,0,17
1,38,11,0,0,0,0,0,16
1,12,12,1,0,1,0,1,11
1,10,13,2,0,0,1,0,20
4,22,22,2,0,0,0,0,15
4,34,20,1,1,0,0,0,16
3,22,25,1,0,0,1,0,18
3,29,24,2,0,0,0,1,13
2,33,16,0,0,0,0,0,20
4,16,14,0,1,0,0,1,12
4,13,11,0,0,0,1,0,20
3,35,22,2,0,0,0,0,15
3,19,18,2,0,0,0,0,18
4,17,15,1,0,0,1,0,17
2,21,16,1,0,1,0,1,14
1,38,12,2,0,1,1,0,11
3,32,10,0,1,0,1,0,19
1,16,22,0,0,1,0,1,16
3,22,12,0,0,0,1,0,17
1,35,25,0,1,0,1,0,14
4,36,25,2,0,0,0,0,17
2,37,13,1,0,0,0,0,13
2,12,16,2,0,0,0,1,12
4,26,20,2,0,0,0,1,19
4,28,26,2,0,0,0,1,11
4,30,22,0,1,0,0,0,13
2,13,13,0,1,0,0,1,19
4,15,19,2,1,0,0,0,12
2,29,29,1,1,0,1,0,16
2,29,28,2,0,0,0,1,15
1,34,10,2,0,0,0,0,14
1,35,17,2,0,0,0,0,12
1,23,18,0,0,0,0,0,17
4,38,26,0,0,0,0,0,20
3,37,14,0,0,0,0,1,16
3,17,19,1,0,0,1,0,13
4,16,15,1,0,0,0,1,15
4,22,27,1,0,0,0,0,17
4,24,21,0,0,0,1,0,16
3,28,13,1,0,0,0,0,12
3,35,20,2,0,0,0,0,20
2,14,29,2,0,0,0,0,15
1,22,12,2,0,1,0,0,12
1,34,13,0,0,0,0,1,13
4,36,24,2,0,0,1,0,14
3,38,28,0,1,0,1,0,12
1,13,19,2,0,0,0,0,16
4,19,12,1,0,0,1,0,11
2,17,29,1,0,0,0,0,11
3,18,25,2,0,0,0,0,19
3,32,14,2,0,0,0,0,15
4,13,27,2,0,0,0,0,14
4,27,16,2,0,0,0,0,20
3,24,23,0,0,1,0,0,18
1,39,21,2,0,1,0,1,13
3,13,17,1,0,0,1,0,18
2,12,14,1,0,0,0,0,14
2,38,26,2,0,0,0,1,14
1,16,20,2,0,1,0,1,11
4,23,29,1,0,0,0,0,14
3,23,13,2,0,0,0,1,17
2,21,29,2,1,0,0,0,19
2,11,13,0,0,0,0,1,11
3,28,13,1,0,0,0,1,13
2,23,20,1,0,0,0,0,20
4,26,29,1,0,0,0,0,18
2,32,21,2,0,0,1,0,11
3,31,14,0,0,0,1,0,13
2,10,13,0,0,0,0,0,15
2,18,12,1,1,0,0,1,16
3,11,20,2,0,1,0,0,15
1,37,27,1,0,0,0,0,14
1,23,12,2,0,0,0,1,18
2,26,14,2,0,0,0,0,14
1,34,19,2,1,0,0,1,18
1,38,20,0,0,0,0,0,12
2,20,12,1,0,0,1,0,14
4,27,25,2,0,0,1,0,11
3,13,13,2,1,0,1,0,15
2,39,23,1,0,0,0,0,15
3,21,11,2,1,0,1,0,17
3,17,10,0,0,0,0,1,11
3,37,15,2,0,0,0,0,19
4,19,26,2,0,0,0,1,15
2,30,10,0,0,1,0,0,18
4,32,11,2,1,0,0,1,19
3,23,24,2,0,1,1,0,19
4,22,15,2,0,1,1,0,15
1,31,29,0,0,0,0,0,20
2,29,14,0,0,0,1,0,17
1,39,19,0,0,0,0,0,11
3,12,16,1,0,0,1,0,13
4,34,16,2,0,0,0,1,19
2,34,13,0,0,0,0,0,15
4,33,29,0,0,1,0,1,15
3,32,11,1,0,0,1,0,12
3,21,16,2,1,0,0,0,13
2,32,15,1,0,1,0,1,20
1,21,15,1,0,0,0,0,20
3,10,28,2,0,1,1,0,13
2,27,10,2,0,1,0,0,11
3,37,15,2,0,1,1,0,19
3,14,13,1,0,0,1,0,15
1,16,21,0,0,0,0,0,14
3,37,14,2,1,0,0,0,18
4,37,15,1,0,0,1,0,15
2,31,18,2,0,1,0,0,17
4,34,15,2,0,0,1,0,12
4,24,11,0,1,0,0,1,16
2,27,21,1,0,1,0,1,14
1,33,23,0,0,0,0,0,13
3,35,13,2,0,0,0,1,13
2,11,23,2,0,0,0,1,19
2,28,28,1,0,0,0,1,19
2,32,14,2,1,0,1,0,16
3,27,20,1,0,0,0,0,13
3,16,10,2,0,0,0,0,18
1,34,24,2,0,1,0,0,19
3,24,23,2,0,0,0,0,13
2,24,25,1,0,0,0,1,20
2,15,23,0,0,0,0,0,13
2,26,14,1,1,0,1,0,17
3,16,26,1,1,0,0,1,20
1,39,17,1,0,1,0,0,17
4,21,24,1,1,0,0,0,20
3,29,24,2,0,0,1,0,15
1,27,26,0,0,0,0,0,19
3,37,12,2,0,0,0,0,20
3,23,19,0,0,1,0,1,20
1,16,16,2,0,1,1,0,14
1,21,13,1,1,0,0,0,19
2,20,22,1,0,0,0,0,17
1,24,22,1,0,1,0,0,15
1,19,10,1,0,1,1,0,20
1,27,12,2,0,0,0,0,12
2,26,21,0,0,0,0,0,18
2,36,15,0,0,1,1,0,11
3,20,28,0,0,0,0,0,15
3,36,17,0,0,1,0,0,17
3,16,27,2,0,0,0,0,14
1,18,28,0,0,1,1,0,18
4,34,14,2,0,1,1,0,14
4,38,12,2,0,0,0,1,16
2,38,13,1,0,0,0,0,20
4,33,11,2,0,0,0,1,15
3,35,24,2,0,0,0,1,13
2,30,13,1,0,0,0,0,20
4,21,29,0,1,0,0,0,11
1,33,29,1,0,0,0,0,17
2,31,26,1,0,1,0,0,16
3,37,29,2,0,0,0,0,12
2,26,27,2,0,0,0,1,14
1,15,28,2,0,1,1,0,19
1,12,29,2,0,0,1,0,16
1,38,26,0,1,0,0,1,19
1,17,20,2,0,0,1,0,18
4,34,29,0,0,0,0,1,13
1,24,12,2,0,0,1,0,17
4,34,10,0,0,0,1,0,20
1,34,14,0,1,0,0,0,15
3,14,28,1,0,0,0,0,16
3,25,15,1,0,0,1,0,16
4,35,28,1,0,0,0,0,20
3,31,19,0,0,0,0,0,17
2,20,14,1,0,0,0,0,17
4,23,28,0,0,0,0,0,15
4,16,25,0,0,0,0,1,11
1,19,22,0,0,0,1,0,12
4,23,28,1,0,0,0,0,12
1,29,28,2,0,1,0,0,15
2,25,22,1,0,0,0,1,12
1,19,11,1,0,0,0,1,12
4,31,11,0,0,0,0,0,16
1,26,29,1,0,0,0,0,19
2,34,26,0,0,0,1,0,18
2,39,18,1,1,0,0,0,14
4,18,12,2,0,0,0,0,12
1,29,24,2,0,0,0,1,19
4,17,18,1,0,0,0,0,16
1,22,26,0,0,0,0,0,17
2,16,18,1,0,0,0,1,16
4,37,14,2,1,0,0,0,14
2,20,20,2,0,0,0,0,17
1,27,17,2,0,1,0,1,11
2,13,21,1,0,0,0,0,12
2,21,13,0,0,0,1,0,17
2,33,24,2,0,0,1,0,19
4,27,18,0,1,0,1,0,15
3,21,20,2,0,0,0,1,12
2,13,15,0,0,1,0,0,14
2,33,16,0,0,1,1,0,14
2,10,22,1,0,0,0,0,17
4,26,12,2,0,0,0,1,15
3,34,22,1,0,0,1,0,13
2,12,20,2,0,0,1,0,13
1,21,21,1,0,0,1,0,19
2,31,14,2,0,0,0,0,13
1,13,29,2,0,0,0,0,13
4,31,29,2,0,0,0,0,15
3,39,17,2,0,0,0,0,18
4,25,21,1,1,0,1,0,17
3,33,22,2,0,0,1,0,12
3,38,13,0,0,0,0,0,19
1,37,29,1,1,0,0,1,11
1,27,20,2,0,0,1,0,11
4,32,25,1,0,0,0,0,17
4,28,28,0,1,0,1,0,14
3,33,27,1,0,1,1,0,11
3,27,20,2,0,1,0,1,11
1,10,17,0,0,0,0,1,19
4,28,14,2,0,0,0,1,19
3,24,20,1,0,0,0,1,14
4,38,27,2,0,0,0,0,18
2,23,10,1,0,0,1,0,20
2,33,29,0,0,0,0,0,14
1,16,23,2,0,0,0,1,11
3,28,23,2,0,1,0,0,12
2,20,12,2,0,1,0,1,15
2,30,23,0,0,0,0,0,17
2,24,12,0,1,0,1,0,12
1,28,19,0,0,0,0,0,12
1,25,27,0,0,0,1,0,20
2,12,25,2,0,0,0,0,14
1,16,29,0,0,0,1,0,17
4,11,22,0,0,0,0,0,18
4,21,25,2,0,0,0,0,13
3,23,22,0,0,1,0,0,15
3,11,15,2,0,1,0,0,16
3,14,17,2,0,0,0,1,16
1,30,27,1,0,1,0,0,19
3,36,18,1,0,1,0,0,18
2,29,21,1,0,0,1,0,18
2,28,10,2,1,0,1,0,18
2,33,15,1,0,0,0,0,16
4,20,26,1,0,0,1,0,19
1,20,20,0,0,0,0,0,12
4,30,28,0,0,0,0,1,12
4,33,23,1,0,1,0,1,18
3,24,23,2,0,0,0,0,14
3,31,15,0,0,0,1,0,11
4,21,19,1,0,0,1,0,14
3,38,26,2,0,1,1,0,20
2,15,28,0,0,0,1,0,16
1,24,21,1,0,0,0,1,16
1,23,18,1,0,0,1,0,12
3,30,29,1,0,1,1,0,12
4,35,10,2,0,1,0,0,18
3,16,17,0,0,0,0,1,18
2,26,26,1,1,0,0,1,18
4,22,10,2,0,0,0,0,13
4,29,28,2,0,1,0,0,18
3,28,13,0,0,0,0,0,17
3,37,25,0,1,0,1,0,11
2,39,23,1,0,0,0,1,15
3,36,23,0,0,0,0,1,20
4,28,24,0,0,0,1,0,16
2,23,25,1,0,1,0,0,15
4,16,10,2,0,0,0,1,14
2,35,16,0,0,0,0,1,17
1,34,18,1,0,0,0,0,14
3,24,19,0,1,0,1,0,14
1,35,29,0,0,0,1,0,13
1,27,19,1,0,0,0,0,13
4,26,12,0,1,0,0,1,19
4,21,11,1,1,0,0,0,15
4,16,25,2,0,0,0,1,20
4,18,21,1,0,0,0,0,20
1,20,22,0,0,0,1,0,11
3,30,22,2,1,0,1,0,12
3,19,13,0,0,0,0,0,13
3,14,11,2,0,0,0,1,20
1,38,14,0,0,0,0,0,19
3,10,27,0,0,1,0,0,12
1,36,26,1,0,0,1,0,18
4,32,10,1,0,0,0,1,19
1,22,28,0,0,0,1,0,13
2,35,13,1,0,0,0,0,20
3,20,18,0,0,0,0,1,16
4,14,17,0,0,0,0,1,12
3,37,12,1,0,1,1,0,11
3,10,27,0,0,0,0,0,20
4,25,17,1,0,0,0,1,13
3,15,16,0,0,0,0,0,19
2,13,22,0,0,1,0,0,12
2,32,13,0,0,0,0,0,18
1,32,28,2,0,0,0,1,19
1,36,16,2,1,0,0,0,12
2,15,16,1,0,0,1,0,11
3,26,26,0,1,0,0,0,14
4,10,18,0,1,0,0,0,13
2,35,12,2,0,0,0,0,18
2,21,10,1,0,0,0,0,20
2,20,13,1,0,0,0,1,11
3,36,10,2,0,1,0,0,12
1,31,27,2,1,0,1,0,14
2,20,26,0,0,0,1,0,13
1,11,27,0,0,0,0,0,19
2,18,18,2,0,0,0,0,19
1,23,21,2,0,0,0,1,16
3,18,29,0,0,1,0,0,16
1,21,22,2,0,1,0,1,16
2,34,18,1,0,0,1,0,17
1,31,28,1,0,1,1,0,16
4,22,22,0,1,0,0,1,18
4,36,29,2,0,0,0,0,11
2,38,15,1,0,0,0,0,17
2,38,16,0,0,0,0,0,17
4,17,19,0,0,0,0,1,17
3,21,14,2,0,1,1,0,16
2,23,14,1,1,0,0,0,17
3,15,22,2,0,1,0,0,11
4,24,14,2,0,0,0,0,17
3,20,10,0,1,0,0,0,20
1,26,29,1,1,0,0,0,18
3,31,25,0,0,0,0,1,15
4,33,24,0,1,0,1,0,19
4,34,26,0,0,0,1,0,12
3,21,15,1,0,0,0,0,19
3,23,23,1,1,0,0,0,17
4,21,20,0,0,0,0,1,11
2,21,22,0,0,1,1,0,18
1,16,28,2,0,0,0,1,14
4,25,27,1,0,0,1,0,13
2,16,13,2,0,1,1,0,12
3,27,21,0,0,1,1,0,13
2,25,28,2,0,0,0,0,17
2,28,18,2,1,0,0,1,13
3,34,24,0,0,0,0,1,16
4,27,13,2,0,0,0,1,12
2,16,10,0,0,0,0,0,14
1,31,11,0,0,0,1,0,15
1,10,12,1,1,0,0,0,13
4,13,21,1,0,0,0,0,18
1,32,19,2,0,1,0,0,18
1,26,25,2,0,1,0,0,14
4,11,14,1,1,0,1,0,20
4,31,26,0,0,1,0,1,12
3,29,19,2,0,1,1,0,15
4,25,22,2,1,0,0,0,16
2,11,11,0,0,0,0,1,13
4,39,27,2,0,1,1,0,15
2,27,20,0,1,0,0,0,11
3,24,15,0,0,1,1,0,19
2,24,24,1,0,0,0,0,15
2,27,21,2,0,0,0,1,11
3,37,13,0,0,0,0,1,14
2,18,23,2,1,0,0,0,11
4,35,25,0,0,0,0,0,19
4,17,19,2,0,1,1,0,19
1,23,15,1,0,1,0,0,17
4,31,13,1,0,1,0,0,16
3,13,29,2,0,0,0,1,15
1,33,27,2,0,0,1,0,15
2,15,19,0,0,0,0,1,14
1,34,21,2,0,0,0,0,11
1,33,28,0,1,0,1,0,13
1,26,22,2,0,1,0,0,18
2,16,24,2,0,0,0,0,17
3,38,22,1,0,0,0,1,11
1,29,16,1,0,0,1,0,14
2,38,14,2,0,0,0,0,17
4,16,28,0,1,0,0,0,12
2,23,22,0,0,1,1,0,16
2,27,14,2,0,0,1,0,19
1,33,27,1,0,0,0,0,20
3,38,23,2,1,0,0,1,17
3,37,29,2,0,0,1,0,16
4,21,16,0,1,0,0,1,13
2,14,19,0,0,0,1,0,12
2,11,18,1,0,0,0,0,17
1,10,18,1,0,0,1,0,18
3,31,17,0,0,0,0,0,18
4,12,21,1,0,0,1,0,14
4,19,10,1,1,0,0,1,19
3,19,18,0,0,0,0,0,18
2,33,15,1,0,1,1,0,20
2,14,20,0,0,0,1,0,13
3,15,28,0,0,0,1,0,17
3,15,23,2,0,0,0,0,13
4,28,24,0,1,0,1,0,14
1,18,16,0,0,0,0,0,16
2,26,13,1,0,0,1,0,20
3,37,19,1,0,0,0,0,18
3,11,19,2,1,0,0,1,12
4,39,14,0,0,0,0,1,17
3,31,13,1,0,0,0,1,13
3,19,17,2,0,0,1,0,15
1,21,26,1,0,0,1,0,12
3,19,22,1,0,0,0,1,13
3,20,14,0,0,1,0,1,19
4,13,12,2,0,0,0,1,18
1,32,23,2,0,1,0,0,18
1,23,28,0,0,0,1,0,11
1,32,24,0,1,0,0,1,14
2,22,28,2,0,1,0,1,14
1,30,24,0,0,0,0,0,14
1,18,20,1,1,0,1,0,18
4,23,17,0,0,0,1,0,20
4,32,18,0,0,1,0,0,20
4,31,17,2,0,1,0,0,11
1,37,15,1,1,0,0,0,12
1,32,11,1,0,1,0,0,12
2,33,25,2,0,0,1,0,17
4,20,18,1,0,0,0,0,11
3,34,10,0,0,0,0,1,12
3,31,12,0,0,0,1,0,15
3,16,18,0,1,0,0,0,16
3,38,10,1,0,1,1,0,14
4,13,23,1,0,0,0,0,11
4,39,25,2,0,0,0,0,16
4,13,29,1,0,0,0,0,14
3,22,18,1,0,0,1,0,13
4,29,19,2,1,0,1,0,11
2,35,25,1,0,0,0,1,13
4,32,27,1,0,0,1,0,16
3,43,39,3,0,0,0,0,22
4,24,20,2,1,0,1,0,27
4,20,38,2,1,0,0,0,23
3,36,25,3,1,0,1,0,30
6,31,36,0,0,0,1,0,26
5,24,24,2,0,1,0,0,30
2,33,21,0,1,0,0,0,26
2,37,22,0,0,0,0,0,26
2,45,39,0,0,0,0,0,21
6,47,34,3,0,0,0,1,25
3,36,20,2,1,0,0,1,22
5,26,31,2,0,1,0,0,29
2,48,31,2,0,0,0,0,29
6,30,35,0,0,0,0,0,25
6,30,32,3,0,1,0,0,26
3,26,23,3,0,0,0,1,22
2,21,34,0,0,0,0,0,24
5,29,20,0,0,0,0,0,30
3,23,29,2,0,0,1,0,22
2,46,26,2,1,0,1,0,25
2,33,22,1,0,0,0,1,29
4,36,25,0,0,0,0,1,30
3,27,22,2,0,0,1,0,23
3,35,24,2,0,0,1,0,25
4,21,26,1,0,0,0,0,27
3,39,22,0,0,0,0,0,24
5,23,38,0,0,1,1,0,24
5,29,37,3,0,0,1,0,26
3,28,23,2,0,0,0,1,27
2,32,37,1,0,0,0,0,25
5,34,24,3,0,0,0,1,23
4,23,28,3,0,0,0,0,23
6,31,24,0,0,0,0,0,24
5,38,33,1,0,0,0,0,28
4,36,27,1,0,0,1,0,22
5,25,27,2,0,0,0,1,29
5,48,31,0,0,0,0,1,23
5,33,39,3,0,0,0,1,28
3,38,27,3,0,0,0,1,29
6,48,35,0,0,0,0,0,21
3,30,22,0,1,0,0,0,24
6,34,27,3,0,1,1,0,23
6,22,22,0,0,0,0,0,30
4,35,22,3,0,0,0,0,28
3,45,28,2,0,0,1,0,29
6,40,35,3,0,1,0,0,26
6,40,33,2,1,0,1,0,25
3,30,34,1,0,0,1,0,23
6,48,22,0,0,0,1,0,22
4,40,26,2,0,0,1,0,26
3,38,33,0,0,0,1,0,29
5,41,25,3,0,1,0,1,21
5,29,24,1,0,0,1,0,22
3,30,35,2,0,1,0,0,23
5,49,28,3,0,0,0,0,29
3,27,22,1,1,0,0,0,23
4,37,20,2,0,0,1,0,30
6,34,31,1,0,0,0,0,27
4,44,26,3,0,0,0,0,28
5,34,36,2,0,0,1,0,23
3,30,24,3,0,0,0,0,25
4,20,33,0,0,0,0,0,25
3,42,33,0,0,0,0,0,21
4,32,32,3,0,1,0,1,24
4,29,38,0,0,0,0,0,26
2,20,28,1,0,0,0,0,27
2,35,36,0,0,1,0,1,21
3,47,24,1,0,0,0,0,22
4,24,34,2,0,0,1,0,25
5,25,28,1,1,0,0,1,28
3,30,22,1,1,0,0,0,25
5,49,39,1,1,0,0,1,24
5,20,30,1,0,1,0,0,22
2,23,21,1,1,0,1,0,28
2,30,21,3,1,0,1,0,25
4,43,26,3,0,1,0,0,22
5,26,38,3,1,0,0,0,22
6,49,35,3,0,0,0,1,29
2,39,39,1,0,0,0,0,30
3,24,27,0,0,1,0,0,24
6,26,39,3,0,0,1,0,25
5,29,25,3,0,0,0,0,30
6,33,27,0,0,0,0,0,28
3,38,28,0,0,0,0,0,27
3,26,36,2,0,0,0,1,29
6,22,39,0,0,0,0,0,30
5,46,20,0,1,0,0,0,29
4,21,36,3,0,0,0,1,30
4,38,33,0,0,0,1,0,25
2,43,20,1,0,0,1,0,24
4,29,33,1,0,0,0,1,28
3,23,34,1,0,0,1,0,25
2,22,38,1,0,0,0,1,21
2,39,24,0,0,1,0,0,23
3,49,38,1,0,1,0,0,28
4,29,25,2,0,1,1,0,26
3,37,20,1,0,1,1,0,23
2,31,35,1,0,0,0,0,27
6,46,30,1,0,0,0,0,21
2,28,37,1,0,0,0,1,26
6,37,39,1,0,0,1,0,29
6,38,38,2,0,0,0,1,25
3,37,25,3,0,0,0,0,29
2,35,27,2,0,0,1,0,22
6,40,36,2,0,0,0,1,22
4,23,36,0,0,0,0,0,23
3,27,29,0,0,0,1,0,23
6,32,36,3,0,0,1,0,25
3,34,21,0,0,0,1,0,27
4,46,34,3,0,0,0,0,25
5,39,39,0,1,0,1,0,23
5,22,35,3,0,0,0,0,27
3,29,23,2,0,0,0,0,21
2,43,20,1,1,0,0,0,27
2,39,33,0,0,0,0,0,27
6,41,30,0,0,0,0,0,27
6,20,37,3,0,1,0,1,22
6,25,25,0,0,0,0,1,29
3,46,37,3,0,0,1,0,29
6,40,27,2,0,0,0,0,27
5,49,21,1,1,0,0,0,30
4,40,24,0,0,0,0,1,22
3,36,20,3,0,0,1,0,29
2,39,21,0,0,1,0,0,30
4,46,23,3,1,0,1,0,23
4,35,39,1,0,0,0,1,25
2,26,24,1,0,0,0,1,23
4,41,28,1,0,0,0,0,24
3,43,37,0,0,0,0,0,25
2,36,33,0,1,0,0,1,28
3,42,34,1,0,0,1,0,25
5,34,25,0,0,0,0,0,24
6,36,30,2,0,0,0,0,23
4,34,29,0,0,0,1,0,30
6,33,37,1,0,1,0,1,28
3,32,22,0,0,0,0,0,28
6,35,24,2,0,0,0,0,23
4,24,39,0,0,0,0,0,26
2,30,20,0,1,0,0,0,29
5,45,22,3,0,1,1,0,27
6,27,27,3,0,0,0,0,22
2,44,20,1,0,0,1,0,23
2,21,39,2,0,0,0,0,30
6,23,20,3,0,0,0,0,28
3,29,31,2,0,0,0,0,21
5,47,30,2,0,0,0,0,25
2,23,21,2,1,0,1,0,22
6,37,39,0,1,0,0,1,24
6,45,24,1,0,0,0,1,21
2,23,31,2,1,0,0,1,29
4,31,23,2,0,0,0,0,22
3,33,31,3,0,0,1,0,27
2,39,35,1,0,0,0,0,26
5,49,26,3,1,0,0,0,27
4,47,38,3,0,0,1,0,29
4,41,36,1,1,0,1,0,26
2,43,28,0,0,0,0,1,22
4,46,33,0,0,0,0,0,30
6,27,30,2,0,0,0,0,22
4,23,28,1,0,0,0,0,23
4,49,37,2,0,1,0,1,26
4,36,20,0,0,0,0,0,28
2,24,34,2,0,0,0,0,25
4,24,35,0,0,0,1,0,26
5,46,27,3,0,0,0,0,21
2,33,39,2,1,0,0,0,30
4,20,38,2,0,0,0,0,23
4,49,31,2,0,0,1,0,26
6,41,33,1,0,0,1,0,21
5,41,33,3,1,0,0,0,25
3,25,29,3,0,0,0,1,30
2,37,29,2,1,0,1,0,27
6,38,33,3,0,1,0,0,29
4,23,34,2,0,0,0,0,28
4,29,21,1,0,1,1,0,26
4,49,21,3,0,0,1,0,26
5,22,38,3,0,0,0,1,21
6,40,22,0,0,0,1,0,30
2,49,32,1,0,0,1,0,27
4,31,26,3,0,1,0,1,24
6,43,38,0,0,1,0,0,25
2,26,36,3,0,0,0,0,30
2,45,37,1,0,0,1,0,23
4,47,22,3,0,1,0,0,29
2,28,33,3,0,0,1,0,23
5,26,29,2,1,0,0,1,29
6,26,23,0,1,0,0,0,27
3,34,34,2,0,0,1,0,23
3,20,30,0,0,1,0,0,27
3,38,30,1,0,0,0,1,25
5,44,32,1,0,0,1,0,30
6,25,35,2,0,1,0,0,26
2,20,26,3,1,0,0,0,21
2,26,25,1,0,0,0,0,24
5,30,23,1,1,0,0,0,26
2,47,24,0,0,0,0,0,24
6,49,25,0,0,0,0,0,24
5,40,26,2,0,0,0,0,26
2,36,26,3,0,1,0,0,26
6,38,26,2,0,0,0,0,25
4,23,32,0,0,0,0,0,24
4,47,38,3,0,1,0,0,25
5,42,37,0,1,0,1,0,28
3,40,32,1,0,1,1,0,24
3,25,39,3,0,0,1,0,21
3,33,22,3,0,0,0,1,21
4,43,28,2,0,1,0,0,26
3,34,31,0,0,1,0,0,30
6,44,24,2,0,0,0,0,28
5,37,32,1,0,0,0,0,27
4,22,22,1,0,0,0,0,28
3,22,32,1,1,0,0,0,23
2,49,24,1,0,0,0,0,29
3,32,24,1,0,0,0,1,23
3,23,22,2,0,0,0,1,23
2,46,30,1,0,0,0,0,30
4,23,22,2,0,0,0,0,26
3,28,29,0,1,0,0,1,21
3,30,25,1,0,0,0,1,29
2,47,21,3,0,1,0,0,23
2,46,32,3,0,1,1,0,29
4,25,35,2,0,0,0,0,21
5,39,25,1,1,0,1,0,23
4,33,27,3,0,1,0,1,21
4,27,29,1,1,0,0,0,22
5,30,27,2,0,0,0,0,29
6,32,25,3,0,1,1,0,27
2,35,38,1,0,0,0,0,25
2,42,36,2,1,0,0,0,23
3,23,32,0,0,0,0,0,28
2,45,29,2,1,0,0,0,25
3,33,36,0,0,0,0,0,25
6,31,26,0,1,0,0,0,27
3,29,26,3,0,1,0,1,25
3,21,26,0,0,0,0,0,23
6,33,36,2,0,0,0,0,25
3,40,33,0,0,0,0,0,21
2,40,23,1,0,0,1,0,26
6,39,29,1,0,0,1,0,28
3,29,34,2,0,0,1,0,28
5,26,36,1,0,0,1,0,24
2,27,31,2,0,0,1,0,26
5,20,35,3,1,0,0,0,24
2,46,30,2,0,0,1,0,21
3,31,26,0,1,0,0,1,28
6,44,33,0,1,0,0,0,27
4,42,21,2,0,0,0,0,28
3,35,31,2,0,0,1,0,28
6,23,20,1,1,0,0,0,27
4,41,25,1,0,0,0,0,27
4,33,38,1,0,1,0,0,27
5,43,27,2,0,0,1,0,24
6,49,23,2,0,0,1,0,23
6,33,28,0,0,0,0,0,26
3,25,26,2,1,0,0,0,30
5,20,38,3,0,0,0,1,24
6,41,32,2,0,0,0,0,24
4,34,30,2,0,0,0,0,30
6,26,39,1,0,0,0,0,23
5,47,23,0,0,0,0,0,25
5,20,22,2,0,0,0,0,25
4,46,23,0,1,0,1,0,24
6,49,22,0,0,0,0,1,21
5,47,33,2,1,0,0,0,29
2,20,21,1,0,0,0,1,29
4,44,23,1,1,0,0,0,30
3,49,29,3,0,1,1,0,21
4,39,21,0,0,1,1,0,28
6,48,27,2,0,1,1,0,24
4,42,23,0,0,0,1,0,30
2,20,26,2,0,1,0,1,25
2,22,33,3,0,0,1,0,28
5,26,26,3,0,0,0,0,27
3,26,38,0,0,0,0,0,23
2,33,37,3,0,0,0,0,22
6,43,27,0,1,0,0,0,25
6,35,21,1,0,0,0,1,25
4,41,31,0,0,0,0,0,28
5,34,34,2,0,0,0,1,27
2,41,37,3,0,1,0,0,26
5,21,23,3,0,1,0,0,22
5,39,34,1,0,0,0,1,23
4,22,39,2,0,0,0,0,29
2,24,24,3,0,0,0,1,22
2,48,34,0,0,0,0,1,25
5,34,33,0,0,0,0,0,25
3,28,39,0,0,1,0,1,27
6,41,21,3,1,0,0,0,28
2,24,30,2,0,0,0,1,28
3,46,28,0,0,1,0,0,29
3,38,36,1,0,0,0,1,27
4,36,36,1,0,0,0,0,27
4,38,32,1,1,0,0,1,25
6,38,36,1,0,0,1,0,21
5,41,39,0,1,0,0,0,22
6,29,36,2,0,0,0,1,30
6,21,30,3,0,0,0,0,26
6,27,36,0,0,0,0,0,24
3,37,33,1,0,1,1,0,23
5,49,27,0,1,0,0,0,26
6,32,32,0,0,0,0,1,23
5,20,39,1,0,0,0,0,23
4,36,25,1,0,0,1,0,27
6,49,23,2,0,0,1,0,27
3,29,27,2,0,1,1,0,22
4,29,24,3,0,0,0,1,23
3,25,39,2,0,1,0,1,29
3,24,22,2,0,0,1,0,24
3,47,20,1,0,0,1,0,28
4,48,31,0,0,0,1,0,25
3,46,23,1,1,0,1,0,24
2,32,34,0,0,0,0,0,21
3,38,37,1,0,0,1,0,28
4,49,32,2,0,1,0,0,30
4,25,35,2,0,0,0,0,24
3,21,24,3,0,0,0,1,21
3,38,35,1,0,0,0,1,26
2,38,28,1,0,0,0,0,21
5,24,39,1,0,0,0,0,29
5,47,27,1,0,0,0,0,22
6,35,24,1,0,1,0,0,22
6,29,34,1,1,0,1,0,25
5,38,30,3,0,0,0,0,26
5,32,38,0,0,0,0,1,27
4,38,29,3,0,0,0,0,21
5,31,37,1,0,0,0,0,21
2,46,22,2,0,0,0,1,25
6,36,34,2,0,0,0,0,29
3,29,29,2,0,1,0,0,27
2,26,25,3,0,0,0,0,28
5,36,29,1,0,1,0,0,24
2,47,35,1,0,0,0,1,28
4,28,34,1,0,0,1,0,24
5,37,36,1,0,0,1,0,23
2,33,34,2,0,0,0,0,21
3,31,20,1,0,0,1,0,29
4,36,33,0,0,0,1,0,28
4,39,24,0,0,0,1,0,26
6,34,23,0,0,0,0,1,26
3,47,39,0,1,0,0,0,28
5,47,22,0,0,0,1,0,26
6,43,30,2,0,0,0,1,24
6,49,39,0,0,1,0,1,25
6,32,21,2,0,0,0,1,25
6,35,33,3,1,0,0,0,26
4,21,33,1,1,0,0,0,29
2,38,35,3,1,0,0,0,30
6,48,34,1,0,0,0,0,27
3,40,37,1,0,0,1,0,28
4,22,39,2,0,0,0,0,30
3,36,39,2,0,0,0,0,24
4,49,27,0,0,0,0,0,27
2,21,35,2,0,0,1,0,24
2,20,38,3,0,1,1,0,27
5,24,39,1,0,0,0,0,22
2,49,25,1,1,0,0,0,21
6,39,37,0,0,0,0,1,24
2,33,36,1,0,0,0,0,21
3,49,27,3,0,0,0,0,29
2,45,39,3,0,0,1,0,21
2,32,36,1,1,0,1,0,21
5,37,23,3,0,0,0,0,25
2,29,39,3,0,0,1,0,27
5,42,23,1,0,0,1,0,26
2,25,23,1,0,0,0,1,25
6,28,24,3,0,0,0,1,28
5,43,30,2,0,0,0,0,22
2,27,31,0,0,0,0,0,22
6,39,21,1,0,1,0,0,30
2,48,20,2,0,0,0,0,29
4,37,36,0,0,0,0,0,28
5,32,27,2,1,0,0,0,26
4,45,33,2,0,0,0,1,24
2,44,31,3,0,0,0,1,28
5,48,30,1,1,0,0,1,23
4,27,30,2,0,0,1,0,29
2,42,20,3,0,0,0,0,21
5,32,25,2,0,1,1,0,27
2,29,27,2,1,0,1,0,29
2,40,35,1,0,1,0,0,24
3,24,33,2,0,1,0,0,23
5,42,38,1,0,0,0,0,25
4,48,27,2,0,0,1,0,27
2,47,35,1,0,0,0,0,28
2,36,36,1,0,0,1,0,26
2,44,20,0,0,0,0,1,25
3,42,25,0,0,0,0,1,21
2,45,39,0,0,0,0,1,24
5,45,38,0,0,0,0,0,24
3,25,37,1,0,0,0,0,22
4,46,36,1,0,0,0,0,22
6,37,29,3,0,0,0,0,25
4,32,24,1,0,0,0,0,25
3,28,36,2,1,0,0,1,27
3,34,21,3,0,0,1,0,24
2,47,33,0,0,0,0,0,28
4,49,24,2,0,0,1,0,27
2,44,29,2,1,0,1,0,22
4,41,24,3,0,0,1,0,28
2,46,36,2,0,1,0,1,23
4,44,32,2,0,0,0,0,24
3,44,24,3,1,0,0,0,30
2,39,27,3,1,0,0,1,24
3,23,21,1,0,0,0,0,26
2,36,26,2,1,0,0,1,22
6,20,30,2,0,0,0,1,25
4,25,21,2,0,0,1,0,30
4,40,31,0,0,0,0,1,22
6,40,28,0,0,1,0,0,27
4,28,20,3,0,0,0,1,24
6,47,36,3,0,0,0,0,28
3,21,30,0,0,0,0,0,28
3,37,30,2,0,0,0,0,25
4,40,23,3,0,0,0,1,28
3,49,37,0,0,0,0,0,23
5,49,20,0,0,0,0,0,30
3,37,20,1,0,1,1,0,29
2,26,34,3,0,1,0,0,28
5,40,20,2,1,0,0,0,26
6,25,35,3,0,0,0,0,25
5,37,38,3,0,0,0,0,21
4,33,24,0,0,1,0,1,25
6,33,25,2,0,0,0,0,22
3,29,22,2,0,0,0,0,28
3,31,29,2,0,0,0,1,27
6,40,31,2,1,0,0,1,30
2,40,33,3,0,0,1,0,26
4,37,33,0,1,0,0,1,24
3,23,29,1,0,0,1,0,26
3,31,29,1,1,0,1,0,26
6,39,25,2,0,0,1,0,28
4,49,29,0,0,0,0,0,26
2,37,21,3,0,0,0,0,28
3,44,39,3,0,0,0,0,23
3,47,28,3,0,1,0,0,27
6,45,24,3,0,0,0,1,24
3,29,22,3,0,0,0,0,28
5,33,39,0,0,0,0,0,28
3,34,34,0,0,1,0,0,23
6,20,23,3,0,0,0,0,27
5,46,30,2,0,0,0,1,24
4,40,24,2,0,0,0,0,29
4,28,25,1,0,1,1,0,29
2,22,21,1,0,1,1,0,23
5,27,24,2,0,0,1,0,22
5,42,28,1,0,0,0,1,29
5,44,23,3,1,0,0,1,25
3,37,39,0,0,0,0,0,22
5,45,21,0,0,0,1,0,27
4,39,33,1,0,0,0,1,30
2,27,38,2,0,0,0,0,24
2,22,29,0,0,0,1,0,28
6,43,21,3,1,0,1,0,26
3,44,35,2,0,0,0,0,25
2,40,30,0,0,0,0,0,23
3,35,36,2,0,0,1,0,22
3,29,21,1,0,0,0,0,25
4,48,35,1,0,0,0,0,23
6,36,32,1,0,1,1,0,26
2,45,29,0,1,0,0,0,26
2,29,27,1,0,1,1,0,25
5,48,38,1,0,0,1,0,23
5,25,32,0,0,1,1,0,24
4,28,33,3,0,1,0,1,29
5,39,30,0,0,0,0,0,27
3,21,30,3,1,0,1,0,22
2,45,38,2,0,0,0,1,27
6,35,33,3,1,0,0,1,25
5,39,32,0,0,0,0,0,30
5,29,33,2,0,0,0,0,25
4,24,20,2,0,0,1,0,22
4,43,32,2,0,0,1,0,27
2,40,28,2,0,1,0,1,21
2,21,31,3,0,0,0,0,21
2,21,25,3,0,0,1,0,21
3,42,33,3,0,0,1,0,28
6,32,25,2,0,0,0,1,22
6,35,33,2,0,0,0,0,21
6,42,29,0,0,1,0,1,27
3,20,27,0,0,0,1,0,22
3,25,38,0,0,0,0,1,27
2,42,38,1,1,0,0,0,26
6,26,21,3,1,0,0,0,23
4,42,25,2,0,1,0,0,23
3,46,25,1,0,0,0,0,29
6,44,22,2,0,0,0,0,28
4,29,29,0,0,0,1,0,23
6,32,22,2,0,1,1,0,28
3,43,24,1,1,0,0,0,29
2,44,38,0,1,0,1,0,22
2,24,26,1,1,0,1,0,22
6,23,26,0,0,1,0,1,26
6,37,31,1,0,1,0,0,21
2,31,37,1,0,0,1,0,27
3,40,26,1,0,0,0,0,27
5,43,35,0,0,1,0,0,27
6,40,30,1,0,0,0,1,21
3,38,23,3,1,0,1,0,23
5,25,25,2,0,0,0,0,23
4,23,26,1,1,0,0,0,30
5,47,32,0,0,1,1,0,29
2,28,29,1,0,0,1,0,23
3,37,31,1,1,0,1,0,24
3,29,31,2,0,0,1,0,28
2,38,33,3,1,0,0,0,29
6,29,24,3,0,0,0,1,28
4,36,26,2,0,0,0,0,23
4,39,24,0,0,0,0,1,30
2,36,36,3,1,0,0,0,28
5,43,37,0,0,0,1,0,28
4,24,27,0,1,0,1,0,28
2,33,34,2,1,0,0,0,27
4,38,37,1,1,0,0,1,26
5,25,29,3,0,1,0,0,29
5,37,31,3,1,0,0,1,26
6,34,37,3,0,0,0,0,24
5,25,23,3,0,1,1,0,22
2,24,27,2,1,0,1,0,26
2,34,24,0,0,0,1,0,23
4,45,33,0,0,0,0,1,22
3,34,20,3,0,0,0,1,22
5,44,25,1,0,0,0,0,26
6,39,22,2,1,0,0,0,28
4,24,33,2,0,0,0,0,30
2,46,36,3,0,0,1,0,28
4,44,20,2,0,0,0,0,24
3,27,36,3,0,0,1,0,26
4,41,39,0,1,0,0,0,23
2,28,26,0,0,0,1,0,27
4,41,26,2,0,0,0,0,30
2,43,30,0,0,0,1,0,22
4,32,34,1,0,0,1,0,26
2,25,24,0,0,0,0,1,27
5,45,36,1,1,0,0,0,24
3,48,27,2,0,0,0,1,26
2,22,23,3,1,0,1,0,23
3,24,37,3,0,0,0,0,26
2,22,27,2,0,0,1,0,30
4,26,32,2,1,0,1,0,23
2,48,28,0,1,0,0,0,30
3,46,36,2,0,0,0,0,30
4,37,21,1,0,0,0,0,27
2,23,26,2,0,1,1,0,21
6,35,39,3,0,0,0,0,26
6,49,29,0,0,0,1,0,25
2,31,33,0,0,1,0,0,28
5,44,28,0,0,0,1,0,22
6,34,23,3,0,1,0,0,22
4,20,37,0,0,0,1,0,28
4,42,35,3,0,0,0,0,30
3,30,29,3,0,1,0,0,26
4,42,39,3,0,0,1,0,29
3,20,22,1,0,0,0,1,27
2,26,20,3,0,1,0,0,26
5,30,34,0,0,0,0,1,22
4,26,36,0,0,0,0,0,22
3,35,22,2,0,0,0,0,26
6,31,33,1,0,0,1,0,24
5,30,32,0,0,0,1,0,24
4,46,35,2,0,1,1,0,27
2,40,33,2,1,0,0,1,30
3,23,25,0,0,0,0,0,25
6,25,22,0,0,0,0,0,21
6,24,32,1,0,0,0,0,22
3,30,34,1,0,1,1,0,21
2,41,24,2,0,0,1,0,22
2,31,32,1,0,0,1,0,28
3,46,35,3,0,1,1,0,21
6,39,32,1,0,0,0,0,29
6,20,28,3,0,0,0,0,23
6,48,33,0,0,0,0,0,29
5,33,23,1,0,0,0,1,26
2,26,21,3,1,0,0,1,22
3,42,34,3,0,1,0,0,26
6,29,29,1,0,0,0,1,22
6,39,37,3,1,0,1,0,30
2,26,33,0,0,0,1,0,24
3,30,23,3,0,0,0,0,24
2,22,26,2,0,0,0,0,21
5,31,28,0,0,0,1,0,22
6,38,39,2,1,0,1,0,21
6,27,31,3,0,1,0,1,23
2,35,28,0,0,0,0,0,22
3,43,30,2,0,0,0,0,25
5,43,39,2,0,1,0,1,21
4,45,21,1,0,1,0,0,26
4,31,27,0,1,0,0,0,29
6,31,30,1,0,0,0,0,25
6,24,37,2,0,0,0,0,27
5,28,35,0,0,1,1,0,21
5,34,22,0,0,1,0,1,28
2,32,28,3,0,0,0,0,30
6,43,37,1,0,0,1,0,25
4,48,34,0,0,1,0,0,27
4,45,26,0,0,0,0,0,22
6,30,29,0,1,0,1,0,23
4,23,24,1,0,1,0,1,30
5,41,35,1,0,0,0,0,24
2,41,29,0,0,0,0,0,23
6,39,26,2,0,0,0,0,28
5,42,31,1,1,0,0,1,30
5,42,27,2,0,0,1,0,29
6,49,23,1,0,1,0,0,27
3,33,28,2,0,1,0,0,29
2,23,37,2,0,0,1,0,27
5,21,26,2,1,0,1,0,22
5,37,27,0,0,0,0,0,21
6,26,35,1,0,1,1,0,25
4,23,29,2,0,0,0,0,27
4,45,29,2,1,0,1,0,27
2,43,29,1,0,0,0,0,28
2,48,28,3,1,0,0,0,28
5,23,39,0,0,1,0,1,29
3,39,22,1,1,0,0,0,24
5,34,25,3,1,0,0,1,26
2,22,37,3,0,0,1,0,24
6,40,26,3,1,0,0,1,21
6,32,35,2,1,0,1,0,24
6,24,39,1,0,0,0,0,26
5,40,29,2,0,0,0,0,29
3,25,24,0,0,0,0,1,30
4,21,22,1,0,0,0,0,25
5,21,26,1,0,0,0,0,29
5,43,21,0,0,0,0,0,29
3,24,29,3,0,0,0,0,26
5,28,32,2,1,0,0,1,25
2,20,38,3,0,0,1,0,24
6,29,26,3,0,0,0,0,23
6,38,23,3,0,1,0,1,29
3,27,22,1,0,0,1,0,28
4,32,37,0,0,0,1,0,27
6,34,33,0,0,0,0,1,27
5,35,21,3,0,0,0,1,21
2,24,27,2,0,1,1,0,30
5,29,39,2,1,0,1,0,27
4,32,35,3,0,0,0,0,28
6,47,32,3,0,0,0,1,23
6,21,37,0,0,1,0,0,21
3,45,20,2,0,0,0,0,27
4,48,39,2,0,1,0,1,22
6,40,38,2,0,0,0,1,30
4,46,20,1,0,0,0,0,26
5,32,28,2,0,0,0,1,27
3,41,33,2,1,0,0,1,25
6,29,34,2,0,0,0,0,22
6,20,33,3,1,0,0,0,21
3,48,32,3,0,1,1,0,26
5,34,25,3,0,1,1,0,21
3,29,39,3,0,0,1,0,28
6,37,22,2,1,0,0,0,21
6,30,20,0,0,0,1,0,25
6,46,34,3,1,0,0,0,27
5,31,35,0,0,0,1,0,26
4,21,22,2,0,0,0,0,26
2,41,25,2,0,0,0,0,25
3,35,23,2,0,0,0,1,29
6,23,26,3,1,0,0,1,27
6,35,21,2,0,1,0,0,25
5,20,38,3,0,0,0,1,27
2,47,20,0,0,0,0,0,21
6,25,30,1,1,0,0,0,28
4,48,23,0,1,0,0,1,27
3,20,31,2,0,0,0,0,22
2,46,34,3,0,0,1,0,27
5,29,34,3,1,0,1,0,23
4,33,37,2,0,0,1,0,26
3,47,36,1,0,0,0,0,23
4,27,28,0,0,0,0,0,21
5,48,38,0,0,0,0,0,28
4,26,25,3,0,0,0,1,22
5,47,30,1,0,0,0,1,29
6,49,31,2,0,1,0,1,27
5,32,29,2,1,0,0,1,21
4,27,38,2,0,1,1,0,25
2,30,28,2,1,0,0,1,25
5,42,31,1,0,0,1,0,26
4,25,27,2,0,0,0,1,27
5,26,33,3,0,0,0,0,23
3,25,37,3,0,0,0,0,24
6,46,36,3,0,0,0,0,23
4,41,30,2,0,0,0,1,27
4,38,23,3,0,1,0,1,23
4,36,25,1,1,0,0,1,25
5,45,39,1,0,0,0,1,25
2,48,29,3,0,0,1,0,22
5,36,29,0,0,0,0,1,21
6,23,38,3,1,0,0,1,21
5,41,39,2,0,1,0,1,23
4,34,32,2,0,0,1,0,21
6,33,24,2,0,0,0,0,25
4,49,20,2,1,0,0,0,28
3,27,27,2,1,0,0,1,25
6,48,26,2,1,0,0,0,29
6,25,31,3,0,0,0,1,22
5,27,29,1,0,0,0,0,29
5,27,31,2,0,0,1,0,23
4,47,35,2,0,0,0,0,23
3,43,38,2,1,0,1,0,30
3,32,28,2,0,1,1,0,30
2,30,23,1,1,0,0,0,23
4,43,34,0,1,0,0,0,23
3,38,30,0,0,0,1,0,28
4,35,21,1,0,0,0,1,29
3,37,32,2,0,0,0,1,25
2,37,31,2,0,0,0,0,26
2,39,27,1,0,1,0,0,29
2,22,21,1,0,1,0,1,27
3,49,26,2,1,0,0,0,21
6,34,33,3,1,0,1,0,23
4,35,32,3,0,0,0,1,26
4,39,25,2,1,0,1,0,22
2,26,27,3,0,0,0,0,22
4,39,24,0,0,0,0,1,30
5,33,25,1,0,0,1,0,21
3,24,34,3,1,0,0,0,27
3,37,21,1,0,0,1,0,29
3,37,22,2,0,0,0,0,25
6,44,23,1,0,1,1,0,22
3,23,22,1,0,0,0,0,27
2,45,37,2,0,0,1,0,24
5,30,27,2,0,0,0,0,21
5,32,28,0,0,1,1,0,28
4,35,33,1,0,1,1,0,29
6,35,38,0,0,0,0,1,29
5,35,20,3,0,0,0,0,24
4,29,28,0,0,0,0,1,25
4,33,37,3,1,0,0,1,29
4,43,22,1,0,0,0,1,25
6,44,32,0,1,0,0,0,23
4,47,31,2,0,0,0,0,28
2,34,36,2,1,0,0,1,23
6,47,21,1,0,0,0,0,23
4,40,33,0,1,0,0,0,25
3,44,29,2,0,0,0,1,23
2,21,36,1,0,0,0,0,21
6,47,34,0,0,0,0,1,22
3,31,35,3,0,0,0,1,21
2,42,30,1,0,1,0,0,27
3,31,26,0,0,0,0,0,28
6,23,37,2,0,0,0,1,28
3,37,37,3,0,0,0,0,23
5,28,20,1,0,0,0,0,29
4,39,31,0,1,0,1,0,21
4,36,22,2,0,0,0,0,23
4,30,38,1,0,0,0,1,21
4,33,23,1,0,0,0,1,24
3,39,27,0,0,0,0,0,23
5,31,36,0,0,0,0,0,29
5,24,27,3,0,0,1,0,28
3,47,26,0,0,0,0,0,21
5,37,30,3,0,0,0,0,28
2,40,27,0,0,0,1,0,27
6,48,38,3,0,0,1,0,23
5,48,37,2,0,0,1,0,30
3,46,28,3,0,0,0,0,26
4,22,31,1,0,1,0,1,22
3,48,31,3,0,0,0,0,23
2,27,26,1,0,1,0,0,26
4,35,33,0,0,0,0,0,22
4,22,26,3,0,0,0,0,30
6,47,38,0,0,0,0,0,25
4,20,23,3,0,1,0,1,26
6,45,32,3,0,0,0,1,25
2,38,34,2,1,0,0,0,23
6,47,22,0,0,0,0,1,22
5,28,30,3,0,1,0,0,24
5,36,22,2,0,0,1,0,30
5,24,31,0,0,0,1,0,27
6,31,32,1,0,0,1,0,30
2,42,27,3,0,0,0,0,24
6,38,26,1,0,0,0,1,30
6,27,24,1,1,0,1,0,29
4,33,21,0,0,0,0,0,27
3,43,30,1,0,0,1,0,25
5,46,28,0,0,0,1,0,23
2,23,34,3,0,0,0,1,21
4,39,32,1,0,0,0,0,28
5,44,34,0,1,0,0,1,28
6,36,27,3,0,0,0,0,28
4,35,38,2,0,0,0,1,28
5,30,28,2,1,0,1,0,21
6,36,31,2,0,0,0,0,24
4,46,29,0,1,0,1,0,26
6,25,37,1,1,0,1,0,28
6,23,24,1,1,0,1,0,23
2,36,34,2,0,0,0,0,29
3,49,22,3,0,0,0,0,21
6,36,24,1,1,0,0,1,24
3,25,28,0,0,0,0,0,27
6,43,35,1,0,1,1,0,25
3,39,20,0,0,1,0,0,22
3,32,33,0,0,0,0,0,27
4,40,39,2,0,0,0,1,21
6,46,32,1,0,0,1,0,29
6,48,20,3,0,0,0,0,29
6,34,23,2,1,0,0,0,23
2,28,29,1,0,0,0,0,22
4,27,34,3,0,1,0,1,21
4,21,32,2,0,0,0,0,24
4,43,20,1,0,1,1,0,27
3,41,37,2,0,0,0,0,21
2,36,25,3,0,0,0,0,24
2,26,27,2,0,0,0,0,26
6,41,21,3,0,0,0,1,24
3,33,21,2,0,0,1,0,24
3,30,23,1,1,0,1,0,29
5,39,24,0,0,1,0,0,26
4,34,27,3,1,0,0,0,30
4,23,20,1,0,0,0,0,25
4,40,34,3,1,0,0,1,29
3,31,32,1,0,0,1,0,29
6,21,35,2,0,1,0,1,22
2,23,25,3,0,0,0,0,26
6,24,24,2,0,0,0,0,25
2,37,30,1,0,1,1,0,30
3,47,30,2,1,0,0,1,25
4,24,37,2,1,0,0,0,26
6,32,36,3,0,0,0,0,24
3,44,21,3,0,0,0,1,26
2,43,23,1,0,0,0,0,25
2,29,23,1,0,1,0,0,22
6,48,26,0,0,0,0,0,22
2,25,31,2,0,0,1,0,30
5,43,21,3,0,0,1,0,23
2,32,38,1,0,1,0,0,21
2,29,20,0,0,0,1,0,23
3,27,20,3,1,0,0,0,27
2,31,35,1,0,0,0,0,28
4,35,27,2,0,0,0,0,25
3,20,22,0,0,0,1,0,23
6,31,28,0,0,0,0,1,22
6,29,33,0,0,0,0,0,28
2,45,22,1,0,0,1,0,29
4,27,31,1,0,0,0,1,26
5,38,34,0,1,0,1,0,21
2,42,20,1,1,0,0,0,23
3,46,28,2,0,1,0,1,30
6,44,34,1,0,1,0,1,30
5,41,20,1,0,0,0,1,22
2,45,31,3,0,0,0,1,28
2,40,20,3,0,0,0,0,24
5,26,30,0,0,0,0,1,21
6,37,37,0,0,0,0,0,22
5,49,20,3,0,0,1,0,22
2,42,33,1,0,1,0,0,28
4,35,22,0,0,0,1,0,28
2,39,27,2,1,0,0,0,25
5,41,31,1,0,0,1,0,21
4,41,24,3,1,0,1,0,25
4,46,22,0,0,1,1,0,23
2,27,22,2,0,1,0,0,27
6,26,29,1,0,0,0,0,29
6,29,29,3,1,0,1,0,21
6,42,39,3,0,0,1,0,24
4,25,29,2,0,0,0,0,28
6,40,35,3,0,0,0,0,21
3,32,37,0,0,0,0,0,29
2,44,35,1,0,0,1,0,25
2,25,37,2,0,1,1,0,24
5,24,28,1,0,0,1,0,29
3,28,20,1,1,0,0,0,25
2,23,38,0,1,0,0,1,28
4,31,26,2,1,0,0,0,23
5,33,35,0,0,0,1,0,26
3,35,27,1,0,0,1,0,26
3,37,28,3,0,0,0,0,29
2,49,22,1,0,0,0,0,28
5,35,39,1,1,0,1,0,26
6,28,29,0,0,0,0,0,26
5,24,22,1,0,0,1,0,28
3,22,38,3,1,0,0,1,22
5,36,39,0,0,0,0,1,25
6,36,31,0,0,1,0,1,25
4,36,24,3,0,0,1,0,27
5,44,24,3,0,0,0,0,25
6,26,26,2,0,0,0,0,26
2,24,25,1,0,0,0,0,22
4,23,31,2,0,0,0,1,28
2,28,26,3,0,1,0,0,26
3,46,31,0,1,0,1,0,23
6,29,39,2,0,1,1,0,28
6,38,39,3,0,0,0,0,27
3,37,33,3,1,0,1,0,24
2,34,35,1,0,0,0,1,26
4,23,21,3,0,0,1,0,29
5,27,31,1,0,0,0,1,26
2,26,36,2,0,0,1,0,30
6,22,31,0,0,0,0,0,28
2,30,37,2,0,0,1,0,30
4,48,27,3,0,0,0,0,22
4,29,20,2,0,0,1,0,30
5,28,39,1,1,0,1,0,27
5,44,22,2,0,0,1,0,26
6,42,23,3,0,1,0,1,21
3,28,28,0,0,0,0,0,28
6,41,29,1,0,0,0,1,23
2,48,26,2,0,0,0,0,23
6,36,24,1,0,0,0,1,26
4,46,26,0,0,0,0,0,21
2,26,28,3,0,0,1,0,27
5,44,22,3,0,0,0,1,30
5,28,22,2,0,0,1,0,29
2,24,31,3,1,0,0,0,27
2,23,25,2,0,0,0,1,22
6,38,28,2,0,0,0,0,24
6,21,36,2,0,0,1,0,30
5,32,22,3,0,0,0,1,21
5,42,21,0,0,0,0,0,28
3,36,31,1,1,0,0,1,24
3,32,27,0,1,0,0,0,29
2,43,25,3,0,0,0,0,28
5,36,37,2,0,1,0,0,26
5,41,26,3,1,0,0,0,26
4,22,25,0,0,0,0,0,23
6,20,28,3,0,0,1,0,29
5,38,30,2,0,0,1,0,25
3,29,21,1,0,0,1,0,30
2,28,22,0,0,0,0,1,24
4,21,31,3,0,0,0,0,30
5,30,34,1,0,0,0,0,24
3,24,30,2,0,1,0,1,24
6,36,24,1,1,0,0,0,21
3,43,29,0,0,0,1,0,21
3,44,30,3,0,0,1,0,25
2,37,30,2,0,0,1,0,23
6,36,38,2,0,0,0,1,27
3,28,36,3,0,0,1,0,21
6,46,33,2,0,0,0,0,26
6,20,26,2,0,0,0,0,27
2,23,28,3,0,1,1,0,26
5,20,27,2,1,0,1,0,26
3,27,36,1,0,0,0,0,29
6,25,31,1,0,0,0,0,23
3,39,32,0,0,0,1,0,27
3,42,22,0,0,1,1,0,22
3,21,23,2,1,0,0,0,24
3,37,21,1,0,0,1,0,27
3,45,20,1,0,0,0,0,24
6,22,20,2,1,0,0,0,28
6,34,30,1,0,0,0,1,21
5,42,32,0,0,0,0,0,30
2,45,36,3,0,0,0,0,30
4,31,26,1,0,0,1,0,22
2,43,31,2,1,0,1,0,24
3,46,38,0,0,0,0,0,22
3,47,22,0,0,0,0,0,26
5,48,25,3,1,0,1,0,29
2,47,32,3,0,0,0,0,28
2,23,37,1,1,0,1,0,28
5,37,23,0,0,0,1,0,28
3,22,38,2,0,0,0,0,28
5,39,26,0,0,1,1,0,21
6,38,22,2,0,1,0,0,23
4,29,31,2,1,0,0,0,24
4,21,31,2,0,1,0,0,29
5,20,27,3,1,0,0,0,30
3,38,31,1,1,0,0,1,29
3,25,27,2,0,1,0,1,30
5,26,24,1,1,0,0,1,23
6,37,33,2,1,0,1,0,28
4,24,30,3,0,1,0,1,24
2,21,22,3,0,0,0,1,22
4,20,30,3,0,0,0,0,21
2,36,27,0,0,0,0,0,22
5,39,26,0,0,1,0,1,29
6,39,25,0,0,0,1,0,23
3,32,37,0,0,1,0,1,26
3,47,35,2,0,0,0,0,27
6,32,25,3,0,0,0,1,23
2,45,20,1,0,0,0,1,29
5,47,29,2,0,0,0,0,28
4,20,36,3,0,0,0,0,26
6,28,34,1,0,0,0,0,28
2,47,27,2,0,0,0,0,29
5,44,30,3,0,0,0,1,29
5,32,28,3,0,0,0,0,28
3,49,33,3,0,0,0,1,27
6,34,24,3,0,0,0,0,25
5,20,29,2,0,0,0,0,27
5,20,20,0,0,0,0,1,25
5,37,20,0,0,0,0,0,30
2,36,29,1,0,0,1,0,23
6,46,22,1,0,0,1,0,23
4,31,39,0,0,0,0,0,23
4,35,37,3,1,0,0,1,30
6,33,32,1,0,0,0,0,22
3,34,39,0,1,0,1,0,26
3,33,28,1,0,0,0,0,24
3,49,34,3,0,0,0,0,23
4,29,29,0,0,0,0,0,30
5,46,29,3,1,0,0,0,29
4,42,35,0,0,0,0,0,28
2,26,39,3,0,1,0,0,30
6,31,33,0,0,0,0,1,24
6,29,33,1,0,0,0,0,25
2,28,32,1,0,1,0,0,30
6,40,34,3,0,0,0,0,29
6,39,38,0,0,0,0,0,22
5,27,38,0,0,0,0,0,29
5,26,31,3,0,0,1,0,22
6,49,45,1,1,0,0,0,33
3,43,33,4,0,1,1,0,34
6,41,41,4,1,0,1,0,36
4,36,30,2,1,0,0,0,39
4,42,40,4,0,0,0,0,39
7,47,42,4,0,0,1,0,36
5,30,39,1,1,0,0,1,38
7,42,38,2,0,0,0,0,31
5,57,47,2,0,0,1,0,31
3,35,49,4,0,0,0,0,35
8,47,40,2,1,0,1,0,34
3,58,46,2,1,0,1,0,38
4,47,32,2,0,0,0,0,33
5,36,41,4,0,0,1,0,36
7,54,39,4,0,0,1,0,37
4,31,36,1,0,0,0,0,33
7,50,47,3,0,0,1,0,32
6,54,49,2,0,0,1,0,38
8,30,37,1,0,0,1,0,38
4,48,37,1,0,1,0,0,35
5,39,35,4,0,0,0,0,32
5,42,31,1,0,0,1,0,31
6,36,45,2,0,0,0,0,39
5,47,38,1,0,0,0,0,31
3,39,34,4,0,0,0,1,33
8,49,33,3,0,0,0,0,40
3,42,43,2,0,0,0,0,33
5,30,40,4,0,1,0,1,39
5,56,34,2,0,0,1,0,34
7,58,42,1,0,0,1,0,35
4,42,38,3,0,1,0,0,37
6,44,40,3,1,0,0,1,32
5,58,44,1,0,0,1,0,38
5,31,46,2,0,0,0,1,37
6,56,32,3,0,0,0,0,40
5,41,38,3,0,0,1,0,40
6,36,33,4,0,0,1,0,34
3,49,42,3,0,1,0,0,34
6,53,30,1,1,0,1,0,39
4,35,31,2,0,0,0,0,33
4,54,33,4,1,0,1,0,31
8,41,31,4,0,0,0,1,34
7,50,42,4,1,0,0,0,39
4,37,36,2,0,0,0,0,33
4,56,39,1,0,0,0,0,32
7,57,38,4,0,0,1,0,32
4,30,30,2,0,0,0,0,31
4,53,40,1,0,0,0,0,37
7,53,42,1,1,0,1,0,31
4,48,37,1,0,0,1,0,32
4,41,49,3,1,0,0,1,36
6,46,32,4,0,1,1,0,31
5,43,43,1,1,0,0,0,36
8,51,32,1,0,0,0,1,39
8,50,38,4,0,0,0,0,34
4,38,30,4,1,0,1,0,39
5,59,42,4,1,0,0,0,34
8,34,48,4,0,0,0,0,32
4,35,49,1,0,1,0,0,33
6,57,45,2,0,0,1,0,35
5,44,45,3,0,0,0,0,36
6,41,42,3,0,0,0,1,36
5,46,42,1,0,0,0,0,31
3,42,42,3,0,0,0,0,39
8,52,44,4,1,0,1,0,40
3,47,42,4,0,0,0,0,39
5,48,38,2,0,0,0,0,34
6,38,45,2,0,0,0,0,35
8,54,36,4,0,0,0,1,40
6,49,47,4,1,0,0,0,38
5,34,33,4,0,0,0,1,35
6,37,47,2,0,0,0,0,39
3,53,37,2,0,0,1,0,36
7,37,31,1,0,0,0,0,39
6,48,30,4,0,1,0,1,38
3,43,33,4,1,0,0,1,37
4,31,47,4,0,0,0,0,31
8,37,39,3,1,0,0,0,37
6,33,45,3,0,1,1,0,36
6,42,31,4,0,1,0,1,34
7,57,30,1,0,0,0,0,36
7,33,49,2,0,0,0,1,39
5,58,36,1,0,0,1,0,39
7,41,45,2,0,0,0,0,33
7,54,49,2,0,0,1,0,35
4,36,43,1,0,0,0,0,33
3,51,46,1,0,0,0,0,38
7,32,49,3,0,0,0,1,38
6,40,30,1,0,0,0,0,40
6,56,44,1,0,0,0,1,37
4,52,33,4,0,0,0,0,37
8,57,30,2,0,0,0,0,37
7,47,46,2,1,0,1,0,37
5,45,31,2,1,0,0,0,33
7,49,35,1,0,1,0,0,40
8,30,49,3,0,0,0,0,40
3,51,36,1,0,1,0,1,33
7,34,49,2,0,0,1,0,36
3,49,40,3,0,0,1,0,33
3,48,38,3,0,0,1,0,32
7,34,49,2,1,0,0,0,31
6,48,36,3,1,0,0,0,36
3,51,38,2,1,0,1,0,38
5,39,42,3,0,0,1,0,34
8,58,47,2,0,0,0,0,40
5,58,33,2,0,0,0,0,36
8,54,48,1,1,0,0,0,32
8,46,37,2,1,0,0,0,39
4,50,30,3,1,0,0,0,36
4,54,31,3,0,0,0,0,34
4,50,37,4,1,0,0,0,37
7,34,37,4,1,0,1,0,33
6,39,39,4,0,0,1,0,34
7,49,43,2,1,0,0,1,32
3,45,42,1,0,0,0,1,39
3,57,49,2,0,1,0,1,35
7,37,48,3,0,0,1,0,34
8,56,39,2,0,0,1,0,31
4,49,47,2,0,0,0,0,40
7,38,32,2,0,0,0,0,39
5,38,43,4,0,0,0,0,37
8,45,45,4,0,0,0,0,32
4,42,46,2,0,0,1,0,37
5,48,49,3,1,0,0,0,40
6,53,34,3,0,0,0,1,31
4,56,46,2,0,1,0,0,37
8,33,45,4,0,1,1,0,36
5,37,44,4,0,1,0,0,38
4,32,42,2,0,1,1,0,31
8,30,42,2,0,1,1,0,36
8,34,37,1,0,1,1,0,37
8,39,49,3,0,0,0,0,40
8,36,41,3,1,0,1,0,34
8,33,42,4,1,0,0,0,40
6,42,41,3,0,0,1,0,33
6,33,46,1,1,0,0,0,36
3,51,32,2,0,0,0,1,39
7,49,31,1,0,0,0,1,36
4,54,49,3,0,0,0,0,36
6,59,33,2,1,0,1,0,40
7,48,44,1,0,0,0,1,35
4,43,47,2,0,0,0,0,39
5,33,34,4,1,0,1,0,38
3,54,41,1,0,0,0,1,35
7,33,43,1,0,0,0,0,37
7,54,39,4,1,0,0,0,34
8,31,36,4,0,0,0,0,32
4,41,35,2,0,0,1,0,37
7,33,33,4,0,0,0,0,32
6,46,42,3,0,0,0,1,34
4,30,30,2,0,0,1,0,36
7,50,37,2,0,0,0,0,36
7,43,41,3,1,0,0,0,37
4,52,45,1,0,1,0,0,37
7,56,32,2,0,0,0,0,36
6,31,40,4,0,0,0,0,35
4,42,34,4,0,1,1,0,40
4,46,35,4,0,0,0,1,32
4,41,41,2,0,0,0,1,35
8,52,37,3,1,0,0,0,34
7,46,38,3,0,0,1,0,40
5,53,41,2,0,0,1,0,33
7,40,37,1,0,0,0,1,34
4,53,49,1,0,0,0,1,32
3,50,45,2,1,0,0,0,34
4,32,44,1,0,0,0,0,38
6,56,39,2,0,0,0,0,38
5,37,45,1,0,0,0,0,35
7,59,48,1,0,0,0,0,38
7,48,48,4,0,0,0,0,31
3,31,30,3,0,0,0,1,34
3,57,35,1,0,1,1,0,33
5,51,44,2,0,1,1,0,36
6,37,32,1,0,0,1,0,31
6,31,37,3,1,0,0,1,39
4,33,37,4,0,0,0,0,33
5,54,33,3,0,0,1,0,36
6,51,31,4,0,0,0,0,35
3,38,45,3,0,1,1,0,40
3,32,46,3,1,0,0,0,31
8,45,39,3,1,0,0,1,40
3,57,46,2,0,0,1,0,32
6,34,35,1,0,0,1,0,33
3,37,30,4,0,0,0,0,33
3,46,32,1,0,0,1,0,38
5,48,43,1,0,0,1,0,31
3,42,35,2,0,0,0,0,36
7,54,32,2,0,1,1,0,36
6,31,34,3,1,0,1,0,39
8,43,41,1,0,0,1,0,35
5,52,43,3,0,0,0,0,31
4,35,37,3,0,0,0,0,38
6,49,49,4,0,0,1,0,40
5,55,35,2,0,0,1,0,36
7,45,41,2,1,0,0,0,40
4,53,37,4,0,0,1,0,33
7,46,43,1,1,0,1,0,36
4,44,43,1,0,1,1,0,32
8,43,43,1,0,1,0,0,31
7,54,30,1,0,0,1,0,31
5,46,34,4,0,0,0,0,38
7,32,38,2,0,0,1,0,33
7,54,38,2,0,0,1,0,36
4,36,32,2,0,0,0,0,33
8,42,46,2,0,0,0,0,36
6,33,42,1,0,0,1,0,38
8,57,48,2,0,0,1,0,32
3,42,41,3,0,1,0,1,33
3,35,44,2,0,0,1,0,33
5,58,47,3,0,1,1,0,32
6,30,46,4,0,0,0,0,39
8,53,35,1,1,0,0,0,32
6,40,48,4,0,1,1,0,32
3,59,41,3,1,0,1,0,33
5,41,34,1,1,0,0,1,36
4,31,41,3,0,0,0,0,39
8,42,30,2,0,0,1,0,35
4,40,42,4,0,0,0,0,34
6,44,34,3,1,0,0,1,34
8,59,37,3,0,0,0,0,34
4,34,45,4,0,0,0,0,38
3,54,39,2,0,0,1,0,38
5,32,39,1,0,0,0,0,39
8,49,41,3,1,0,0,1,38
4,58,35,2,1,0,0,0,32
5,59,47,4,0,0,0,1,37
8,42,31,3,0,0,0,0,35
6,38,37,2,0,1,0,0,39
3,53,41,2,1,0,0,0,40
8,32,45,1,0,0,1,0,35
7,38,32,2,0,0,0,0,36
8,53,44,1,1,0,1,0,39
3,51,43,4,0,0,0,1,39
3,37,49,4,0,0,1,0,35
8,38,37,2,0,0,1,0,38
3,59,30,3,0,1,1,0,34
6,44,31,2,0,0,0,1,32
3,54,43,1,1,0,0,0,31
5,47,31,4,0,0,0,1,31
3,49,40,2,0,0,0,0,39
4,31,47,3,0,0,1,0,40
3,43,43,1,0,0,0,0,32
4,58,49,1,1,0,0,1,34
4,41,44,3,0,0,1,0,34
8,55,44,4,0,0,0,1,31
8,46,35,1,0,1,0,0,36
4,59,37,1,0,0,0,0,32
3,55,35,3,0,0,0,1,40
5,44,44,2,0,0,0,1,40
5,33,36,4,1,0,0,1,38
8,45,39,4,0,0,1,0,39
5,47,32,4,0,0,0,0,34
6,54,43,1,1,0,1,0,33
5,45,49,2,0,0,0,0,32
7,45,45,4,1,0,0,0,32
3,48,42,2,0,0,0,0,36
8,43,33,4,1,0,1,0,37
5,52,31,2,1,0,0,0,40
4,54,40,2,1,0,1,0,35
8,56,34,2,0,0,0,1,39
5,46,40,1,0,0,0,0,32
4,42,48,2,0,0,0,0,36
5,30,32,2,0,0,0,0,39
8,50,30,2,0,0,0,0,33
5,36,46,4,0,0,0,1,35
6,54,48,2,1,0,1,0,38
4,43,33,3,0,0,1,0,36
4,55,32,2,0,0,0,0,37
7,52,34,3,0,0,0,1,34
3,59,49,1,0,0,0,1,32
5,41,39,1,0,1,0,0,37
5,47,32,4,0,0,1,0,35
8,51,35,4,1,0,1,0,40
5,49,31,4,0,0,0,1,39
6,38,36,4,0,0,1,0,37
7,57,41,4,0,0,1,0,40
8,31,31,2,1,0,0,0,31
7,43,40,2,0,0,1,0,32
4,50,33,4,0,0,1,0,34
6,58,49,3,1,0,0,1,39
7,51,30,1,0,0,0,1,31
8,39,47,3,1,0,1,0,35
8,37,38,2,0,0,0,0,40
4,30,40,4,0,0,0,1,37
5,45,46,3,1,0,1,0,34
6,54,44,2,0,1,1,0,33
8,36,38,4,0,0,1,0,32
6,47,38,1,0,0,1,0,40
3,45,40,2,0,0,1,0,37
7,40,37,4,0,0,1,0,35
7,33,37,3,0,0,0,1,39
6,56,35,4,0,0,0,0,38
7,44,45,1,0,1,0,0,39
5,46,44,1,0,0,0,0,40
6,52,30,1,0,1,0,0,37
6,30,30,1,0,0,0,0,35
5,33,41,1,0,0,0,0,36
8,44,46,1,0,0,0,1,31
4,34,43,4,0,0,1,0,38
4,43,46,2,1,0,0,1,40
3,57,41,1,0,0,0,0,35
6,30,45,2,1,0,1,0,38
4,46,31,3,0,0,1,0,39
8,56,37,4,0,0,0,0,37
4,33,40,1,1,0,1,0,31
3,57,46,3,0,0,0,0,33
7,50,48,1,1,0,1,0,35
4,53,31,4,0,0,1,0,36
7,47,44,1,0,0,0,0,39
5,31,45,1,0,0,1,0,37
7,36,32,2,1,0,1,0,34
8,53,45,2,0,0,0,0,36
4,53,48,3,1,0,0,0,40
6,32,37,3,0,0,1,0,31
7,40,49,4,0,0,1,0,36
4,53,33,1,0,0,0,0,39
7,42,40,1,1,0,0,0,34
4,59,48,2,0,0,0,0,34
3,49,41,4,0,0,0,1,32
6,40,31,2,0,0,0,0,37
6,44,41,2,0,0,1,0,34
7,31,48,1,0,1,1,0,35
7,35,41,3,1,0,0,0,32
7,40,35,3,0,0,0,1,39
3,50,34,1,0,0,0,0,32
3,42,39,4,0,0,0,0,36
6,47,32,1,0,0,0,1,38
3,34,47,1,0,0,0,0,33
4,34,47,2,0,0,0,0,31
6,49,33,3,0,0,0,0,32
3,40,48,3,1,0,1,0,38
4,40,33,2,0,1,0,0,40
5,45,31,4,0,0,1,0,38
6,35,36,2,0,0,1,0,33
7,44,46,4,0,0,0,1,33
5,44,30,1,1,0,0,0,38
5,40,38,1,0,0,0,1,32
6,35,35,4,1,0,0,0,40
3,33,33,3,1,0,1,0,35
4,41,36,4,0,0,0,0,31
7,58,48,1,0,1,1,0,38
7,51,30,2,0,0,1,0,34
8,53,40,1,0,0,0,0,35
3,50,37,3,0,0,0,1,34
7,50,44,2,0,0,1,0,34
6,51,42,3,0,1,0,1,31
6,39,42,4,0,0,1,0,39
5,50,49,3,0,0,1,0,36
4,56,43,1,1,0,1,0,32
5,33,40,4,0,0,0,0,33
4,46,49,4,0,0,0,0,33
8,59,31,1,1,0,0,0,39
6,36,45,4,1,0,1,0,31
4,47,31,3,0,0,0,0,39
5,50,36,3,1,0,0,0,39
8,43,44,4,0,0,0,0,39
3,49,32,2,0,0,0,0,34
3,42,31,3,1,0,1,0,31
8,59,35,4,0,0,0,0,32
8,43,39,2,0,0,0,0,32
4,45,34,2,0,0,1,0,35
7,36,41,4,0,0,0,1,34
5,46,47,2,0,0,0,1,38
8,47,35,1,0,0,0,1,34
3,32,46,2,0,0,0,0,38
8,31,48,4,0,0,1,0,33
4,36,35,4,0,0,0,1,35
8,42,42,4,0,0,0,0,34
5,42,33,4,1,0,0,0,39
4,40,48,2,0,0,0,0,37
7,52,35,2,0,1,0,0,37
5,43,44,2,0,0,0,0,38
7,46,46,2,0,0,0,0,33
6,36,37,2,0,0,0,0,35
5,40,48,4,0,0,0,0,37
3,43,32,3,1,0,0,0,31
5,52,30,3,0,0,0,0,31
6,50,46,1,1,0,1,0,36
4,43,33,1,0,1,0,1,39
8,52,41,1,1,0,0,0,36
5,44,45,2,0,0,0,1,39
5,52,31,2,1,0,0,0,33
8,51,34,3,0,0,1,0,40
5,59,38,2,1,0,1,0,38
7,48,31,3,0,0,1,0,38
4,41,31,1,0,0,1,0,39
5,49,48,4,0,1,1,0,31
7,50,31,3,0,0,0,0,32
6,57,43,1,1,0,1,0,37
8,53,39,3,0,0,0,0,37
4,56,33,1,1,0,0,0,39
4,51,48,3,0,0,0,1,40
6,34,31,1,0,1,0,0,40
7,42,41,2,0,0,0,1,32
7,46,30,2,0,0,1,0,40
8,53,36,3,1,0,0,0,38
6,33,33,4,0,0,0,0,32
6,41,38,2,0,0,0,0,35
3,55,36,3,1,0,0,0,31
8,41,47,2,0,0,0,0,31
6,55,37,1,0,0,0,0,39
7,57,34,1,0,1,0,1,35
8,56,44,4,0,0,1,0,38
4,54,42,3,0,0,0,0,33
7,58,31,4,0,0,0,1,38
7,33,36,1,0,0,0,0,33
4,48,39,4,1,0,0,0,37
4,54,46,2,0,0,0,0,37
8,39,43,4,0,0,0,0,40
3,46,48,2,0,0,0,0,38
4,48,42,1,0,0,0,1,32
7,33,49,2,0,0,0,0,33
3,57,35,2,0,0,0,0,33
5,33,32,2,0,0,0,0,34
4,44,31,4,0,0,1,0,33
4,43,32,1,0,1,1,0,36
4,47,33,3,0,0,0,1,34
4,58,33,3,0,0,0,0,31
7,30,37,2,0,1,1,0,31
8,50,44,4,0,0,1,0,32
8,35,43,1,0,0,0,1,38
3,45,38,4,0,0,0,0,38
6,45,37,2,1,0,0,0,31
6,47,39,4,0,0,1,0,36
4,48,34,4,1,0,0,0,38
6,51,31,2,0,0,0,0,32
4,55,43,2,0,0,1,0,33
8,47,45,4,0,0,1,0,36
5,43,34,4,1,0,0,1,34
6,37,40,4,1,0,0,1,35
5,32,40,2,0,0,0,0,34
5,58,39,2,1,0,1,0,33
6,42,30,2,0,0,0,0,33
8,58,47,1,0,0,1,0,34
4,48,33,3,0,0,0,1,32
8,38,41,3,0,0,0,1,36
5,57,39,1,1,0,0,0,39
3,31,34,1,0,0,0,1,33
5,46,41,1,0,0,0,0,32
4,52,36,2,0,0,0,0,36
3,38,36,4,1,0,0,0,36
5,52,45,4,0,0,0,0,38
5,50,30,1,1,0,0,0,34
5,43,35,1,1,0,0,0,32
5,54,33,3,0,0,0,0,34
6,59,33,3,0,0,0,0,32
8,33,39,4,0,1,0,0,36
8,49,43,2,0,0,0,1,34
4,46,45,2,0,0,1,0,34
8,54,30,4,1,0,0,0,40
6,37,32,3,0,0,0,0,35
5,57,39,1,0,1,0,0,31
4,40,44,2,1,0,0,0,40
3,58,30,4,1,0,1,0,40
4,36,47,2,0,0,1,0,36
6,46,31,1,0,1,0,0,35
4,36,41,4,0,0,1,0,35
5,52,37,3,0,0,0,0,31
3,54,40,2,0,0,1,0,34
3,53,36,1,1,0,0,0,37
4,49,42,1,1,0,0,0,37
3,34,43,3,1,0,0,0,31
4,35,37,1,0,0,0,0,33
8,49,45,2,0,0,0,1,38
6,55,48,3,0,1,1,0,37
4,34,32,1,1,0,1,0,31
7,42,30,2,1,0,0,1,32
8,53,39,4,0,0,1,0,37
7,48,34,2,0,1,0,1,39
8,46,35,4,0,0,0,0,33
6,53,35,4,0,1,0,0,40
3,47,36,4,0,0,0,1,34
7,41,37,2,1,0,1,0,33
6,47,34,3,0,0,1,0,35
8,39,31,2,1,0,0,0,39
6,56,45,2,0,1,0,0,33
3,37,37,1,0,0,1,0,39
3,59,38,4,0,0,1,0,36
3,33,33,4,0,0,0,0,35
6,55,31,3,0,0,0,1,33
8,36,47,3,0,0,0,1,34
6,33,48,4,1,0,0,0,36
3,33,30,1,0,0,0,1,36
3,54,49,4,1,0,0,0,37
5,35,46,3,0,0,0,0,40
7,43,47,1,0,0,0,0,36
3,56,45,4,0,0,0,1,32
7,52,48,1,0,0,1,0,38
7,36,36,3,1,0,0,0,32
4,52,35,4,0,0,0,0,40
3,38,31,4,0,1,0,1,31
5,34,47,2,1,0,1,0,36
7,42,48,4,1,0,0,1,34
4,57,36,4,0,0,1,0,34
3,53,36,3,0,0,0,1,39
4,44,39,1,0,1,0,0,33
7,43,44,3,1,0,1,0,32
5,44,48,2,0,1,1,0,38
5,33,31,4,1,0,0,1,40
3,43,36,3,0,0,0,0,40
4,43,33,3,1,0,0,1,37
5,58,34,2,0,0,0,1,37
6,32,38,3,1,0,0,0,38
7,53,47,2,0,0,0,0,40
8,56,30,4,1,0,1,0,39
6,33,40,3,1,0,1,0,38
7,36,31,3,0,0,0,0,34
8,45,31,3,0,0,0,0,33
6,56,49,4,0,0,0,0,39
5,35,35,4,1,0,0,0,34
4,40,44,1,0,0,0,0,37
6,32,40,4,0,1,0,0,36
8,55,39,4,0,0,0,1,33
4,40,30,2,0,0,0,1,39
6,51,37,2,1,0,0,0,40
7,51,45,3,0,0,1,0,39
5,47,33,3,1,0,1,0,39
5,47,33,4,1,0,1,0,40
7,30,30,2,0,0,1,0,40
3,45,38,3,0,0,1,0,35
3,40,41,2,1,0,0,1,38
4,50,36,1,0,0,0,0,38
4,59,44,3,0,0,1,0,40
8,51,33,2,0,0,1,0,34
4,46,30,3,0,0,1,0,35
3,52,37,2,0,0,1,0,37
5,38,49,3,0,0,0,1,37
5,41,41,4,0,1,0,0,38
6,37,40,4,1,0,0,0,31
4,50,32,1,0,0,1,0,38
3,31,35,4,1,0,0,0,36
6,33,46,1,1,0,1,0,34
4,50,43,1,0,1,0,0,33
4,31,39,2,0,0,0,1,37
8,50,31,3,1,0,1,0,34
8,55,33,1,0,0,1,0,40
5,30,35,4,0,0,1,0,36
6,45,39,4,0,0,1,0,32
7,55,47,2,0,0,1,0,32
6,43,46,3,0,0,0,1,32
8,42,40,1,0,0,1,0,39
4,44,33,2,0,0,0,0,32
5,56,33,1,1,0,0,0,33
4,37,31,4,0,0,1,0,33
8,42,47,1,0,0,1,0,32
3,40,44,3,1,0,1,0,40
8,35,37,1,1,0,0,0,35
8,46,31,1,1,0,0,0,40
8,32,34,2,1,0,0,0,34
5,50,35,2,1,0,0,0,36
6,32,49,3,1,0,1,0,32
7,43,48,1,0,0,0,0,34
3,40,37,1,1,0,0,0,38
5,36,40,3,0,0,0,0,32
3,35,41,4,0,0,0,1,35
7,50,48,2,0,0,0,0,35
8,50,35,4,0,1,0,0,35
3,43,33,2,0,0,0,0,32
7,45,34,4,0,0,1,0,32
5,59,42,4,0,0,0,0,40
5,42,33,4,0,0,0,0,39
5,52,37,1,1,0,0,0,39
4,38,42,4,0,0,0,0,38
6,44,40,3,0,1,0,1,31
4,59,40,2,1,0,1,0,31
5,30,42,3,0,0,0,0,32
7,52,45,1,0,0,0,1,40
5,33,46,1,0,0,0,0,31
5,43,32,4,0,0,0,0,38
7,44,49,2,0,0,0,0,31
6,51,32,4,0,0,1,0,34
5,44,35,1,0,0,0,0,32
8,51,30,3,0,0,0,0,31
5,59,34,4,1,0,0,1,39
3,44,47,2,0,0,0,0,39
4,37,46,2,0,0,0,0,33
4,31,44,1,1,0,1,0,31
8,47,49,3,0,0,0,0,39
5,43,30,3,0,0,1,0,32
5,54,39,2,1,0,0,0,33
7,46,31,2,0,0,1,0,33
8,30,49,4,1,0,1,0,33
7,48,33,4,0,0,0,0,40
3,54,40,3,1,0,1,0,37
3,48,31,2,0,1,0,1,33
6,33,49,1,0,0,1,0,38
6,58,42,1,0,0,1,0,32
8,36,32,3,0,1,0,0,39
8,32,40,1,0,0,1,0,39
7,36,49,2,0,0,0,0,32
8,58,33,3,0,0,0,0,33
5,48,38,2,0,0,0,0,38
3,41,31,1,1,0,0,0,40
8,39,31,1,0,0,0,0,35
8,46,33,3,0,0,0,0,40
4,39,35,4,0,1,0,0,36
5,52,46,2,0,0,1,0,32
7,37,32,3,0,0,0,0,40
3,42,39,3,0,0,1,0,37
4,54,45,1,0,0,0,1,39
6,37,30,4,0,0,0,1,33
5,36,36,3,0,0,0,0,36
7,58,39,4,1,0,1,0,37
5,38,33,3,0,0,0,0,40
6,44,42,1,1,0,0,0,35
3,44,47,1,0,0,0,0,40
4,35,38,1,1,0,0,1,37
3,47,48,4,0,0,1,0,37
3,59,46,4,0,0,0,1,31
7,47,38,4,0,0,1,0,34
7,58,43,4,0,0,0,0,32
6,48,44,3,1,0,0,0,35
8,54,31,2,0,0,0,1,33
7,31,41,1,1,0,0,1,34
7,50,39,2,0,0,0,0,37
5,41,46,3,0,0,0,0,32
4,43,44,4,1,0,0,0,36
7,34,32,1,0,0,0,0,35
6,33,43,2,1,0,0,0,38
7,42,39,2,0,0,0,0,33
5,46,46,1,0,0,1,0,34
4,59,47,3,0,1,0,0,33
3,30,33,1,0,0,0,1,34
8,38,45,1,0,0,1,0,37
3,31,46,3,0,0,0,0,31
5,48,39,4,0,1,0,0,33
8,57,43,4,0,0,0,0,37
4,43,34,2,0,0,0,1,36
5,37,35,4,1,0,0,0,39
3,36,41,2,0,0,0,0,40
6,43,49,1,0,1,0,0,37
5,53,41,3,1,0,0,1,37
6,35,30,2,0,0,0,0,40
3,56,41,4,0,0,0,0,37
8,38,41,3,0,1,1,0,39
6,58,41,1,0,0,0,0,36
7,42,43,3,0,0,0,0,37
6,56,31,4,0,0,0,0,38
6,35,33,2,1,0,0,0,33
3,49,30,2,0,0,0,0,36
8,36,34,3,1,0,1,0,36
3,52,48,4,0,0,0,0,39
3,45,41,2,0,0,1,0,31
7,34,49,3,1,0,0,1,40
3,56,45,1,0,0,1,0,39
6,32,32,1,0,0,0,1,37
4,44,32,4,0,0,0,1,33
6,39,39,4,0,0,0,0,37
4,30,46,2,0,0,0,0,32
3,55,47,3,1,0,1,0,37
3,35,49,4,1,0,0,0,32
3,43,47,4,0,1,0,0,39
3,56,39,4,0,0,0,0,39
8,44,43,4,0,1,1,0,40
3,52,46,4,0,0,0,0,38
4,35,47,3,1,0,0,1,32
6,59,42,3,0,0,0,0,32
5,35,37,2,0,0,1,0,39
4,40,42,3,0,0,1,0,39
8,34,30,1,1,0,0,0,38
5,46,42,1,0,0,1,0,38
4,58,48,1,1,0,0,0,39
8,42,39,3,0,1,0,0,35
8,34,31,4,1,0,0,1,34
7,35,47,1,0,0,1,0,36
7,34,32,3,0,0,0,0,33
4,56,42,4,0,0,0,0,39
4,31,47,3,0,0,0,0,34
6,43,40,2,1,0,0,1,40
7,55,46,1,0,0,1,0,39
3,50,40,1,1,0,0,1,32
3,41,44,4,0,0,0,0,38
8,30,40,2,1,0,0,0,37
6,43,30,4,0,0,0,1,39
6,37,40,4,0,0,1,0,40
8,47,36,3,1,0,1,0,34
4,58,32,1,0,0,0,1,40
4,38,35,3,0,1,0,0,35
7,49,30,4,1,0,0,0,36
8,38,32,1,0,0,1,0,39
7,39,38,1,0,0,1,0,38
3,42,47,3,0,1,0,0,31
8,39,37,2,0,0,0,0,40
7,57,33,4,0,0,1,0,31
4,54,33,1,0,0,0,0,37
4,49,34,4,0,0,0,0,35
3,47,32,2,0,0,0,0,35
6,41,43,3,0,0,0,0,31
4,46,31,1,0,0,0,0,34
5,30,44,1,0,0,0,1,39
6,31,49,1,0,1,1,0,40
5,52,30,3,0,0,0,0,37
4,36,44,3,1,0,0,0,38
4,53,41,3,0,0,0,0,31
6,48,45,3,0,1,0,0,32
7,39,46,2,0,0,1,0,39
8,40,48,1,1,0,1,0,32
3,44,43,2,0,0,1,0,38
8,46,47,4,0,0,0,0,38
7,59,48,2,0,0,0,1,32
6,58,49,4,1,0,0,1,38
3,31,48,4,0,0,0,1,32
6,30,40,3,0,0,1,0,40
5,49,49,4,0,0,0,0,35
6,47,44,1,0,0,0,0,35
3,56,32,1,0,0,0,0,32
7,57,44,3,0,0,0,0,33
5,57,42,2,1,0,0,0,34
8,36,49,3,0,0,0,0,33
5,32,39,3,1,0,1,0,35
8,42,34,1,0,0,1,0,40
3,46,44,3,1,0,0,0,35
3,31,40,2,1,0,0,0,37
5,52,47,1,0,0,0,0,37
7,33,44,1,0,0,1,0,31
4,33,43,3,0,0,1,0,35
7,43,48,1,1,0,1,0,37
6,42,42,3,1,0,0,0,37
8,51,34,1,0,1,1,0,34
5,39,40,4,1,0,1,0,33
6,50,36,4,0,0,0,0,33
3,41,47,4,0,0,0,0,31
3,38,49,1,0,0,1,0,38
3,39,46,3,0,0,0,1,32
5,41,38,4,0,0,0,0,39
4,33,49,1,0,0,0,0,33
8,33,41,4,0,0,0,1,37
3,47,37,3,0,0,0,0,38
6,46,31,2,0,0,1,0,35
6,34,34,3,0,0,0,0,31
3,54,38,4,0,0,1,0,34
7,51,47,2,0,0,0,0,37
8,58,48,4,0,0,0,1,33
6,42,40,2,0,0,1,0,31
6,40,49,3,0,1,0,0,32
4,35,40,1,1,0,0,0,31
7,56,38,1,1,0,0,0,32
4,31,30,2,1,0,0,0,36
5,41,47,3,0,0,0,0,38
7,48,39,1,1,0,0,1,35
5,35,38,3,1,0,0,0,39
6,57,36,4,1,0,1,0,40
7,51,34,3,1,0,0,0,31
7,34,41,1,0,0,0,0,38
5,42,43,4,0,0,0,1,39
8,54,44,3,1,0,0,1,39
8,30,32,4,1,0,0,0,33
8,37,48,4,0,0,0,0,33
6,39,31,1,0,0,0,0,40
4,57,35,4,1,0,0,0,32
5,54,45,2,0,0,0,1,32
6,57,41,2,1,0,1,0,38
3,40,36,1,1,0,1,0,32
6,32,44,1,1,0,1,0,31
5,35,30,2,0,0,0,0,39
7,50,33,3,0,0,1,0,34
8,44,31,1,0,0,0,0,35
7,44,47,1,1,0,1,0,40
6,41,35,3,0,0,1,0,34
7,45,38,3,0,1,0,0,33
5,42,41,2,0,0,1,0,40
7,52,34,2,0,0,1,0,31
7,38,45,4,0,0,1,0,38
5,55,36,3,1,0,0,0,39
4,53,36,3,1,0,0,1,37
3,36,43,1,0,0,0,0,33
3,48,46,1,0,1,1,0,33
8,33,43,4,1,0,1,0,40
5,43,38,1,1,0,0,0,40
8,59,31,2,0,0,0,1,40
3,59,32,1,0,0,1,0,31
4,30,41,2,0,0,1,0,38
8,41,34,4,0,1,0,0,33
5,50,40,2,0,0,0,0,37
5,52,36,1,0,0,1,0,39
8,47,47,1,0,0,0,0,35
3,36,30,4,0,0,1,0,34
3,39,38,1,0,0,0,0,34
6,44,44,1,1,0,0,0,35
7,34,42,4,0,0,1,0,35
7,51,48,2,0,0,1,0,35
3,43,47,3,1,0,0,0,33
3,57,40,2,0,1,0,1,36
4,56,41,2,1,0,1,0,32
7,50,45,3,1,0,0,0,35
5,35,44,3,1,0,1,0,33
3,48,46,3,1,0,0,0,39
5,42,33,3,0,0,1,0,36
8,47,49,3,0,1,0,0,36
6,48,44,2,0,0,1,0,34
8,57,36,4,0,0,1,0,37
7,37,37,4,0,0,0,0,40
5,49,34,1,1,0,0,1,33
4,31,45,1,0,0,1,0,39
8,30,46,3,0,0,0,0,40
8,38,36,4,0,0,0,1,31
8,52,43,2,0,0,1,0,35
4,37,39,2,0,0,0,0,31
8,47,43,3,0,0,0,0,33
6,39,46,3,0,0,0,0,33
3,39,47,2,1,0,0,0,40
8,55,46,3,1,0,0,1,33
8,41,37,1,0,0,0,0,37
6,34,41,2,0,0,1,0,35
4,37,44,1,0,0,1,0,33
4,44,33,3,1,0,0,0,34
6,54,44,1,0,1,0,1,34
7,59,49,1,0,0,1,0,32
7,47,39,4,1,0,0,0,33
4,43,31,1,0,0,0,1,39
4,37,33,2,0,0,1,0,40
7,38,38,1,0,0,0,0,37
4,38,39,4,0,0,0,0,33
3,50,40,1,0,1,0,1,31
6,46,46,2,1,0,0,1,38
4,58,42,3,0,0,1,0,31
5,48,32,2,0,1,0,0,36
6,52,43,3,0,0,1,0,35
7,52,49,1,0,0,0,0,31
3,31,40,3,1,0,0,0,37
5,51,49,2,0,1,0,0,37
7,32,38,3,0,0,0,0,33
8,47,45,2,0,0,0,0,33
7,58,38,3,0,0,0,1,39
4,48,49,3,1,0,1,0,39
5,51,46,4,0,0,0,0,33
7,39,48,1,0,0,1,0,36
5,45,32,1,1,0,1,0,31
7,33,48,3,1,0,0,0,39
7,49,34,4,1,0,0,0,33
8,45,40,4,0,0,0,0,31
7,54,43,4,0,0,0,0,39
4,37,35,3,0,0,0,0,36
3,31,31,1,0,1,0,0,33
4,53,43,1,0,0,0,0,33
8,36,42,1,0,0,0,0,35
4,59,32,1,1,0,0,0,40
6,36,32,4,1,0,0,0,37
6,42,33,3,0,0,0,0,37
5,54,45,4,0,1,0,0,35
5,48,44,2,0,0,0,0,34
5,50,38,4,0,0,0,0,36
8,34,38,2,1,0,1,0,33
8,58,30,1,0,0,0,0,37
7,55,30,3,0,1,1,0,39
5,33,37,3,0,0,0,1,33
3,57,40,4,1,0,1,0,37
8,55,40,2,0,0,0,0,31
7,33,37,1,0,0,1,0,31
6,46,33,1,0,0,0,0,38
3,32,44,2,1,0,0,0,33
5,31,37,3,0,0,0,1,38
8,34,38,2,0,1,1,0,34
6,47,35,2,0,0,1,0,36
7,45,30,3,0,0,0,0,33
6,52,33,3,0,1,0,0,34
3,46,44,4,0,0,0,0,38
4,56,31,2,0,0,1,0,34
3,36,35,3,0,0,1,0,35
3,59,35,3,0,0,1,0,38
7,38,44,1,0,0,0,1,34
8,38,41,1,1,0,0,0,39
6,58,45,4,0,0,1,0,32
3,59,46,2,0,0,0,1,39
3,52,38,4,0,0,1,0,34
7,31,42,2,0,0,0,0,36
4,32,31,1,0,0,0,0,39
8,34,44,4,0,0,0,0,39
4,57,33,2,0,0,0,0,37
7,39,39,2,1,0,0,0,31
7,39,43,4,0,0,0,0,37
7,55,47,1,0,0,0,0,33
6,51,45,1,1,0,0,1,35
7,36,39,4,0,0,1,0,33
8,37,30,2,0,0,0,1,40
8,37,41,3,0,1,0,0,33
3,34,37,4,0,0,0,0,40
8,38,40,3,1,0,1,0,35
8,54,39,2,1,0,1,0,33
8,55,30,1,0,1,0,0,38
4,35,31,3,0,0,0,0,32
6,40,43,1,0,0,0,0,39
5,54,30,3,1,0,0,0,34
3,34,34,4,1,0,0,1,34
3,36,45,1,0,0,0,0,34
3,51,45,2,1,0,0,0,36
4,40,31,4,0,0,0,1,32
3,36,37,2,1,0,0,0,34
4,37,38,2,1,0,1,0,32
3,36,33,2,0,0,0,1,36
4,53,49,2,0,0,0,0,31
6,48,45,4,0,0,1,0,36
5,41,33,4,0,1,0,0,35
7,56,43,2,0,0,0,0,37
7,49,42,2,0,0,0,0,37
8,56,31,1,0,0,1,0,33
7,32,32,3,0,0,0,1,40
5,49,39,3,0,0,0,0,33
8,47,33,4,0,0,0,0,38
3,45,32,1,0,0,0,0,37
3,42,37,3,1,0,0,1,40
4,54,49,1,0,0,0,0,31
7,34,49,3,0,0,1,0,31
6,30,47,4,1,0,0,1,31
7,52,41,2,0,0,1,0,33
7,38,48,3,0,1,0,1,33
4,51,41,1,0,0,0,0,39
5,43,33,4,0,0,0,0,31
4,33,37,2,0,0,0,0,34
5,41,45,4,0,0,0,0,33
4,37,32,2,0,0,0,1,33
3,35,49,4,0,0,1,0,37
5,36,44,1,0,0,0,0,34
6,40,35,2,0,0,1,0,31
5,37,45,2,0,0,0,0,40
6,59,45,4,1,0,1,0,39
4,42,41,2,0,0,0,0,36
6,47,32,1,1,0,0,0,38
4,44,33,4,0,0,0,0,40
4,35,38,3,0,0,0,0,38
5,51,39,3,1,0,0,1,36
3,48,39,2,0,1,0,0,32
8,38,37,3,0,1,0,0,37
8,31,42,3,0,0,0,1,32
6,37,46,4,0,0,1,0,32
6,36,45,1,0,1,0,0,31
6,37,35,2,0,0,1,0,34
7,45,47,4,1,0,0,0,40
4,31,44,3,0,0,0,0,31
8,57,35,1,0,1,1,0,35
4,38,37,2,1,0,1,0,32
4,35,40,1,0,1,0,0,40
4,46,31,3,0,0,0,0,39
4,40,43,3,0,0,0,0,38
3,43,43,2,0,0,0,0,34
3,53,33,4,0,0,1,0,31
5,40,47,1,1,0,0,1,36
4,50,43,4,1,0,0,0,34
5,53,44,1,0,0,0,0,32
4,57,43,1,0,1,0,1,35
5,59,43,4,0,0,0,0,31
8,38,45,4,0,0,0,0,38
8,40,34,2,1,0,1,0,33
3,38,34,4,1,0,0,0,33
8,36,42,4,0,0,1,0,35
4,31,42,3,0,0,0,1,33
7,41,47,4,0,0,0,0,40
5,54,38,1,0,0,0,1,37
6,49,33,1,0,0,0,1,34
3,37,35,4,0,0,0,0,34
3,51,45,2,0,1,0,0,32
8,36,41,3,0,0,0,0,34
8,32,39,1,0,0,0,0,39
8,49,39,2,1,0,1,0,35
3,32,46,4,1,0,1,0,37
7,53,34,1,1,0,1,0,34
4,56,31,2,1,0,0,0,33
5,52,32,3,1,0,1,0,35
7,52,46,3,0,0,1,0,35
6,33,36,2,0,0,0,0,40
5,47,32,4,0,0,0,0,34
4,37,46,3,0,0,1,0,31
5,45,49,3,0,0,1,0,39
3,53,38,3,0,0,0,1,40
7,52,38,1,1,0,0,0,31
5,49,36,1,0,0,0,0,37
5,34,45,3,0,0,1,0,32
6,30,45,3,0,0,0,1,38
3,51,31,3,0,0,0,0,40
8,51,35,3,1,0,0,0,40
8,42,48,2,1,0,1,0,37
7,30,46,4,0,0,0,0,39
6,59,34,3,0,0,1,0,38
5,55,40,4,0,0,1,0,32
7,35,36,4,0,0,0,0,39
3,51,43,2,0,0,0,1,31
5,56,46,3,0,1,1,0,37
3,53,30,4,0,1,0,0,38
4,32,43,1,0,0,0,1,38
6,55,31,4,0,1,0,0,40
4,46,36,2,1,0,1,0,36
5,50,35,1,1,0,1,0,35
8,48,36,4,0,0,0,0,32
4,36,42,2,0,0,0,0,39
4,41,33,4,1,0,1,0,33
6,51,37,2,1,0,0,1,33
5,44,44,4,0,0,0,0,32
8,36,38,2,0,0,0,0,35
5,56,38,4,0,0,0,0,32
8,35,36,3,0,0,0,1,34
5,34,38,1,0,0,0,0,38
5,48,42,2,0,0,0,0,36
6,36,34,1,0,1,0,0,36
5,55,38,3,0,0,0,1,38
5,55,43,4,0,0,0,0,37
8,33,41,2,0,0,0,0,32
6,58,41,2,1,0,0,0,37
6,51,30,3,0,0,1,0,33
5,31,38,3,0,0,0,0,33
4,38,34,4,0,0,0,0,34
5,43,46,4,1,0,0,0,43
5,67,40,2,0,0,0,0,46
10,42,51,2,0,0,1,0,44
7,46,57,4,0,0,0,0,41
6,67,58,1,1,0,0,1,47
9,64,53,4,0,0,0,1,47
6,40,55,3,0,0,0,0,46
7,51,59,2,0,0,1,0,44
8,45,55,3,0,0,0,1,44
11,68,54,2,0,0,0,0,49
8,57,56,5,1,0,0,0,49
7,56,55,4,1,0,1,0,42
5,59,41,1,0,0,1,0,43
7,58,42,4,0,0,0,0,48
7,64,43,2,0,0,0,0,45
7,57,41,5,0,0,0,0,42
5,66,52,4,1,0,0,0,48
8,46,47,1,1,0,0,0,49
5,48,50,3,1,0,0,0,46
6,50,46,1,0,1,0,0,44
10,64,49,5,0,0,1,0,44
5,41,48,3,0,0,1,0,44
8,45,57,2,1,0,1,0,44
8,56,46,5,0,0,0,1,43
11,57,41,3,0,0,0,0,44
7,42,53,1,0,0,0,1,41
7,64,43,2,1,0,0,1,48
10,60,42,5,0,0,1,0,46
8,54,58,3,0,0,0,0,49
7,44,59,2,0,0,0,0,43
10,57,42,5,0,0,1,0,48
9,40,43,1,1,0,1,0,46
11,49,54,2,1,0,1,0,46
9,59,57,1,0,0,0,1,47
9,54,42,5,1,0,0,0,42
11,64,53,5,1,0,1,0,45
9,53,41,5,0,0,1,0,41
9,57,42,2,1,0,0,1,45
8,43,47,3,0,0,0,0,45
11,62,56,5,1,0,0,0,42
6,41,58,4,0,0,1,0,50
5,60,40,5,0,0,0,0,41
10,53,43,2,0,0,0,1,46
7,54,51,1,0,0,0,0,48
8,42,55,3,1,0,1,0,44
6,46,57,4,0,1,1,0,42
9,64,47,4,0,0,1,0,49
8,64,51,1,0,0,1,0,43
11,57,59,2,1,0,0,0,45
5,56,42,5,0,0,0,1,48
6,53,50,2,0,0,0,0,46
9,64,54,2,0,0,1,0,43
10,69,57,5,1,0,0,0,43
7,48,52,3,1,0,0,0,44
7,52,44,4,0,0,0,1,45
5,58,41,4,1,0,1,0,48
5,63,47,1,0,0,1,0,41
10,58,54,5,0,1,1,0,45
6,49,46,1,1,0,1,0,44
10,48,58,3,0,0,0,1,45
8,48,43,4,1,0,1,0,43
8,51,46,2,1,0,1,0,43
6,50,48,4,0,0,1,0,49
11,67,44,3,0,0,0,0,42
6,61,42,5,0,0,0,1,44
10,53,49,3,1,0,1,0,41
7,50,44,3,0,0,0,0,47
6,53,55,1,0,0,0,0,48
9,53,54,2,0,0,1,0,50
8,68,41,4,0,0,0,0,50
7,56,56,3,0,0,1,0,47
10,65,47,1,0,0,0,0,42
6,63,51,5,1,0,0,0,41
6,50,58,2,0,0,0,0,50
10,50,55,1,1,0,1,0,42
5,44,58,4,0,0,0,0,46
10,40,41,5,0,0,1,0,45
10,68,58,5,0,0,1,0,50
11,46,42,4,1,0,1,0,50
8,53,58,5,1,0,0,0,48
6,60,56,5,0,0,0,0,50
8,60,47,4,1,0,0,0,41
7,47,55,1,1,0,0,0,49
9,68,57,3,0,0,1,0,41
10,65,48,4,1,0,0,0,43
9,66,45,4,0,0,1,0,49
9,57,42,1,0,0,0,0,45
8,51,44,3,0,0,1,0,50
11,48,40,3,0,0,0,1,48
11,42,50,4,0,0,0,1,47
7,47,40,5,0,0,0,0,46
8,58,58,5,0,0,1,0,48
9,57,50,1,0,0,1,0,49
11,43,43,2,0,0,1,0,44
5,41,57,4,0,0,1,0,42
6,60,56,4,0,0,1,0,47
5,63,51,5,0,0,1,0,49
5,64,50,1,1,0,0,0,43
7,45,44,1,0,0,0,1,45
5,67,51,4,0,0,1,0,45
10,63,57,2,0,0,0,0,43
8,64,44,2,1,0,0,0,48
8,65,48,4,0,0,0,0,48
6,69,52,4,0,0,0,0,50
8,55,45,1,0,1,0,0,47
6,60,54,2,1,0,1,0,43
5,41,40,5,1,0,1,0,49
6,45,48,5,0,1,0,1,50
9,57,56,4,0,0,0,1,41
8,41,46,1,1,0,1,0,48
10,52,51,2,1,0,0,0,47
5,59,56,1,1,0,1,0,42
7,63,46,2,0,0,0,0,46
7,56,59,4,0,0,1,0,41
9,50,56,4,1,0,0,0,50
8,50,44,2,1,0,0,0,43
11,41,40,2,0,0,0,0,47
11,58,45,2,1,0,0,1,44
9,65,56,2,0,0,1,0,42
5,62,52,3,1,0,0,0,46
5,40,44,4,1,0,0,0,45
11,60,40,4,1,0,0,0,44
5,44,57,2,0,0,1,0,44
5,46,55,3,1,0,0,1,41
7,63,43,3,0,0,1,0,49
8,67,51,1,1,0,0,0,44
7,41,59,4,0,0,1,0,41
6,41,52,4,0,0,1,0,43
5,57,58,2,1,0,0,0,42
10,47,54,2,1,0,0,0,44
10,66,57,5,0,1,0,1,49
9,55,59,2,0,0,0,0,49
7,59,57,3,0,0,1,0,48
5,42,42,4,0,0,1,0,41
6,50,46,5,1,0,0,0,45
6,69,52,4,0,1,0,0,45
9,65,57,5,0,0,1,0,41
9,45,47,5,0,0,0,0,45
10,64,55,1,0,0,0,0,41
11,51,49,3,0,0,1,0,45
9,45,48,3,0,0,1,0,44
7,40,43,1,0,0,0,0,46
5,59,46,4,1,0,0,1,47
10,40,55,2,0,0,1,0,41
7,62,41,2,0,0,0,0,45
10,51,43,3,0,1,1,0,44
11,50,47,4,0,0,1,0,50
8,45,47,5,1,0,1,0,48
10,55,57,5,0,0,1,0,47
11,55,46,3,0,0,0,0,43
7,52,41,5,0,0,0,0,46
7,67,55,5,1,0,1,0,45
5,63,40,5,1,0,1,0,41
9,60,49,4,0,0,0,0,41
7,48,53,5,0,0,0,1,49
11,64,41,4,0,0,0,0,41
6,51,49,2,1,0,1,0,44
9,60,41,3,0,0,0,0,48
11,64,57,5,1,0,0,0,45
10,61,42,2,0,0,1,0,48
5,56,52,4,0,0,0,0,41
11,49,48,4,1,0,0,1,45
8,56,41,1,0,0,0,0,48
11,54,49,5,0,1,1,0,42
6,55,41,2,0,0,0,1,50
8,61,44,5,0,0,1,0,49
9,68,43,3,0,0,0,0,44
8,63,53,4,1,0,1,0,45
8,61,55,5,1,0,0,0,50
5,67,40,1,0,0,1,0,49
11,60,59,4,0,0,1,0,41
7,68,57,4,0,0,1,0,41
11,41,42,3,0,0,0,0,42
7,54,51,1,0,0,0,0,45
6,58,40,2,1,0,0,0,50
5,41,50,4,0,0,0,0,47
6,53,51,5,0,0,0,0,50
11,42,40,4,1,0,0,0,42
9,60,48,1,1,0,1,0,49
11,63,46,2,1,0,1,0,50
10,46,41,4,0,0,0,1,41
7,49,46,2,0,0,0,1,41
9,52,55,1,0,0,1,0,42
5,48,51,1,0,0,1,0,46
9,52,46,2,1,0,0,0,42
11,51,43,5,1,0,0,0,48
5,54,59,3,1,0,0,0,41
10,50,47,2,1,0,1,0,48
6,55,51,5,0,0,0,0,42
10,49,42,1,0,0,0,0,43
8,50,48,1,0,0,0,1,44
11,43,58,2,0,1,1,0,48
11,46,44,3,0,1,0,0,46
6,49,50,2,1,0,0,0,50
9,41,52,2,0,0,1,0,45
9,51,48,5,0,0,0,0,45
11,54,56,5,0,0,0,1,42
9,50,55,4,1,0,0,0,42
10,59,51,2,1,0,0,1,47
8,43,46,2,1,0,0,0,44
10,42,48,1,1,0,1,0,41
8,43,46,2,0,0,0,1,41
10,57,55,3,0,1,0,0,47
9,68,43,4,0,0,0,1,44
11,64,46,5,0,0,0,0,48
6,59,54,2,0,0,0,0,44
5,46,50,5,0,0,1,0,42
6,42,50,3,1,0,1,0,48
5,52,41,4,0,0,0,1,49
8,43,58,5,1,0,1,0,43
9,64,49,2,0,0,1,0,42
5,64,47,2,1,0,1,0,44
6,58,53,1,0,0,0,0,45
7,67,42,4,0,0,0,0,47
10,53,50,4,0,0,0,0,48
11,57,50,3,1,0,1,0,46
6,44,53,3,0,0,0,1,44
10,63,58,5,1,0,1,0,42
5,65,44,1,0,0,0,1,49
6,50,54,2,0,1,1,0,43
5,51,58,4,1,0,1,0,41
5,62,41,4,1,0,0,0,49
7,69,49,3,0,1,1,0,46
10,59,57,4,0,0,0,0,44
10,53,50,1,0,0,0,0,43
6,67,47,2,1,0,1,0,42
11,43,58,1,0,0,1,0,46
10,51,40,1,1,0,0,0,49
7,41,54,3,0,0,0,0,45
10,41,43,1,1,0,0,0,41
11,69,59,2,0,0,1,0,48
9,57,48,3,0,1,0,0,42
8,58,53,4,0,0,0,0,41
11,68,51,5,0,0,0,0,46
9,57,43,3,1,0,1,0,50
8,55,41,1,1,0,1,0,48
9,57,42,3,0,0,0,0,45
10,46,49,4,0,0,0,0,41
10,43,40,4,0,0,1,0,42
7,48,48,5,0,1,0,0,50
11,44,54,2,0,0,0,0,47
5,63,44,4,1,0,1,0,49
8,59,47,4,0,1,1,0,49
8,65,56,1,0,1,1,0,48
9,46,49,2,1,0,0,1,46
6,46,43,1,1,0,0,0,42
5,45,51,2,0,1,0,1,41
11,40,50,5,1,0,0,0,48
9,45,40,2,0,0,0,1,45
11,57,47,1,0,0,0,0,42
7,48,45,4,0,0,0,0,45
6,58,46,1,0,0,0,0,43
6,57,48,4,0,0,0,0,44
6,40,56,5,0,0,0,0,46
5,46,58,2,0,0,0,0,50
10,43,57,2,1,0,0,0,42
6,58,43,5,1,0,0,0,49
11,46,59,1,0,0,0,0,46
11,41,40,4,0,0,1,0,47
5,54,42,2,0,0,0,1,50
5,46,59,5,0,0,1,0,49
7,62,59,1,0,0,1,0,42
11,55,45,1,0,0,0,0,46
6,56,48,5,0,0,0,0,47
5,45,57,4,1,0,1,0,50
11,47,40,3,0,0,0,0,43
9,54,41,3,0,0,1,0,42
10,41,54,2,0,0,0,1,48
6,57,53,3,0,0,1,0,44
10,46,56,5,0,0,1,0,49
8,40,57,4,0,0,0,0,44
9,51,45,1,1,0,1,0,46
9,47,51,3,1,0,0,0,44
11,55,48,4,0,0,1,0,47
8,43,58,5,0,0,1,0,44
11,40,52,3,0,0,0,1,49
5,60,40,3,0,0,0,0,50
9,63,49,3,1,0,0,0,50
9,53,52,2,0,0,0,0,41
8,45,47,1,0,0,1,0,42
10,56,51,1,1,0,0,0,45
8,58,56,4,0,0,1,0,48
8,49,40,1,0,0,1,0,49
7,66,41,4,0,0,0,1,43
9,55,58,5,0,0,1,0,46
5,40,57,1,0,0,0,0,49
6,49,40,3,1,0,0,0,49
9,48,45,3,0,0,1,0,42
8,56,45,1,1,0,0,0,47
10,47,59,2,0,0,1,0,46
10,67,59,5,0,0,0,1,43
6,58,58,4,0,0,0,0,47
6,47,41,5,0,0,1,0,49
9,54,55,2,1,0,0,0,41
7,43,51,1,1,0,0,0,47
5,68,51,2,0,0,1,0,49
6,45,44,2,1,0,1,0,49
5,59,55,4,0,0,0,0,46
8,49,53,2,0,0,1,0,46
6,69,44,4,1,0,1,0,48
10,65,47,1,1,0,0,0,42
7,60,50,2,0,0,1,0,47
6,67,49,5,1,0,0,0,46
8,41,53,3,0,0,0,1,49
10,46,52,5,0,1,0,0,45
9,69,54,3,0,0,1,0,47
10,67,44,2,0,0,0,0,50
5,47,53,5,0,0,0,0,47
10,40,55,1,0,0,0,0,42
9,56,51,3,0,0,1,0,49
8,66,40,2,0,0,0,0,45
10,56,52,4,0,1,1,0,41
8,57,57,1,0,0,0,1,48
9,61,44,5,0,0,1,0,48
6,48,47,4,0,0,0,0,47
5,54,58,3,0,0,0,0,46
10,68,47,2,0,0,0,1,49
7,44,47,1,0,0,1,0,48
5,64,54,1,0,0,0,0,45
8,62,50,5,1,0,0,0,42
8,55,46,5,1,0,0,0,46
7,64,43,3,1,0,0,0,41
9,57,56,4,0,0,0,0,49
10,64,53,3,0,0,0,0,46
8,43,58,4,1,0,1,0,41
8,48,52,3,0,0,0,1,47
7,67,52,1,0,0,0,0,46
6,60,48,5,1,0,0,1,48
8,46,58,1,0,0,0,0,45
8,60,40,5,1,0,1,0,45
11,66,45,3,0,0,0,0,43
7,52,40,1,0,1,1,0,41
6,64,56,3,0,0,0,0,45
8,54,40,5,0,0,1,0,48
9,68,48,4,0,0,1,0,49
11,62,48,5,1,0,1,0,50
5,54,57,3,0,0,0,1,49
9,49,59,1,0,0,1,0,44
5,50,54,3,1,0,1,0,46
7,43,53,4,1,0,1,0,47
7,49,44,4,0,0,0,0,44
10,66,45,4,1,0,0,0,46
9,59,43,2,0,0,1,0,43
11,40,42,4,0,0,0,0,41
9,58,46,4,0,0,0,0,47
10,52,43,4,0,1,1,0,46
11,55,45,3,0,1,1,0,41
8,66,52,5,0,0,0,0,49
10,59,44,2,0,0,0,1,41
5,44,51,3,0,0,0,0,45
8,62,56,2,1,0,1,0,45
10,57,59,2,0,0,1,0,42
7,52,42,4,0,0,0,0,42
5,63,51,3,0,0,0,0,43
8,59,41,3,0,1,0,0,42
8,67,54,2,0,1,0,0,49
5,50,48,1,0,0,0,0,44
6,65,47,5,0,0,1,0,43
5,54,48,4,0,0,0,0,50
6,58,42,1,0,0,0,1,43
9,58,55,2,1,0,0,1,44
5,48,59,4,0,0,0,0,41
8,53,48,2,1,0,0,0,47
9,62,45,3,0,0,0,0,45
5,43,59,4,0,0,0,1,44
6,58,40,5,0,1,1,0,42
9,64,57,1,0,0,0,0,44
7,56,52,2,1,0,0,0,49
6,40,50,5,0,0,0,0,48
6,64,47,5,1,0,0,1,42
8,65,42,4,0,0,0,0,42
5,68,55,4,0,0,0,0,47
9,69,46,5,0,0,0,0,47
8,46,45,1,0,0,1,0,45
9,42,50,4,1,0,0,0,48
7,40,57,4,1,0,0,0,46
9,51,40,1,1,0,0,0,46
6,48,46,4,0,0,1,0,42
5,43,45,5,0,0,0,0,47
8,68,58,2,0,0,1,0,49
11,50,42,1,1,0,0,0,43
6,68,53,5,0,0,0,0,50
9,46,40,1,0,0,1,0,47
9,61,58,1,1,0,0,0,49
6,46,59,5,0,0,1,0,47
6,54,42,2,0,0,1,0,43
9,44,53,5,0,0,0,1,43
8,61,50,2,0,0,1,0,42
7,51,58,3,0,0,1,0,48
7,52,49,5,0,0,1,0,45
9,51,49,1,0,1,0,0,41
8,41,58,4,0,0,0,1,48
9,53,42,5,0,0,1,0,44
10,45,44,3,0,0,0,0,48
6,62,50,2,1,0,0,1,45
6,51,58,2,0,0,1,0,43
10,52,54,3,0,0,1,0,46
8,41,48,4,0,0,0,0,49
9,46,45,3,0,0,0,1,48
9,42,58,3,1,0,1,0,42
8,68,56,5,0,0,1,0,46
9,64,56,1,0,0,0,0,49
10,68,58,3,0,0,0,0,42
9,61,57,5,0,0,0,0,48
7,45,50,5,0,0,1,0,42
7,44,40,3,1,0,0,0,47
6,53,47,1,0,0,0,0,41
6,69,55,2,1,0,1,0,44
9,40,59,3,0,0,1,0,47
7,60,57,3,0,0,1,0,48
11,49,42,5,1,0,1,0,44
6,66,48,2,1,0,1,0,44
11,43,49,4,0,0,1,0,49
11,60,49,4,0,0,0,0,44
5,58,51,4,1,0,0,0,42
6,42,56,2,1,0,1,0,41
6,63,48,1,0,0,1,0,45
7,44,56,4,1,0,0,1,41
6,40,57,2,0,0,1,0,43
5,55,52,4,0,0,0,0,48
11,43,55,4,1,0,1,0,43
5,50,45,1,1,0,1,0,42
10,62,46,4,0,0,1,0,50
10,59,49,2,0,0,0,0,44
10,67,59,3,0,0,0,0,43
8,69,52,1,1,0,0,0,47
11,53,48,2,0,0,0,0,45
9,45,49,4,0,0,0,0,44
11,45,56,5,0,1,0,0,41
11,65,43,3,0,0,1,0,50
7,55,46,2,0,0,1,0,45
6,46,55,1,1,0,0,0,44
6,47,56,3,1,0,0,0,41
7,66,44,3,1,0,0,0,43
11,48,51,4,0,0,1,0,43
8,68,49,3,0,1,1,0,47
11,67,56,3,1,0,0,1,49
9,60,46,2,0,0,0,1,48
7,43,50,2,0,0,0,0,49
8,54,48,3,1,0,1,0,48
10,54,58,5,0,1,0,0,42
6,45,40,3,0,0,1,0,46
11,62,51,2,0,0,0,1,49
6,67,50,1,1,0,1,0,47
11,52,56,3,0,0,1,0,48
5,42,47,3,1,0,1,0,48
7,40,55,2,0,0,0,1,50
5,63,48,3,0,0,1,0,49
8,41,43,5,0,0,1,0,48
7,63,57,5,1,0,0,0,43
10,49,56,2,0,0,1,0,48
11,56,51,5,0,0,0,0,45
8,46,44,2,0,0,0,0,45
8,50,45,3,0,0,0,0,46
6,58,53,4,0,0,1,0,48
5,48,43,5,0,0,0,0,44
11,43,48,3,0,0,1,0,42
6,54,49,1,0,0,1,0,49
8,46,47,3,1,0,0,0,49
10,42,49,1,0,0,1,0,42
6,62,41,1,1,0,0,0,43
6,49,58,3,0,0,1,0,45
11,59,47,1,1,0,0,0,42
10,68,59,5,0,0,1,0,47
7,66,42,1,0,0,1,0,42
10,67,57,4,0,0,0,0,48
9,56,49,1,0,1,1,0,48
11,61,47,1,0,1,1,0,50
8,41,52,2,0,0,1,0,47
10,47,55,5,1,0,0,1,47
6,55,45,5,1,0,0,0,50
8,45,40,4,1,0,0,0,46
11,44,42,4,0,0,0,1,44
11,46,51,3,1,0,0,0,42
9,42,49,4,0,1,0,0,47
11,59,49,4,0,1,0,0,43
9,58,58,4,0,0,0,0,46
7,48,56,5,0,0,1,0,48
5,65,54,1,1,0,0,0,41
9,62,47,2,0,0,0,0,50
7,68,50,2,0,0,1,0,46
5,68,54,3,0,0,0,1,48
10,43,40,3,1,0,1,0,49
7,67,54,2,0,0,1,0,44
9,56,58,3,0,0,1,0,45
8,66,57,1,1,0,0,0,47
6,61,49,4,1,0,0,0,46
5,60,44,1,1,0,0,0,45
7,64,58,3,0,0,0,0,41
11,63,46,2,0,0,0,0,43
5,48,53,3,1,0,0,0,46
7,50,41,3,1,0,1,0,42
8,47,56,2,0,0,0,0,45
6,63,53,4,0,0,1,0,43
9,57,46,1,1,0,0,0,46
11,66,56,1,0,0,0,0,46
6,45,47,4,0,0,1,0,41
11,45,48,4,1,0,0,0,42
9,47,55,3,0,0,1,0,41
11,49,54,2,0,0,0,0,47
11,55,41,5,1,0,0,0,46
6,40,55,2,1,0,0,1,45
7,54,54,4,0,0,0,0,45
6,55,42,2,0,0,1,0,45
11,69,45,5,0,0,0,0,49
11,69,46,4,0,0,0,0,46
6,55,55,5,1,0,0,0,46
8,68,58,4,1,0,0,0,42
10,67,54,3,0,0,1,0,43
11,48,40,5,0,0,1,0,43
11,64,59,1,0,0,0,1,44
8,66,41,5,0,0,0,0,49
7,40,55,2,1,0,0,0,44
8,58,53,1,1,0,0,0,42
9,41,44,5,0,0,1,0,47
7,45,49,4,0,0,0,1,46
10,46,51,2,1,0,0,1,46
9,63,41,2,0,0,1,0,41
11,60,47,2,0,0,0,0,47
6,55,48,5,0,0,1,0,50
5,41,50,3,0,0,1,0,47
5,62,48,3,0,1,1,0,48
7,56,49,4,0,0,0,0,46
9,52,57,1,0,0,0,0,43
10,53,57,1,0,0,0,0,49
6,58,49,5,0,0,0,0,49
9,62,43,1,0,0,0,1,48
8,54,45,3,0,0,1,0,48
5,58,48,1,1,0,1,0,49
10,59,57,1,1,0,0,0,45
6,45,57,1,1,0,1,0,43
5,69,45,3,0,0,1,0,41
6,66,56,1,0,0,0,1,42
8,68,47,2,0,0,1,0,48
11,61,42,2,0,0,0,0,50
8,46,55,5,1,0,0,0,41
7,62,58,4,0,0,0,0,42
6,62,40,1,1,0,0,0,42
9,57,42,1,1,0,0,0,42
11,50,46,3,0,0,1,0,46
11,43,41,5,0,0,0,0,41
8,58,45,5,1,0,1,0,44
9,47,46,4,0,0,0,0,44
7,68,55,2,0,0,0,0,45
7,64,53,3,0,0,1,0,47
7,57,49,2,1,0,1,0,50
9,54,42,4,0,0,0,0,48
10,48,47,5,0,1,1,0,49
9,53,55,3,1,0,1,0,49
9,48,54,5,0,0,0,1,43
5,59,45,5,0,0,0,0,47
9,61,52,1,0,0,0,0,41
7,47,40,3,0,0,0,0,45
11,50,48,1,0,0,0,1,41
9,44,57,4,0,1,1,0,50
11,60,47,1,0,0,0,0,49
6,59,51,2,0,0,1,0,44
5,42,43,4,0,0,0,0,47
10,44,55,2,0,0,1,0,46
9,57,51,5,0,0,0,0,50
5,40,42,3,0,0,1,0,43
5,45,47,2,0,0,0,0,50
11,69,43,3,1,0,0,0,44
6,57,40,4,0,0,1,0,48
7,65,47,2,0,0,0,0,42
7,45,59,5,1,0,1,0,42
11,60,49,1,1,0,1,0,42
10,61,40,4,0,0,0,0,50
10,68,49,5,0,1,0,0,42
5,59,51,3,0,0,0,0,49
5,48,41,1,1,0,0,0,47
10,66,40,3,1,0,0,0,44
5,51,53,1,0,0,0,0,44
6,67,56,2,0,0,1,0,41
8,44,52,2,0,0,0,0,42
6,55,52,1,0,0,0,0,41
8,43,48,4,0,0,0,0,45
8,46,59,5,0,0,0,0,47
6,48,54,4,0,0,1,0,48
7,53,40,1,0,0,0,0,49
8,52,59,2,0,0,1,0,49
7,58,40,2,0,0,0,1,48
10,61,52,1,0,0,1,0,48
8,50,53,1,0,0,0,0,45
9,66,48,5,0,0,0,0,49
11,42,46,4,0,0,0,0,48
11,54,47,4,1,0,0,0,44
10,43,49,4,0,0,0,0,47
7,67,53,4,0,0,1,0,41
8,61,44,5,1,0,0,0,46
10,55,45,2,0,0,1,0,48
9,47,53,5,0,0,0,0,45
7,68,52,1,1,0,1,0,42
8,49,40,2,0,0,0,0,44
7,46,53,2,0,0,0,0,44
9,64,58,3,0,0,1,0,48
11,57,47,5,0,0,0,0,46
5,44,45,2,0,0,0,0,48
9,63,41,1,0,0,1,0,46
5,44,55,5,0,0,0,0,41
5,41,54,5,0,0,0,0,50
10,52,43,2,1,0,0,0,43
5,45,44,3,0,1,1,0,45
10,62,51,2,0,1,0,1,46
5,49,58,4,1,0,1,0,48
10,61,48,4,0,0,0,1,44
9,56,47,1,0,0,0,0,44
9,51,55,4,0,0,0,0,50
8,51,59,3,1,0,1,0,48
7,68,46,3,0,0,1,0,43
6,65,50,1,0,0,0,0,49
5,66,59,2,0,0,0,1,45
9,64,43,4,0,0,1,0,47
7,60,48,2,1,0,1,0,41
11,62,46,3,1,0,0,1,47
9,57,55,4,0,0,0,0,45
11,64,57,2,1,0,1,0,50
11,48,44,4,0,0,1,0,48
5,53,55,3,1,0,1,0,45
10,68,50,2,0,0,0,0,45
7,61,50,2,0,0,1,0,49
10,62,45,1,0,0,1,0,45
11,56,40,1,1,0,1,0,44
6,63,47,5,0,0,0,0,42
7,40,55,1,0,0,0,0,45
5,55,47,5,0,0,1,0,45
5,66,47,3,0,0,1,0,47
5,42,55,1,0,0,0,0,44
9,53,42,2,0,0,0,0,45
11,68,53,2,0,0,0,1,44
5,51,45,4,0,0,1,0,46
6,56,42,5,1,0,0,1,50
5,48,57,3,1,0,0,1,49
9,49,40,5,0,0,1,0,45
7,47,40,5,1,0,0,0,44
11,63,57,3,0,0,0,0,41
5,45,49,1,0,0,0,0,46
10,46,45,5,1,0,0,1,46
6,66,52,5,0,0,0,0,46
11,64,45,5,0,0,0,0,50
9,41,55,1,0,1,1,0,50
9,41,53,1,0,0,1,0,47
9,67,44,4,1,0,1,0,46
11,43,40,3,0,0,0,0,50
9,54,56,1,1,0,0,0,47
6,46,51,5,0,0,0,0,42
9,52,54,1,0,0,0,0,44
7,62,52,3,0,0,0,0,43
10,46,55,5,0,0,0,0,48
7,69,44,4,1,0,0,0,44
6,63,45,3,1,0,0,0,46
8,42,40,3,0,0,1,0,47
10,68,56,5,1,0,1,0,48
8,46,45,2,1,0,0,0,41
6,50,45,5,0,0,0,0,41
11,56,42,4,0,0,0,0,48
11,41,44,5,0,0,0,0,49
9,68,41,2,1,0,0,0,43
11,54,53,2,0,1,0,0,46
7,69,47,1,1,0,0,0,50
5,52,51,4,1,0,0,0,50
11,66,55,4,0,0,0,0,46
11,54,45,4,0,0,0,0,42
10,47,42,4,0,0,1,0,43
8,46,55,3,0,0,1,0,41
5,53,54,1,0,0,0,0,44
10,61,57,1,0,0,1,0,45
5,40,48,5,1,0,0,0,42
10,65,50,2,1,0,0,0,41
9,63,41,2,0,0,1,0,44
6,50,47,2,0,0,1,0,43
10,61,48,4,0,0,0,0,45
9,46,54,4,1,0,0,0,43
10,49,54,2,0,0,0,0,42
10,46,40,5,0,0,0,1,47
11,47,43,5,1,0,0,0,43
11,44,42,4,0,0,0,1,45
6,51,43,2,0,0,0,0,48
11,48,50,2,0,0,1,0,44
9,63,45,1,0,0,0,0,46
8,60,42,2,0,0,0,0,42
11,49,56,2,0,0,1,0,47
11,54,45,3,0,1,0,0,41
9,48,41,2,0,0,0,0,41
6,69,59,1,0,0,0,0,45
9,52,58,3,0,0,0,0,46
6,60,42,4,1,0,0,0,42
6,60,52,3,1,0,0,0,42
7,42,50,3,0,0,1,0,41
7,54,42,4,0,0,0,0,48
8,59,50,3,0,0,0,0,46
5,49,48,5,0,0,1,0,47
8,69,57,5,0,0,1,0,42
8,63,43,2,0,0,0,0,49
7,52,51,2,0,0,0,0,45
11,65,59,1,0,0,0,0,50
6,45,46,5,1,0,1,0,46
5,69,54,2,1,0,0,1,44
8,56,41,3,0,0,1,0,44
8,54,58,1,1,0,0,0,43
9,43,53,5,1,0,0,0,43
5,45,52,1,0,0,0,0,48
11,52,46,1,1,0,0,0,49
11,61,56,4,0,1,0,0,42
5,57,56,5,0,0,1,0,46
9,43,56,2,0,0,0,0,46
8,69,54,3,0,0,0,0,45
8,47,41,4,1,0,1,0,41
5,46,42,4,1,0,0,0,47
8,53,44,2,1,0,1,0,47
10,46,58,4,1,0,1,0,50
5,48,41,5,0,0,1,0,47
5,40,45,3,1,0,1,0,45
5,61,45,1,0,0,1,0,47
11,69,43,1,0,0,0,1,42
10,66,51,5,0,0,0,0,42
7,43,45,4,1,0,0,0,42
6,46,40,4,0,1,0,0,41
10,65,47,4,0,0,1,0,43
9,59,58,1,0,0,1,0,45
6,62,54,4,0,0,0,0,44
6,69,53,1,0,0,1,0,49
8,44,52,3,1,0,0,0,43
11,65,49,4,0,1,0,0,45
8,48,53,3,1,0,0,0,49
6,60,58,3,1,0,1,0,48
11,44,53,1,0,0,0,0,45
11,44,45,3,1,0,1,0,42
10,65,42,4,0,1,1,0,45
8,40,45,4,1,0,0,0,41
10,66,40,5,0,0,0,0,42
11,53,40,2,1,0,1,0,46
11,48,46,5,1,0,1,0,44
9,64,47,2,0,0,0,0,46
9,58,45,4,0,0,1,0,46
9,44,51,1,1,0,0,0,47
5,45,46,1,0,1,0,0,44
10,58,51,2,1,0,1,0,44
7,62,47,4,0,0,1,0,44
7,64,40,1,1,0,0,0,49
6,47,53,1,0,0,1,0,47
11,65,55,1,1,0,0,0,41
6,58,57,1,0,0,1,0,49
8,66,51,2,0,1,1,0,43
6,58,54,2,1,0,0,0,49
10,52,50,5,0,0,0,1,43
10,52,51,2,0,0,1,0,43
10,68,50,1,0,0,0,0,50
11,53,49,2,1,0,0,0,49
6,59,51,1,0,0,1,0,47
8,52,51,2,0,0,0,1,42
11,60,47,4,0,0,0,1,42
6,45,51,1,0,0,1,0,46
5,51,47,1,1,0,1,0,49
7,48,56,5,1,0,0,0,43
7,41,45,1,0,1,0,0,48
7,44,42,2,0,0,0,0,48
8,69,51,1,0,0,0,0,41
7,51,44,2,0,0,1,0,43
8,59,42,5,1,0,0,0,45
6,65,49,1,0,0,1,0,49
6,66,45,4,0,0,1,0,50
9,50,47,4,0,0,1,0,45
11,61,53,2,1,0,0,0,41
7,40,42,1,0,1,1,0,41
6,65,48,5,1,0,1,0,49
6,55,55,1,1,0,1,0,46
6,45,55,2,0,0,1,0,42
10,56,54,2,1,0,1,0,48
5,41,41,1,1,0,0,1,41
6,68,44,5,0,0,0,0,47
10,46,53,5,0,0,1,0,42
6,42,44,2,0,0,0,1,46
9,45,48,5,0,0,0,0,45
11,43,50,5,0,0,1,0,45
10,43,41,3,1,0,1,0,44
9,42,54,1,1,0,1,0,47
7,58,42,3,0,0,0,0,41
11,42,48,3,0,0,1,0,41
5,51,54,1,0,0,0,0,41
11,61,51,1,1,0,0,0,44
11,58,49,3,0,0,0,0,44
8,53,44,4,0,0,0,0,48
10,68,40,1,0,0,0,0,50
5,42,47,4,0,0,1,0,41
10,69,48,2,0,0,1,0,42
11,57,48,3,0,0,0,0,49
5,67,47,2,1,0,0,0,45
10,46,50,2,0,0,0,1,41
7,64,55,4,1,0,1,0,49
5,59,55,3,0,0,1,0,45
10,47,58,4,0,0,1,0,46
11,42,45,4,0,1,0,0,43
11,53,55,5,0,0,0,1,43
7,62,57,4,0,0,0,0,49
5,67,52,1,0,0,1,0,42
7,63,47,2,1,0,0,0,46
7,61,53,4,0,0,0,0,50
8,41,47,4,1,0,0,0,42
11,46,45,1,0,0,1,0,45
7,43,44,2,1,0,1,0,45
7,57,48,1,0,0,0,1,49
8,64,53,5,1,0,0,0,48
10,64,53,3,1,0,1,0,44
5,45,55,2,0,0,1,0,46
8,41,53,1,0,0,0,1,42
5,63,45,4,1,0,1,0,45
7,49,52,2,1,0,1,0,49
6,69,57,4,0,1,0,0,48
5,45,49,2,1,0,1,0,42
6,66,42,1,0,0,1,0,41
9,40,48,4,0,0,0,0,42
11,65,49,3,0,0,0,0,41
9,57,53,5,0,0,1,0,46
5,66,55,5,0,0,1,0,43
10,64,49,3,1,0,0,0,48
11,59,55,5,0,0,0,0,44
5,64,50,5,0,0,0,1,50
10,62,46,1,0,0,1,0,46
5,61,48,5,0,0,1,0,47
8,44,48,3,0,0,1,0,47
11,50,58,5,0,0,0,0,42
9,48,45,1,0,0,0,0,50
10,48,40,5,0,0,1,0,43
8,50,53,2,0,0,0,0,49
9,52,49,5,1,0,1,0,44
5,47,55,3,0,0,0,0,50
10,59,47,2,1,0,1,0,50
6,40,47,4,0,0,1,0,45
7,65,59,3,0,1,0,1,42
5,60,51,5,0,0,0,0,42
10,48,41,1,1,0,0,0,44
11,59,59,2,0,0,0,0,41
9,49,45,1,0,0,0,0,45
10,56,59,3,0,0,0,0,41
7,68,42,5,1,0,1,0,50
5,45,46,4,0,0,1,0,41
10,56,49,5,1,0,1,0,41
9,53,59,3,1,0,0,0,48
7,62,53,3,1,0,0,0,44
5,54,42,2,1,0,1,0,41
10,69,56,3,0,1,0,0,50
8,62,51,5,1,0,1,0,48
6,64,56,4,1,0,1,0,47
6,46,50,1,0,0,1,0,44
7,49,41,3,1,0,0,1,46
7,61,47,5,0,0,0,0,49
10,57,55,1,1,0,1,0,50
6,61,50,3,1,0,0,0,49
9,62,42,4,0,1,0,0,42
7,67,48,5,0,0,1,0,45
11,45,57,2,0,0,1,0,41
8,41,50,2,0,0,0,0,49
7,57,48,4,0,1,1,0,41
7,44,44,5,1,0,1,0,47
5,68,47,5,0,0,1,0,47
8,60,56,5,0,0,0,0,44
5,50,55,5,0,0,0,0,49
10,59,46,2,1,0,1,0,48
9,61,59,3,0,0,1,0,45
7,64,56,3,0,0,0,0,49
8,43,40,1,1,0,1,0,42
10,48,46,1,0,0,1,0,45
11,62,57,1,0,0,1,0,49
5,42,46,3,0,1,0,1,47
10,64,57,1,0,0,0,0,41
6,40,59,4,0,0,0,0,45
11,59,43,1,1,0,1,0,45
11,49,52,3,0,0,0,0,47
6,50,52,4,0,0,1,0,46
10,64,40,5,0,0,0,0,45
5,49,43,4,1,0,1,0,48
8,64,51,3,0,0,1,0,44
5,52,59,1,1,0,0,0,46
7,47,56,2,1,0,1,0,46
6,49,52,4,0,0,0,1,41
7,44,41,5,0,0,0,0,46
6,41,48,1,0,0,0,0,46
6,69,44,2,1,0,1,0,48
10,56,49,3,1,0,0,1,50
8,52,54,1,1,0,0,1,45
7,46,42,5,0,0,0,0,48
8,50,50,2,0,0,0,0,43
11,59,56,3,0,0,0,0,50
10,41,55,4,0,0,1,0,46
9,41,41,2,1,0,1,0,45
7,41,51,1,0,1,0,1,45
10,65,50,1,0,0,0,0,46
9,48,48,5,1,0,0,1,44
6,43,51,2,0,0,0,0,44
10,53,43,1,0,0,1,0,46
9,59,49,3,0,0,1,0,50
9,60,40,1,0,0,0,1,49
10,63,46,4,0,0,0,0,50
5,50,40,2,0,1,1,0,47
5,59,55,2,0,0,1,0,46
7,45,46,4,0,0,0,0,46
5,67,57,2,0,0,0,0,50
6,64,45,1,0,0,0,0,46
7,63,40,2,1,0,0,0,43
6,65,59,5,0,0,1,0,47
6,41,45,1,0,0,1,0,50
5,45,47,2,0,0,1,0,42
8,51,47,1,0,0,0,0,45
9,46,56,5,0,0,1,0,42
11,49,47,2,0,0,0,0,46
8,67,53,3,1,0,0,0,44
8,56,44,5,1,0,1,0,42
6,48,45,2,0,1,1,0,43
7,58,41,1,0,0,1,0,45
11,44,50,5,1,0,1,0,45
7,46,45,4,1,0,0,0,46
11,40,41,3,1,0,0,0,46
10,61,42,4,0,0,0,0,41
5,55,40,5,1,0,0,0,43
7,67,50,2,0,0,0,0,42
7,64,46,1,0,0,1,0,42
11,68,50,3,1,0,0,1,44
5,58,50,2,0,0,1,0,45
6,54,49,4,0,1,0,0,49
7,42,52,4,1,0,1,0,46
8,51,46,3,0,0,0,0,47
10,63,43,4,0,0,1,0,47
6,50,47,5,1,0,0,0,50
8,63,46,4,0,0,0,0,45
7,54,47,3,0,0,1,0,48
6,57,45,4,1,0,0,0,46
5,62,55,5,0,0,0,0,41
9,47,43,5,0,0,1,0,45
7,45,45,1,1,0,1,0,45
8,66,59,3,0,0,1,0,45
8,49,55,1,0,0,0,0,46
6,52,59,2,1,0,1,0,47
9,64,57,4,1,0,0,0,49
5,60,56,2,1,0,1,0,49
10,43,56,2,0,0,0,0,48
7,56,52,1,0,1,1,0,47
8,40,56,1,0,1,1,0,42
6,46,42,5,0,0,1,0,41
10,65,49,5,1,0,0,0,44
8,40,49,4,1,0,1,0,42
5,56,59,4,0,0,0,0,43
6,40,51,2,0,0,0,0,47
11,68,41,3,0,0,0,0,50
6,51,53,3,1,0,1,0,41
11,44,40,1,1,0,0,0,43
7,40,55,5,0,0,0,0,47
8,59,57,4,0,0,1,0,42
6,44,56,2,0,0,1,0,42
10,55,41,3,0,0,0,0,50
8,61,47,3,0,0,1,0,42
5,66,41,5,0,0,1,0,43
8,63,45,3,0,0,0,0,43
11,48,59,4,0,0,0,1,47
9,67,44,3,0,0,1,0,44
10,53,53,2,0,0,0,0,47
5,60,58,5,0,1,0,0,43
7,46,41,4,0,1,0,1,45
6,50,57,3,0,0,1,0,49
7,53,57,4,0,0,0,1,43
10,55,51,3,1,0,0,0,49
11,47,49,4,0,0,1,0,48
5,51,45,2,1,0,0,0,47
9,43,43,3,0,0,0,0,44
6,62,41,1,1,0,1,0,50
7,53,40,1,1,0,0,0,43
7,49,51,3,0,0,0,1,47
5,60,50,1,0,0,0,0,47
10,63,47,1,0,0,1,0,43
9,40,44,1,0,0,0,0,44
8,64,57,4,0,0,0,0,44
8,47,42,2,1,0,0,0,42
11,69,54,4,0,0,0,0,50
6,67,42,3,0,0,0,0,42
7,68,57,2,0,1,1,0,49
6,65,54,3,0,0,1,0,49
7,61,54,4,0,0,0,1,50
5,65,44,2,1,0,0,0,49
8,46,52,4,1,0,0,0,45
7,65,54,2,1,0,0,0,48
11,63,48,4,0,0,1,0,42
8,43,45,1,0,0,0,1,44
7,49,51,3,0,0,1,0,50
5,52,41,4,0,0,0,0,45
7,50,46,2,0,0,0,0,48
7,43,56,1,0,0,0,0,50
6,45,58,4,0,0,0,0,43
8,55,58,1,0,0,0,0,41
10,59,50,2,0,1,0,0,44
9,41,47,2,0,0,0,0,41
6,45,43,2,0,0,0,0,49
8,48,46,2,0,0,0,1,49
10,60,51,1,0,0,0,0,43
9,60,44,5,0,1,0,1,45
5,41,53,4,0,0,1,0,41
5,66,52,4,0,0,1,0,46
6,52,41,5,1,0,0,0,43
11,54,59,1,0,0,0,1,46
8,43,49,3,0,0,0,0,46
11,45,42,1,0,0,0,1,46
14,51,54,5,1,0,0,0,55
10,59,51,3,0,0,0,0,58
10,50,66,4,1,0,1,0,52
12,77,57,2,1,0,0,0,58
14,60,53,2,1,0,0,1,59
13,77,62,2,0,0,0,0,53
8,52,58,6,0,0,1,0,57
12,54,59,6,0,1,0,1,56
11,51,59,4,1,0,1,0,59
12,53,56,6,1,0,1,0,51
14,53,61,3,0,1,1,0,55
13,55,53,4,0,0,0,0,57
12,71,63,4,0,0,0,0,57
9,51,50,2,0,0,1,0,55
14,73,59,6,1,0,0,0,59
13,61,68,6,0,0,1,0,52
14,52,68,5,0,0,1,0,60
9,52,69,5,0,0,1,0,52
14,57,66,2,0,0,1,0,56
13,76,60,3,0,0,1,0,54
11,75,51,2,1,0,1,0,53
12,64,50,2,1,0,0,0,52
11,53,69,2,0,1,1,0,60
10,73,60,2,1,0,1,0,56
13,72,59,3,0,0,1,0,55
9,78,54,4,1,0,0,0,57
9,73,67,4,0,0,0,0,58
11,56,59,2,0,0,0,1,51
8,53,61,6,0,0,0,1,55
13,51,58,3,0,0,0,1,58
12,73,53,2,0,0,1,0,60
10,79,63,2,0,0,0,0,58
11,52,62,3,1,0,1,0,58
8,60,55,2,0,0,1,0,58
14,79,67,6,0,0,1,0,58
13,77,59,3,0,0,1,0,52
11,63,62,5,0,0,0,0,57
8,56,58,5,0,0,0,0,52
13,64,65,4,1,0,1,0,60
13,76,54,6,1,0,0,1,58
13,69,55,3,1,0,0,0,60
13,75,60,4,1,0,0,0,54
10,57,58,6,0,1,1,0,59
14,63,64,4,0,0,1,0,55
12,79,64,4,0,0,0,0,60
13,77,63,4,1,0,1,0,55
13,61,62,5,0,0,0,0,54
14,73,67,4,0,0,0,0,60
9,79,53,2,1,0,0,0,55
10,62,53,2,0,0,0,0,54
12,54,58,2,0,0,0,0,51
9,61,56,6,0,0,0,0,59
8,59,65,6,0,0,1,0,60
13,78,60,4,1,0,1,0,57
9,58,66,4,1,0,1,0,52
13,69,62,6,0,0,0,0,58
12,76,65,3,1,0,1,0,52
12,63,65,4,1,0,0,0,58
10,73,50,3,0,0,1,0,57
9,61,60,6,0,0,0,1,58
11,65,59,3,0,1,0,1,55
14,69,66,3,1,0,0,1,53
11,62,64,6,1,0,1,0,56
12,69,52,6,0,0,1,0,57
10,79,56,3,1,0,1,0,58
14,70,68,2,0,0,1,0,54
11,67,69,2,1,0,1,0,58
10,71,54,4,0,0,1,0,53
9,68,66,2,1,0,1,0,54
8,57,64,5,1,0,0,0,52
14,74,56,3,0,0,1,0,53
14,59,63,2,0,0,0,0,55
13,76,61,6,0,0,0,1,60
10,70,55,4,0,0,1,0,55
14,71,58,5,0,0,1,0,53
11,58,68,6,0,1,1,0,54
8,74,65,5,0,0,0,0,60
8,59,52,6,0,1,1,0,53
14,62,55,3,0,0,1,0,53
12,68,58,3,0,0,1,0,60
9,71,68,3,0,0,1,0,57
14,69,66,5,1,0,1,0,58
14,67,62,6,0,0,0,0,60
9,60,66,3,0,1,0,0,59
10,60,56,5,0,0,0,0,57
13,77,53,3,0,0,0,0,56
12,67,68,4,0,0,0,1,55
10,72,60,2,1,0,1,0,55
12,56,69,5,0,0,0,0,58
10,67,66,4,0,0,0,0,53
9,60,65,6,0,0,0,0,51
14,68,59,6,1,0,0,0,56
8,72,50,2,1,0,1,0,51
12,68,56,6,1,0,0,0,59
11,59,54,2,0,0,1,0,52
8,56,68,3,1,0,1,0,53
11,63,53,2,1,0,0,0,56
12,68,62,6,1,0,1,0,54
11,76,61,6,0,0,1,0,56
8,79,69,6,0,0,0,0,52
11,53,52,6,1,0,0,1,51
8,68,56,4,0,0,0,0,51
12,58,54,5,1,0,1,0,55
12,79,53,5,0,0,1,0,60
9,66,52,4,0,0,0,0,58
13,63,59,2,0,0,0,1,52
11,54,54,4,0,0,0,0,55
14,67,52,5,0,0,0,0,57
9,60,54,6,0,0,0,0,57
12,75,52,5,0,0,0,0,60
9,58,65,5,1,0,1,0,51
8,63,55,5,1,0,0,0,54
9,58,69,3,1,0,0,0,58
9,60,55,5,0,0,0,0,53
14,57,68,2,0,0,0,0,59
11,78,59,2,0,0,1,0,55
13,51,57,3,0,0,1,0,58
13,50,69,5,1,0,0,0,54
13,72,54,3,1,0,1,0,58
14,62,67,4,1,0,1,0,53
8,63,58,2,1,0,1,0,53
11,69,68,5,0,0,1,0,53
14,78,62,2,1,0,0,0,55
8,60,67,6,0,0,0,0,58
11,68,69,5,1,0,1,0,51
9,64,53,4,0,0,1,0,57
13,55,64,4,0,0,1,0,51
11,71,50,2,1,0,1,0,52
13,63,58,5,0,0,0,0,56
10,77,69,2,0,0,0,0,60
12,69,65,4,0,0,0,0,54
12,51,50,4,0,0,0,0,57
13,75,65,6,0,0,1,0,57
14,76,67,4,0,0,0,0,60
8,64,52,5,1,0,0,0,52
11,68,63,3,1,0,1,0,51
14,62,69,6,1,0,0,0,52
14,61,69,3,0,0,0,0,59
13,71,50,6,0,0,1,0,59
10,72,59,3,0,0,1,0,56
13,51,53,2,0,0,0,0,53
13,65,67,6,0,0,0,0,52
11,77,66,6,0,0,1,0,52
14,71,50,6,0,0,1,0,51
10,76,52,2,1,0,1,0,55
14,65,53,6,0,0,1,0,58
10,74,52,4,1,0,1,0,52
14,66,66,6,0,0,1,0,57
14,77,64,3,0,0,0,1,51
10,61,53,6,1,0,0,0,60
14,60,64,4,1,0,0,1,56
11,57,50,4,0,0,0,0,56
12,60,65,4,0,0,0,0,56
12,67,54,3,1,0,1,0,52
10,77,63,3,0,0,1,0,52
8,54,52,3,0,0,1,0,56
9,61,68,5,0,0,0,1,54
8,58,50,2,0,0,0,0,53
9,59,67,4,0,0,0,0,59
8,74,51,5,0,0,1,0,56
12,73,66,2,0,0,0,0,53
9,54,55,3,0,0,0,0,56
10,78,65,5,0,1,0,0,55
9,76,54,5,0,0,0,0,56
8,50,64,3,0,0,0,0,54
11,67,52,5,0,0,0,0,56
13,65,68,2,0,0,0,1,55
11,76,57,4,0,0,1,0,55
14,66,69,2,0,0,0,0,55
9,79,51,2,1,0,1,0,51
13,71,57,3,0,0,0,0,58
12,71,69,6,0,0,1,0,53
14,64,64,5,0,0,1,0,57
13,74,53,5,0,0,1,0,57
10,75,51,4,0,0,1,0,60
12,72,68,2,0,0,0,0,55
13,69,64,5,0,0,1,0,56
8,76,65,6,0,0,1,0,51
8,57,65,4,0,0,0,0,56
11,79,59,6,1,0,0,0,51
8,73,68,4,0,0,1,0,56
13,51,69,5,0,0,1,0,53
8,63,55,4,1,0,1,0,55
13,54,56,2,1,0,1,0,52
10,67,51,2,1,0,1,0,59
11,61,54,5,1,0,1,0,56
11,72,69,5,0,0,0,0,57
12,55,64,6,1,0,1,0,54
10,74,58,3,1,0,1,0,56
11,73,62,3,1,0,1,0,60
9,56,55,6,0,0,0,0,55
14,51,68,5,0,0,0,1,55
8,75,65,6,1,0,0,0,52
8,50,51,6,0,0,1,0,52
8,73,60,4,0,0,0,0,54
9,51,63,5,0,0,0,0,57
12,73,53,6,0,0,1,0,58
11,79,52,5,1,0,0,0,51
10,73,63,4,1,0,1,0,56
11,56,56,6,0,0,1,0,58
11,62,58,4,0,0,0,0,52
9,68,68,4,1,0,1,0,51
11,51,54,2,1,0,1,0,53
8,56,50,3,1,0,0,0,51
14,58,65,5,0,1,0,0,52
13,75,59,6,0,0,1,0,53
10,52,59,3,0,0,1,0,52
9,71,63,2,1,0,0,0,56
8,76,65,6,0,0,1,0,57
9,70,54,4,0,0,0,0,53
10,54,57,5,1,0,0,0,55
9,58,60,6,1,0,1,0,54
8,60,61,3,0,0,1,0,57
12,53,52,6,0,0,0,0,55
12,73,69,4,0,0,1,0,53
10,67,64,2,1,0,0,0,51
10,63,52,3,1,0,0,0,53
9,58,66,2,0,0,1,0,56
8,68,50,5,0,0,1,0,54
8,63,64,4,0,0,0,0,54
14,66,50,3,0,0,0,0,52
8,74,54,6,1,0,0,1,55
12,55,51,5,1,0,1,0,59
13,63,60,4,0,0,0,0,53
9,68,60,2,1,0,0,0,57
9,61,55,3,0,0,0,0,59
11,71,64,5,0,0,0,1,55
11,51,56,4,1,0,0,0,51
13,75,52,2,0,0,0,0,59
8,60,52,2,1,0,1,0,58
13,73,68,6,1,0,1,0,60
13,61,67,3,0,0,1,0,51
12,65,59,4,1,0,0,0,55
14,56,61,2,0,0,0,0,54
10,68,69,2,0,0,1,0,52
14,61,55,2,0,1,1,0,55
8,71,50,2,1,0,1,0,58
14,79,65,6,1,0,0,0,54
11,51,62,5,0,0,0,0,54
13,63,68,3,1,0,0,0,59
8,58,60,6,0,0,0,0,51
14,53,68,2,0,0,0,0,51
11,59,59,6,0,0,1,0,53
14,58,56,4,0,0,0,1,60
8,57,58,6,0,1,0,0,51
11,56,63,6,0,0,0,0,53
9,66,63,2,0,0,0,0,56
12,62,53,2,0,0,1,0,55
13,67,50,6,0,0,0,0,56
9,76,57,4,0,0,0,0,55
14,56,57,2,0,0,0,0,54
12,74,62,2,0,0,0,0,59
14,54,57,4,0,0,1,0,53
9,59,52,5,0,0,0,0,58
14,63,50,3,1,0,0,0,53
14,61,54,6,0,0,1,0,53
14,52,66,3,0,0,0,0,53
11,56,54,4,0,0,0,0,53
14,69,65,6,0,0,0,0,60
14,70,54,2,0,0,1,0,59
11,72,64,3,1,0,0,0,52
10,70,57,2,1,0,0,0,59
8,73,66,6,0,0,1,0,53
8,70,68,6,1,0,1,0,59
8,58,53,6,0,0,0,1,59
13,61,61,6,0,0,0,1,53
14,77,68,4,1,0,1,0,57
14,72,50,3,0,0,0,0,56
14,68,62,2,0,0,0,0,51
9,71,63,4,1,0,0,0,58
13,52,59,2,0,0,0,0,60
8,59,59,6,0,0,0,1,54
12,78,59,3,1,0,1,0,59
9,50,53,2,1,0,0,1,60
10,52,55,5,0,0,1,0,54
12,62,63,4,1,0,0,0,51
14,74,54,6,0,0,0,0,54
13,67,64,4,1,0,0,0,51
8,50,55,4,0,0,0,0,55
9,57,68,4,1,0,0,1,56
9,54,65,4,0,1,1,0,54
10,66,56,5,0,0,1,0,51
10,70,54,4,1,0,1,0,53
14,55,55,3,1,0,1,0,52
12,53,52,6,1,0,0,0,60
11,77,52,6,0,0,1,0,51
11,76,61,4,0,0,0,1,59
10,59,65,2,1,0,0,0,58
9,54,60,2,1,0,0,0,57
14,53,52,2,1,0,1,0,52
8,65,54,3,1,0,1,0,52
13,65,60,4,0,0,1,0,53
14,52,53,4,1,0,0,0,52
13,79,60,3,1,0,1,0,56
8,54,65,2,0,1,1,0,51
14,54,61,2,0,0,0,0,53
9,59,61,4,0,0,1,0,58
8,61,53,3,0,0,1,0,53
13,55,68,3,0,0,1,0,57
13,63,53,2,1,0,0,0,53
13,68,58,5,0,0,0,0,58
9,64,65,3,0,0,0,1,51
12,60,62,3,1,0,1,0,51
13,59,60,2,1,0,0,1,58
12,62,64,2,0,0,0,0,58
10,68,67,4,0,0,0,0,55
11,55,60,5,0,0,1,0,53
14,61,57,6,1,0,0,0,57
12,73,54,5,0,0,1,0,51
14,51,67,3,1,0,1,0,57
13,53,67,5,1,0,0,0,52
13,58,59,5,0,0,1,0,56
13,63,60,6,1,0,0,0,54
10,71,67,2,0,0,1,0,52
13,77,59,4,1,0,0,0,57
8,63,62,5,0,0,0,0,54
13,52,50,4,0,0,1,0,58
11,52,53,5,0,0,0,0,54
8,50,52,6,0,0,1,0,51
11,52,55,5,0,0,0,0,60
14,78,59,5,0,0,1,0,57
12,75,56,5,1,0,1,0,51
12,68,56,3,1,0,1,0,55
8,63,57,4,1,0,0,0,57
13,63,56,5,0,0,0,0,52
8,52,56,5,1,0,1,0,51
11,56,60,5,0,0,0,0,58
11,78,62,5,1,0,0,0,60
11,74,68,5,0,0,1,0,51
12,78,51,2,1,0,0,0,52
8,70,62,2,0,0,0,0,53
8,54,65,4,0,0,0,0,53
13,70,52,6,0,0,0,1,59
9,76,55,4,1,0,0,0,56
10,54,68,5,0,0,0,0,56
13,72,66,2,1,0,1,0,56
11,76,60,6,0,0,0,0,51
10,73,52,2,0,0,0,0,60
12,77,68,5,0,0,0,1,55
10,76,68,4,0,0,0,0,59
13,77,62,5,1,0,1,0,58
12,55,53,2,0,1,0,0,51
11,67,63,6,0,0,1,0,59
9,68,68,5,1,0,1,0,58
11,65,64,4,0,0,0,0,53
8,79,54,3,0,0,1,0,53
13,61,67,4,1,0,0,0,53
9,58,63,3,0,0,0,0,54
10,77,54,5,0,0,0,0,57
14,61,54,4,0,0,0,0,52
10,55,54,4,1,0,0,0,54
11,62,60,3,1,0,1,0,56
11,70,57,6,0,0,0,0,59
14,69,59,4,1,0,1,0,60
14,68,66,5,1,0,1,0,57
9,54,52,3,0,0,1,0,57
9,50,65,3,0,0,0,0,56
12,68,57,4,1,0,0,0,55
8,57,52,6,0,0,0,1,57
11,74,63,3,1,0,1,0,55
8,59,54,5,0,0,0,0,59
9,75,63,4,0,0,1,0,54
10,79,66,6,1,0,0,0,58
10,56,53,6,0,0,1,0,51
9,74,61,6,1,0,0,0,60
9,66,53,6,1,0,0,0,59
14,78,58,4,0,0,1,0,57
8,56,58,5,1,0,1,0,52
8,78,56,3,1,0,0,0,59
13,55,64,5,1,0,1,0,58
12,74,67,3,0,0,1,0,51
10,69,54,4,0,0,1,0,58
12,64,66,2,1,0,0,0,58
13,71,56,6,0,0,1,0,60
14,70,55,6,1,0,0,1,55
14,74,52,6,1,0,1,0,59
12,51,50,5,0,0,1,0,54
14,58,57,5,0,0,1,0,59
9,51,56,2,0,0,0,0,54
13,59,59,5,1,0,0,1,51
10,52,59,3,0,0,1,0,53
10,52,63,5,0,0,1,0,56
14,64,62,6,0,0,1,0,52
13,50,50,3,0,0,0,1,55
8,51,56,4,0,0,1,0,60
13,76,57,5,0,0,1,0,56
10,71,56,6,1,0,0,0,54
8,59,69,5,0,0,1,0,60
9,73,62,4,0,0,1,0,51
14,75,55,2,1,0,1,0,53
8,73,53,6,0,0,1,0,54
12,58,68,2,0,0,0,0,56
12,62,56,3,1,0,1,0,58
14,51,57,6,0,0,0,0,53
8,60,66,3,0,0,0,1,55
12,65,60,4,0,0,0,0,59
13,62,65,6,0,0,0,0,52
12,53,68,6,1,0,1,0,51
9,73,69,4,1,0,1,0,55
12,68,67,6,0,0,1,0,59
11,58,67,4,0,0,0,0,59
12,57,51,3,0,0,0,0,60
14,77,66,2,0,1,0,1,56
12,77,53,4,0,0,0,1,52
11,69,57,4,1,0,1,0,59
8,59,59,4,1,0,1,0,52
12,65,53,3,0,0,1,0,59
13,55,67,3,1,0,0,0,57
14,58,65,3,0,0,0,0,52
11,77,57,3,1,0,1,0,54
14,70,61,3,0,0,0,0,58
12,68,56,2,0,0,0,0,54
14,74,54,2,0,0,1,0,53
8,60,54,4,1,0,1,0,55
12,60,58,5,0,0,1,0,56
9,70,50,6,0,0,1,0,54
14,66,64,6,0,0,1,0,54
12,77,54,2,0,0,0,0,52
8,61,51,5,0,1,0,0,53
13,76,57,4,0,0,1,0,57
13,57,50,6,1,0,1,0,52
10,51,51,2,0,0,0,0,58
12,68,53,4,0,0,1,0,55
12,65,56,2,0,0,0,0,55
13,73,68,2,0,0,1,0,57
14,68,65,3,0,0,0,0,58
13,63,63,4,0,0,1,0,51
8,69,51,3,1,0,0,0,52
13,67,63,3,1,0,0,0,56
10,71,60,6,0,0,0,0,56
8,62,52,6,0,0,1,0,58
12,71,62,4,0,0,1,0,51
10,64,66,5,0,0,1,0,59
13,54,58,3,0,0,1,0,57
14,58,67,3,0,0,1,0,55
8,72,61,2,1,0,1,0,52
13,66,58,5,0,0,0,0,52
14,53,67,2,1,0,0,0,51
12,75,67,3,0,0,0,0,52
10,67,51,6,1,0,0,0,59
13,60,67,3,0,0,1,0,58
12,58,61,3,0,0,1,0,53
13,57,64,5,0,0,0,0,57
10,65,55,6,1,0,0,0,58
14,60,58,3,0,0,0,0,59
11,56,66,4,0,0,1,0,56
14,56,54,6,0,0,1,0,51
8,79,60,5,1,0,0,0,58
13,53,67,4,1,0,1,0,52
9,77,58,6,1,0,1,0,59
12,79,66,6,0,1,0,0,59
11,57,58,5,0,0,0,0,60
8,74,62,2,0,0,1,0,51
13,59,62,5,1,0,0,0,57
10,74,58,3,1,0,1,0,57
10,53,60,5,0,0,0,0,53
11,62,66,2,0,0,0,0,51
8,59,66,3,1,0,1,0,60
13,67,57,5,1,0,1,0,59
13,50,60,3,0,0,0,0,54
12,70,61,2,0,0,0,0,59
12,69,61,2,0,0,0,0,57
10,53,58,4,0,0,1,0,52
12,73,68,3,0,0,1,0,59
11,57,69,2,0,0,0,0,52
12,56,53,5,1,0,1,0,56
12,57,67,6,0,0,0,0,56
8,50,66,2,1,0,0,0,57
9,59,69,2,0,0,0,0,60
13,61,54,2,1,0,1,0,59
13,55,52,4,0,0,0,0,58
10,61,69,2,0,0,0,0,60
9,67,67,3,0,0,0,0,56
13,71,55,5,0,0,1,0,53
10,59,67,5,1,0,0,0,60
11,55,55,2,0,0,0,0,60
13,53,55,3,0,1,1,0,55
9,74,65,2,0,0,0,0,59
10,59,50,2,0,0,1,0,55
11,70,53,3,0,0,0,0,56
10,69,60,5,0,0,0,1,53
13,61,65,2,0,0,0,0,51
14,70,60,2,0,0,0,0,54
8,51,57,5,1,0,0,0,55
12,79,58,5,0,0,0,1,57
12,61,53,3,0,0,0,0,57
9,73,56,4,1,0,0,0,54
8,78,63,2,0,0,0,0,54
9,55,67,5,0,0,1,0,60
9,61,56,3,1,0,1,0,57
14,58,59,4,1,0,0,1,55
12,69,55,5,0,0,1,0,54
14,61,68,6,1,0,0,0,59
10,55,56,2,0,0,1,0,58
14,75,61,5,0,0,1,0,59
14,70,68,3,1,0,1,0,52
13,58,66,2,1,0,1,0,51
9,51,64,4,0,0,1,0,52
9,79,69,4,1,0,1,0,54
12,57,51,5,0,0,1,0,58
14,63,52,6,0,0,0,0,58
13,73,58,6,0,0,0,0,54
8,62,68,4,0,0,1,0,58
13,65,62,3,0,0,1,0,59
11,73,52,4,0,0,1,0,51
8,67,52,6,0,0,0,0,53
10,50,55,5,1,0,1,0,54
9,73,50,6,0,0,0,0,60
13,58,67,6,0,0,0,0,52
13,58,56,6,0,0,1,0,57
12,65,69,3,0,0,1,0,54
8,73,60,2,1,0,1,0,51
11,63,54,4,0,0,1,0,52
8,76,63,3,0,0,1,0,52
11,73,53,4,0,0,0,0,52
9,50,54,5,1,0,0,0,53
8,75,50,5,1,0,1,0,53
12,61,52,5,0,0,1,0,52
12,58,66,6,1,0,0,1,55
9,50,68,3,0,0,1,0,58
9,62,55,2,0,0,0,0,51
12,53,52,2,0,0,0,1,53
12,58,52,4,1,0,1,0,59
13,66,64,2,1,0,1,0,53
13,56,59,3,1,0,1,0,57
10,79,65,2,0,0,1,0,57
8,79,68,3,0,0,1,0,59
9,68,64,4,0,0,0,0,59
12,71,53,6,1,0,1,0,57
10,70,54,3,0,0,1,0,55
10,50,61,5,0,0,1,0,55
10,61,52,5,1,0,1,0,52
13,61,59,6,0,0,1,0,60
8,54,54,5,0,0,1,0,52
13,79,57,4,0,0,0,0,59
13,57,61,5,0,0,1,0,60
14,57,69,5,0,0,1,0,57
11,50,61,2,0,0,0,1,57
12,75,65,5,1,0,1,0,55
11,77,61,2,0,0,1,0,53
13,62,62,3,0,0,0,0,58
13,71,68,2,1,0,1,0,53
14,70,58,4,1,0,0,0,53
11,63,68,5,0,0,0,0,60
13,55,57,6,1,0,0,0,52
9,75,56,6,1,0,1,0,57
8,68,56,4,1,0,0,0,53
9,51,64,3,0,0,0,0,60
9,56,63,5,0,0,0,0,54
13,61,61,3,0,0,0,0,53
8,64,52,6,0,0,0,0,54
12,65,61,3,0,0,1,0,58
12,71,56,5,0,0,0,0,52
8,73,54,2,0,0,1,0,54
12,55,56,4,1,0,0,0,59
8,59,54,6,0,0,1,0,55
11,66,52,6,0,0,1,0,58
9,79,50,3,0,0,0,0,55
8,75,55,2,0,0,0,0,60
14,58,64,6,0,0,1,0,51
11,50,52,4,1,0,1,0,51
10,54,51,2,1,0,1,0,57
13,67,64,2,0,0,0,0,54
9,51,51,2,0,0,0,0,53
10,56,54,2,0,0,0,1,52
8,79,54,4,1,0,1,0,52
8,76,63,2,0,0,0,0,55
13,72,51,5,0,0,0,0,56
12,75,59,6,0,0,1,0,55
8,68,56,2,0,0,1,0,54
9,75,64,5,0,0,1,0,59
9,54,50,5,1,0,1,0,52
8,50,61,2,0,0,1,0,55
10,51,57,3,1,0,1,0,52
8,69,50,3,1,0,1,0,52
10,54,62,6,1,0,1,0,60
13,75,55,4,1,0,1,0,57
14,77,58,5,0,0,0,0,60
12,63,62,3,1,0,1,0,51
12,72,61,2,0,0,0,0,51
12,51,67,6,1,0,1,0,53
10,65,55,3,0,0,0,0,59
11,52,62,2,0,0,0,0,60
13,55,58,4,0,0,1,0,59
11,50,55,2,0,0,0,1,54
9,68,51,4,0,0,1,0,56
14,59,63,4,0,0,0,1,51
10,51,54,5,1,0,0,0,53
14,55,62,4,0,0,0,1,57
10,52,68,6,0,0,1,0,51
14,66,61,5,0,0,1,0,58
12,67,61,4,1,0,0,0,55
9,70,65,6,0,0,0,0,53
11,56,69,4,1,0,1,0,58
14,54,65,6,1,0,0,0,57
13,55,63,5,0,0,1,0,55
10,61,50,3,0,0,0,1,58
14,65,54,5,0,0,1,0,51
13,79,66,5,0,0,0,0,53
12,62,68,2,0,0,0,0,60
14,78,54,4,0,0,0,0,52
10,63,60,2,0,0,1,0,58
14,59,60,3,0,0,0,0,59
13,57,64,3,1,0,1,0,57
13,76,57,4,0,0,0,1,51
14,69,65,6,0,0,1,0,53
12,70,68,6,0,0,0,1,52
8,55,67,5,0,0,1,0,56
12,70,62,2,1,0,0,0,53
8,62,60,3,1,0,0,0,59
14,75,64,2,0,0,1,0,55
9,67,51,3,0,0,1,0,56
8,71,69,6,0,0,1,0,60
9,55,53,6,1,0,1,0,56
14,72,54,3,1,0,1,0,57
12,65,66,3,0,0,0,0,55
9,60,52,2,0,0,0,0,60
10,69,57,5,0,0,0,0,57
14,61,50,3,0,1,0,0,52
9,67,52,5,1,0,0,1,53
14,56,65,5,0,0,1,0,56
12,54,66,6,0,0,1,0,54
9,52,69,2,1,0,1,0,54
12,53,54,3,0,0,0,0,53
9,61,52,4,1,0,1,0,59
13,56,69,3,0,0,0,1,53
12,72,68,3,0,0,1,0,57
13,60,52,4,0,0,0,0,56
11,70,65,4,0,0,1,0,52
9,69,58,5,1,0,0,0,52
12,63,65,5,0,0,1,0,53
14,57,56,6,0,0,0,0,60
9,63,60,4,0,0,1,0,57
11,57,51,2,1,0,1,0,54
9,76,59,6,0,0,1,0,53
8,66,69,3,0,0,0,0,53
13,54,51,3,0,0,0,0,54
13,74,65,3,1,0,0,0,58
8,62,51,6,0,0,1,0,53
14,72,61,6,0,0,1,0,56
8,65,61,3,0,0,0,0,54
9,64,61,6,0,0,1,0,60
10,64,60,3,0,0,0,0,55
14,67,53,2,0,0,0,0,56
12,65,54,5,0,0,0,0,60
13,73,59,6,0,0,0,0,59
12,56,54,6,0,0,0,0,58
13,64,67,3,1,0,0,1,60
13,78,65,6,1,0,0,0,57
13,76,65,2,1,0,1,0,53
13,77,69,3,1,0,1,0,51
9,72,65,3,0,0,0,0,53
10,67,68,4,0,0,0,0,52
14,78,65,4,1,0,0,0,57
13,70,58,2,1,0,0,0,59
10,65,64,4,0,0,0,0,58
9,74,63,6,1,0,1,0,60
8,78,68,6,1,0,0,0,53
8,65,68,5,0,0,0,0,54
10,68,53,5,0,0,0,0,55
10,74,62,3,0,0,1,0,51
12,69,52,6,1,0,0,0,52
14,72,66,3,1,0,1,0,57
9,74,56,5,0,0,1,0,60
13,65,57,4,0,0,0,0,56
13,74,66,6,0,1,1,0,56
11,58,52,6,0,0,0,0,60
14,73,57,6,0,0,1,0,52
13,63,62,3,1,0,0,0,60
12,77,61,4,1,0,1,0,55
14,72,60,5,0,0,0,0,54
12,70,53,2,0,0,0,0,54
8,62,69,4,0,0,1,0,58
11,74,55,4,0,0,1,0,53
14,53,58,5,0,0,0,0,55
11,71,67,6,0,0,1,0,54
10,70,54,2,0,0,1,0,57
10,64,55,2,0,0,1,0,58
13,68,53,3,1,0,1,0,55
8,78,68,5,0,0,1,0,55
12,53,62,2,1,0,0,0,60
13,75,58,5,1,0,1,0,54
12,77,57,6,1,0,0,0,58
13,64,65,3,0,0,0,0,53
9,63,58,2,1,0,0,0,53
13,67,65,3,0,0,0,0,54
12,51,54,4,0,0,0,0,60
11,75,51,6,0,0,1,0,60
9,63,57,5,0,0,1,0,53
13,62,59,5,0,0,1,0,52
13,55,65,2,1,0,1,0,57
12,59,67,5,1,0,0,0,52
11,64,57,4,1,0,1,0,59
13,55,53,2,0,0,1,0,52
9,54,61,2,0,0,0,0,55
11,65,68,6,1,0,0,0,56
13,70,62,2,0,0,1,0,51
11,58,68,4,1,0,0,0,57
9,61,58,2,0,0,0,0,54
14,52,51,2,0,0,1,0,51
8,79,63,6,0,0,0,0,51
10,71,56,5,1,0,1,0,60
10,71,59,2,0,0,0,0,54
11,51,64,6,1,0,1,0,53
8,60,51,3,0,0,0,0,54
12,58,55,5,0,0,0,0,57
14,66,58,3,0,0,0,0,59
10,71,53,6,0,0,1,0,59
8,75,61,4,0,0,1,0,56
10,63,50,3,0,0,0,0,54
9,50,69,4,1,0,0,0,57
13,69,62,3,1,0,1,0,58
14,64,54,4,1,0,1,0,58
13,78,66,3,0,0,0,0,60
8,68,55,6,0,0,1,0,52
9,54,62,6,1,0,0,1,59
13,66,53,3,1,0,0,0,58
11,50,59,3,1,0,0,0,55
9,63,50,6,0,0,0,1,55
14,51,56,3,0,0,0,0,60
13,70,51,3,0,0,0,0,56
10,62,69,6,0,0,0,0,56
12,60,50,4,0,0,1,0,59
10,67,68,2,0,0,1,0,56
12,62,59,5,1,0,0,0,54
11,74,57,5,0,0,1,0,51
11,61,57,3,0,0,1,0,58
10,79,67,2,0,0,0,0,52
13,61,63,4,0,1,1,0,60
9,74,51,4,1,0,1,0,53
9,68,63,3,0,0,0,0,53
11,73,55,3,1,0,0,0,51
9,66,65,4,0,0,1,0,58
12,55,54,3,1,0,1,0,55
13,57,64,5,1,0,0,0,59
10,64,61,5,0,0,1,0,52
8,70,50,5,0,0,1,0,55
14,78,54,4,0,0,0,0,60
14,67,59,5,1,0,0,0,52
11,67,64,4,0,0,1,0,52
10,60,56,4,0,0,0,0,55
13,55,50,3,0,0,0,0,59
12,56,55,2,0,0,1,0,54
9,54,60,2,1,0,1,0,59
10,74,63,3,0,0,0,0,52
11,59,64,5,1,0,0,0,54
12,72,55,2,1,0,0,0,53
9,58,64,5,0,0,1,0,54
14,76,53,6,1,0,0,1,54
14,77,63,6,0,0,0,0,51
8,67,58,2,1,0,0,0,53
8,64,50,3,0,0,1,0,56
12,65,50,3,0,0,1,0,53
8,50,67,2,0,0,1,0,53
11,50,53,2,0,0,0,0,58
13,75,69,5,0,0,0,0,57
9,60,68,3,0,0,1,0,55
8,56,65,4,0,0,1,0,57
9,56,62,4,1,0,0,1,56
14,56,63,2,0,0,1,0,56
9,74,60,4,0,0,0,1,59
8,79,63,5,1,0,0,0,58
13,56,51,2,0,0,0,0,56
8,69,69,3,0,0,0,0,54
12,64,69,2,0,1,1,0,53
14,75,55,6,0,0,0,1,59
9,67,56,6,0,0,0,0,58
13,54,60,2,0,0,0,0,52
8,78,66,4,0,0,0,0,55
12,73,54,3,0,0,1,0,53
12,52,67,2,0,0,1,0,60
8,66,63,4,0,0,0,0,60
12,63,56,6,0,0,0,1,59
11,58,61,2,1,0,0,0,53
13,60,53,5,1,0,1,0,58
13,51,67,3,0,0,1,0,54
11,63,66,2,0,0,0,0,52
10,63,67,2,0,0,0,0,52
11,58,60,6,0,0,1,0,59
8,79,65,4,0,0,0,0,57
12,71,63,2,1,0,0,0,53
8,50,57,2,0,0,1,0,58
11,51,58,6,0,0,0,0,56
8,64,59,4,0,0,0,0,54
9,58,69,5,0,0,0,0,57
11,59,58,6,0,0,1,0,53
11,54,62,5,0,0,0,0,58
13,75,69,2,1,0,0,0,56
13,68,58,6,1,0,1,0,57
11,69,58,4,0,0,0,0,51
12,53,53,6,0,0,0,0,52
8,79,51,3,0,1,1,0,55
13,77,62,6,0,0,0,0,54
9,78,64,6,0,0,1,0,60
12,63,66,6,1,0,0,0,58
13,75,53,6,0,0,0,0,60
9,65,59,6,0,0,1,0,57
9,50,52,2,0,0,0,0,53
10,67,62,2,0,0,0,0,55
10,77,63,3,1,0,1,0,57
12,66,65,5,0,0,1,0,55
10,79,58,2,0,0,1,0,58
9,67,53,3,1,0,1,0,54
12,71,60,6,0,0,0,0,53
12,57,59,5,1,0,1,0,55
10,62,62,3,1,0,0,0,57
14,73,56,6,0,0,1,0,60
10,66,50,4,0,0,1,0,53
13,55,55,3,0,0,1,0,53
13,62,62,6,1,0,1,0,55
12,65,63,4,0,0,1,0,52
8,62,56,4,0,0,0,0,51
8,64,59,6,0,0,0,0,56
14,54,66,4,0,0,0,0,56
9,65,58,3,0,0,1,0,55
13,57,53,2,0,0,1,0,56
11,64,60,2,1,0,0,0,56
8,61,65,4,0,0,0,0,55
10,66,52,3,0,1,0,0,54
8,58,69,6,1,0,1,0,58
14,57,59,6,1,0,0,0,52
10,54,64,3,0,0,0,0,54
9,77,66,4,0,0,0,0,52
12,72,65,5,1,0,0,0,58
9,68,60,3,0,0,0,0,56
13,76,62,4,0,0,1,0,55
10,61,60,4,0,0,0,0,57
13,50,58,3,0,0,0,0,53
14,52,51,4,0,0,0,0,54
9,70,51,2,0,0,0,0,55
14,51,65,4,0,0,1,0,57
9,78,53,4,0,0,0,0,54
10,77,52,2,0,0,1,0,55
8,75,56,3,0,0,1,0,58
13,60,58,4,0,0,1,0,51
14,79,61,3,0,0,0,1,53
9,68,68,6,1,0,1,0,58
8,50,59,5,1,0,1,0,54
9,52,54,5,0,0,1,0,56
11,77,52,4,0,1,1,0,57
13,67,53,3,1,0,1,0,52
11,59,64,4,1,0,0,0,52
13,53,61,6,1,0,1,0,52
12,51,55,2,0,0,0,0,57
14,71,58,6,1,0,0,0,53
12,65,63,2,0,0,1,0,53
9,66,65,6,0,0,0,0,54
8,50,63,4,1,0,0,0,57
13,70,57,3,1,0,1,0,51
8,55,61,6,0,0,1,0,52
11,75,56,2,1,0,0,0,54
14,71,50,6,0,0,1,0,55
14,74,63,3,1,0,1,0,60
14,65,67,3,0,0,1,0,51
10,74,69,4,0,0,0,0,59
14,73,64,5,0,0,1,0,57
8,77,62,6,0,0,1,0,55
10,73,65,6,1,0,1,0,52
10,78,60,4,0,0,0,0,54
14,70,51,4,0,0,0,0,55
8,57,67,2,0,1,0,0,54
9,75,56,4,0,0,1,0,60
8,70,62,3,0,0,1,0,60
8,50,58,4,0,0,0,0,58
9,54,53,2,1,0,0,0,60
10,50,64,5,1,0,0,0,57
9,65,52,5,1,0,0,0,58
8,62,58,5,0,1,0,0,60
12,51,63,6,0,0,0,0,52
13,69,55,5,1,0,1,0,57
9,73,66,2,0,0,0,0,59
14,74,52,5,1,0,0,0,60
13,64,59,2,0,0,1,0,56
14,79,64,4,0,0,1,0,60
14,72,51,3,1,0,0,0,53
9,56,58,5,0,1,0,1,53
10,65,64,4,0,1,0,0,57
14,52,65,6,0,0,1,0,52
10,58,51,5,1,0,0,0,56
10,55,63,6,1,0,0,0,51
9,77,57,4,0,0,0,0,58
11,53,68,5,1,0,1,0,60
11,79,52,6,0,0,0,0,54
10,58,64,4,0,0,0,0,54
10,65,54,2,0,0,1,0,60
10,56,61,3,1,0,1,0,52
12,75,54,3,1,0,1,0,54
9,64,56,6,1,0,0,0,57
13,62,65,5,0,0,0,0,55
14,62,59,4,0,0,0,0,58
8,70,66,4,0,0,0,0,53
14,68,54,3,0,0,0,0,54
11,59,54,5,0,0,0,0,56
13,62,60,2,1,0,0,0,52
14,53,66,3,0,0,1,0,56
13,72,60,4,1,0,0,1,57
14,54,61,5,0,0,0,0,53
9,57,61,5,1,0,0,1,52
13,53,57,5,0,0,0,0,60
8,52,61,2,1,0,0,0,51
8,66,54,4,1,0,1,0,58
10,51,55,3,0,0,1,0,52
11,59,63,6,0,0,1,0,54
14,78,58,5,0,0,0,0,57
13,79,56,5,0,0,1,0,51
10,76,58,5,1,0,0,0,54
12,79,51,6,1,0,1,0,60
14,77,65,5,0,1,0,0,53
11,57,54,5,1,0,0,0,54
11,59,54,4,0,0,0,0,52
8,68,52,2,0,0,0,0,59
11,65,68,4,0,0,1,0,59
10,55,58,5,0,0,0,0,60
12,55,62,6,0,0,1,0,57
12,77,52,4,0,0,0,0,53
10,71,64,4,0,0,1,0,53
11,52,67,2,0,0,1,0,59
8,57,51,3,0,0,1,0,59
10,60,56,2,1,0,0,0,52
8,74,52,4,0,0,0,0,54
14,52,66,3,1,0,1,0,59
13,56,51,2,0,0,0,0,59
10,56,66,3,0,1,1,0,53
14,69,57,6,1,0,1,0,53
14,79,61,2,1,0,1,0,51
13,79,55,2,0,0,1,0,60
12,54,50,5,0,0,0,0,52
13,66,58,2,0,0,0,0,56
12,51,61,4,0,0,1,0,54
9,56,51,2,0,0,0,0,56
10,64,52,4,0,0,1,0,52
13,53,60,4,1,0,1,0,51
11,67,66,6,0,0,1,0,60
12,67,51,2,0,1,1,0,60
8,75,59,4,0,0,1,0,56
12,67,56,2,1,0,1,0,58
9,68,63,2,1,0,1,0,59
13,63,68,4,1,0,0,0,57
13,73,64,3,1,0,1,0,52
9,55,62,4,0,0,0,0,59
14,73,60,4,0,0,0,1,55
11,56,60,3,1,0,1,0,51
14,50,54,6,0,0,1,0,54
10,69,52,4,0,1,1,0,59
11,55,59,6,1,0,0,0,58
12,78,51,2,1,0,0,0,51
14,79,59,3,1,0,0,0,54
9,62,51,4,1,0,1,0,60
9,53,66,2,0,0,1,0,56
8,55,68,4,0,0,1,0,55
8,56,61,3,0,0,1,0,58
13,53,53,6,0,0,1,0,57
12,61,62,6,0,0,1,0,55
13,67,54,2,0,0,0,1,60
14,71,50,2,1,0,0,0,56
10,79,67,6,0,0,0,0,57
8,76,69,3,0,0,0,0,57
10,51,64,4,0,0,0,0,56
11,56,51,2,1,0,0,0,52
13,65,61,4,0,0,0,0,60
12,62,52,6,1,0,1,0,57
8,69,50,3,0,0,1,0,55
13,68,53,4,1,0,0,0,55
14,76,53,3,0,0,0,0,59
12,53,59,4,0,0,1,0,54
8,52,59,5,0,0,1,0,51
14,53,53,5,1,0,1,0,57
14,74,61,3,0,0,0,1,59
9,79,59,6,0,0,0,0,51
9,52,53,4,0,0,1,0,54
10,64,53,6,0,0,0,0,60
9,60,62,4,1,0,1,0,58
10,52,58,3,0,0,0,0,56
14,71,57,6,0,0,0,1,51
13,64,61,3,0,0,0,0,56
12,75,65,3,0,0,0,0,57
12,50,66,6,0,0,1,0,53
11,68,50,3,0,0,0,0,51
11,69,59,5,0,0,1,0,60
8,54,68,6,1,0,0,0,52
14,67,56,4,0,0,0,0,55
13,62,67,2,0,1,1,0,54
12,61,53,2,1,0,1,0,54
9,70,62,6,0,0,0,0,58
10,63,56,6,1,0,1,0,57
9,55,68,2,0,0,0,0,57
10,74,64,4,0,0,0,0,59
13,66,66,2,0,0,1,0,52
11,58,60,3,0,0,1,0,57
13,76,68,4,1,0,0,0,60
9,66,67,5,1,0,0,0,56
13,79,54,4,0,0,1,0,54
12,64,66,6,0,0,1,0,54
14,55,62,3,0,0,1,0,53
12,73,60,5,0,0,1,0,55
8,69,60,5,0,0,1,0,56
11,79,67,6,0,0,0,0,60
12,77,69,6,0,0,1,0,58
12,53,62,6,0,0,0,0,54
8,56,56,4,1,0,1,0,58
14,62,76,3,1,0,1,0,70
12,60,63,7,0,0,1,0,70
13,63,71,7,0,0,0,0,68
16,73,77,5,0,0,0,0,64
11,84,76,4,1,0,1,0,63
15,80,63,5,0,0,1,0,70
13,84,63,4,1,0,0,0,63
14,64,60,5,0,0,0,0,62
14,63,77,6,0,1,0,0,66
16,64,76,3,0,0,0,0,68
14,81,69,3,0,0,1,0,64
10,84,78,6,1,0,1,0,62
13,75,71,3,0,0,0,0,62
10,61,64,6,0,0,0,0,68
10,76,75,4,0,0,0,0,70
16,62,72,7,0,0,1,0,63
16,73,62,3,0,0,1,0,69
11,77,71,7,0,0,0,0,61
14,82,77,4,0,0,1,0,70
17,63,62,4,1,0,0,0,67
11,68,63,3,1,0,0,1,67
14,76,63,7,0,0,0,0,62
11,80,77,4,1,0,0,0,68
11,69,72,5,0,0,0,0,61
11,72,67,3,0,1,1,0,63
11,76,63,5,0,0,0,0,67
10,60,71,5,1,0,0,0,63
17,73,70,6,1,0,1,0,70
17,76,78,4,1,0,0,0,63
15,66,72,6,0,0,1,0,64
10,76,63,5,0,0,0,0,66
13,78,66,6,0,0,0,0,67
12,83,62,3,0,0,0,0,70
16,81,72,6,1,0,1,0,66
16,71,71,7,0,0,1,0,67
11,60,69,7,0,1,1,0,63
17,76,78,4,1,0,0,0,61
15,80,75,6,0,0,0,0,66
14,62,67,3,1,0,1,0,61
13,78,72,4,0,0,1,0,61
14,84,61,4,0,0,1,0,70
13,75,62,3,0,0,1,0,66
15,74,69,4,0,0,0,1,64
14,80,74,5,0,0,1,0,62
13,63,69,7,1,0,0,0,69
14,72,75,7,0,0,0,0,66
11,81,77,7,0,0,1,0,70
13,76,77,7,1,0,0,0,61
11,61,78,5,0,0,1,0,64
16,78,74,5,1,0,1,0,65
17,68,67,6,0,0,1,0,61
12,64,60,5,0,0,0,1,61
12,62,74,5,0,0,1,0,69
10,80,63,6,1,0,0,0,63
17,64,79,3,1,0,0,0,65
10,72,65,5,0,0,0,0,61
15,83,61,7,1,0,1,0,66
17,63,77,5,1,0,1,0,66
16,60,68,7,1,0,1,0,61
15,75,65,3,0,0,1,0,64
13,78,63,3,1,0,0,0,61
13,76,69,6,1,0,0,0,69
10,77,67,7,1,0,1,0,65
15,72,68,6,1,0,0,0,61
17,63,78,3,0,0,1,0,63
17,74,67,6,1,0,1,0,70
14,64,75,4,0,0,0,0,63
16,74,72,3,0,0,0,0,64
13,64,73,5,0,0,1,0,68
16,69,71,3,0,0,1,0,69
15,78,75,3,0,0,1,0,65
16,72,78,5,1,0,1,0,68
13,73,79,7,0,0,1,0,65
11,71,71,7,1,0,0,0,65
12,63,74,4,0,0,1,0,69
17,79,79,7,0,0,1,0,69
13,60,72,6,0,0,0,0,65
11,80,65,3,1,0,0,0,70
15,77,73,6,0,0,1,0,67
13,73,79,6,0,1,1,0,63
17,66,60,6,1,0,0,0,65
11,81,79,4,0,0,1,0,64
10,84,60,6,1,0,1,0,66
13,83,60,5,0,0,1,0,64
17,61,68,5,0,0,1,0,66
16,80,77,7,1,0,0,1,70
11,62,67,6,1,0,1,0,61
10,61,74,4,0,0,0,0,64
13,71,71,4,1,0,0,0,69
16,71,77,7,1,0,0,0,69
14,80,67,6,1,0,1,0,62
15,64,78,6,0,0,1,0,66
17,74,70,7,0,0,0,1,68
14,63,75,4,1,0,0,0,70
10,83,73,6,0,0,0,0,61
17,62,69,7,1,0,0,0,70
15,68,74,6,0,0,0,0,67
15,61,71,7,0,0,0,1,68
12,60,73,4,0,0,0,0,66
10,72,70,4,1,0,1,0,70
15,77,67,4,1,0,0,0,64
16,60,71,7,1,0,0,0,61
16,66,60,4,0,0,1,0,65
12,71,63,6,1,0,0,0,67
12,77,73,3,0,0,0,0,67
14,61,76,6,0,0,0,0,67
16,66,60,7,0,0,0,1,63
16,68,76,5,1,0,0,0,62
17,71,66,4,0,0,0,0,67
11,62,75,5,0,0,0,0,67
12,78,73,6,1,0,1,0,66
17,79,77,5,0,0,1,0,64
12,77,78,3,1,0,1,0,70
16,63,73,4,1,0,1,0,67
12,78,60,7,1,0,1,0,67
11,76,73,3,0,0,0,0,64
10,75,68,3,1,0,0,0,65
10,75,74,4,0,0,0,0,64
12,69,61,5,1,0,1,0,61
16,70,76,7,0,0,1,0,67
16,79,76,5,0,0,0,0,64
15,82,63,6,0,0,0,0,66
13,82,63,6,1,0,1,0,65
10,75,73,3,0,0,1,0,68
16,60,73,3,0,0,1,0,67
11,77,72,7,0,0,0,0,66
15,84,67,6,0,0,1,0,66
13,63,67,3,0,0,0,0,65
16,71,61,6,0,0,0,0,63
16,64,65,3,0,0,0,0,70
12,80,74,4,1,0,0,0,67
15,70,72,3,1,0,1,0,64
11,70,69,5,1,0,0,0,68
13,76,63,3,0,0,0,0,67
17,67,67,7,0,0,1,0,66
13,80,76,6,1,0,1,0,70
13,60,72,6,0,0,0,0,61
16,71,67,6,0,0,1,0,64
14,64,76,4,1,0,1,0,61
13,75,77,6,1,0,1,0,70
10,63,64,3,0,0,0,0,66
12,74,70,7,0,0,1,0,66
16,65,66,7,1,0,0,0,65
16,83,70,6,0,0,0,1,64
15,81,69,4,0,0,1,0,61
12,64,60,3,0,1,0,0,67
11,78,61,6,1,0,0,0,66
14,64,76,7,0,0,0,0,67
14,81,71,5,1,0,0,0,62
17,60,64,6,0,0,1,0,66
11,78,74,5,1,0,0,0,68
14,75,77,3,1,0,1,0,62
12,65,72,6,0,1,0,0,64
14,84,69,3,0,0,1,0,70
15,80,79,4,0,0,1,0,69
14,72,60,5,1,0,0,0,63
17,66,74,3,1,0,0,1,66
13,74,69,3,1,0,1,0,61
17,80,63,3,1,0,0,0,70
16,64,79,6,1,0,0,0,66
14,81,61,5,0,0,1,0,69
17,74,66,6,1,0,0,0,64
12,63,69,5,0,0,0,1,69
16,62,69,7,0,0,0,0,70
15,70,78,5,0,0,1,0,70
10,66,63,4,1,0,0,0,61
10,63,67,6,1,0,1,0,68
17,82,79,3,0,0,0,0,65
12,72,79,4,1,0,1,0,65
13,78,70,4,0,0,1,0,63
17,60,76,7,1,0,0,0,66
15,74,72,5,0,0,1,0,61
14,71,73,3,0,0,1,0,68
16,67,71,7,0,0,0,0,68
12,83,62,3,0,0,0,0,70
15,71,68,6,0,0,0,0,68
11,61,64,5,1,0,0,0,63
16,74,75,5,1,0,1,0,62
11,73,67,3,1,0,0,0,61
10,83,64,4,0,0,0,0,66
10,82,68,6,0,0,1,0,67
14,61,67,7,0,0,1,0,69
15,65,68,3,0,1,0,0,67
13,64,68,7,0,0,0,0,70
10,67,72,5,0,1,0,0,68
17,65,68,6,0,0,0,0,69
15,76,76,4,1,0,1,0,68
13,60,63,4,0,0,0,0,66
13,84,61,4,0,0,1,0,64
15,64,63,7,1,0,1,0,68
17,72,60,5,0,0,1,0,67
10,67,60,7,0,1,0,0,69
11,84,78,3,0,0,1,0,64
14,72,70,4,0,1,1,0,65
12,68,62,6,1,0,0,0,63
10,75,67,7,0,0,0,0,65
13,60,67,7,0,0,1,0,68
17,67,71,5,0,0,0,0,66
11,69,74,4,0,1,0,1,69
10,62,71,3,1,0,1,0,67
17,64,65,6,0,0,0,0,62
16,65,63,3,1,0,1,0,68
17,74,78,3,1,0,1,0,69
11,64,73,6,0,0,1,0,64
17,61,61,5,1,0,0,0,65
16,79,71,3,0,0,0,0,67
12,61,60,7,0,0,1,0,61
17,79,66,7,1,0,0,0,64
16,64,76,6,1,0,1,0,70
10,74,62,7,1,0,0,0,65
12,63,79,4,0,0,1,0,62
14,67,73,3,1,0,0,0,65
12,73,69,7,0,0,1,0,62
13,79,67,4,1,0,1,0,62
11,68,68,6,1,0,0,0,63
12,69,63,7,0,0,0,0,63
13,75,75,3,0,1,0,1,70
14,73,71,7,1,0,1,0,69
12,74,60,6,1,0,1,0,65
13,83,70,6,0,0,0,0,64
17,60,68,5,0,0,1,0,68
15,84,65,6,1,0,1,0,65
14,67,76,7,0,0,1,0,69
14,78,62,6,1,0,0,0,68
13,75,79,7,1,0,0,0,65
11,69,72,3,0,0,1,0,62
10,65,62,5,0,0,0,0,65
16,79,65,7,0,0,1,0,63
11,82,70,3,0,0,1,0,69
15,73,60,3,1,0,0,0,68
11,71,71,3,1,0,0,0,62
12,68,67,4,1,0,0,0,66
13,80,66,7,1,0,1,0,64
10,76,75,5,0,0,1,0,64
13,76,76,3,1,0,1,0,70
11,83,61,5,0,0,1,0,67
13,65,60,7,0,0,1,0,69
14,80,72,5,1,0,1,0,66
12,84,73,5,1,0,1,0,63
15,71,62,3,1,0,0,0,66
13,78,66,3,0,0,1,0,66
14,69,60,7,0,0,1,0,68
13,82,63,3,1,0,0,1,62
13,70,67,5,0,0,1,0,62
17,73,60,5,0,0,1,0,70
11,72,65,4,1,0,1,0,61
12,63,64,3,1,0,1,0,70
10,81,63,3,0,0,1,0,64
10,82,67,4,0,0,1,0,66
16,71,71,7,1,0,1,0,67
16,82,60,5,0,0,0,0,67
14,63,74,3,1,0,1,0,62
17,66,74,6,0,0,0,0,63
16,72,78,3,1,0,0,0,70
14,84,78,7,0,0,0,0,68
10,76,74,7,0,0,1,0,64
15,78,79,6,0,0,1,0,66
11,74,60,7,1,0,1,0,62
13,84,67,5,0,0,1,0,68
13,83,70,3,0,0,1,0,65
10,73,65,7,0,0,1,0,67
13,65,77,6,0,0,0,1,68
14,82,71,3,1,0,0,0,61
12,68,72,5,0,0,0,0,62
12,75,74,6,1,0,0,0,70
10,70,65,3,1,0,1,0,63
10,68,66,4,0,0,0,0,63
11,63,75,7,0,0,0,0,66
12,64,69,3,0,0,0,0,63
16,62,75,3,1,0,0,0,69
17,70,67,5,0,0,1,0,62
16,82,77,3,1,0,0,0,67
14,72,77,5,1,0,1,0,70
15,67,60,7,1,0,1,0,67
14,61,74,5,0,0,1,0,66
14,76,62,4,1,0,1,0,64
11,81,67,5,0,0,1,0,67
15,63,79,4,0,0,0,0,64
10,67,60,3,0,0,1,0,65
15,77,74,5,1,0,0,0,62
15,73,67,5,0,0,1,0,63
12,80,66,6,0,0,1,0,61
17,69,75,3,1,0,1,0,66
11,65,67,4,0,0,0,0,66
14,81,72,5,1,0,1,0,65
13,83,75,4,1,0,0,0,70
16,69,72,5,0,0,0,0,69
15,65,79,5,1,0,0,0,61
11,76,63,5,0,0,1,0,63
13,69,60,6,0,0,0,0,70
16,69,77,5,0,0,0,0,63
11,78,77,6,0,0,0,0,64
15,80,63,4,0,0,0,0,64
17,73,64,4,1,0,0,0,65
12,66,78,5,0,0,1,0,70
13,74,65,6,0,0,0,0,67
15,60,64,5,1,0,0,0,63
15,75,65,6,0,0,1,0,65
12,66,71,3,0,0,1,0,63
15,70,72,3,0,0,1,0,64
15,81,63,7,0,0,1,0,63
17,83,68,4,0,0,1,0,65
13,71,63,3,1,0,1,0,64
10,72,67,7,1,0,0,0,65
17,71,67,6,0,0,1,0,63
16,64,64,7,0,0,1,0,69
10,75,75,4,0,0,0,0,66
14,71,76,5,1,0,1,0,70
17,81,67,7,1,0,1,0,62
10,66,76,4,0,0,1,0,62
15,84,73,6,0,0,1,0,66
13,66,76,3,0,0,0,0,65
14,68,67,5,0,0,1,0,66
16,79,76,7,1,0,0,0,61
16,81,75,6,0,0,0,0,65
12,82,60,5,0,0,0,0,65
11,66,60,4,1,0,0,0,67
13,84,67,3,0,1,1,0,67
16,66,79,7,0,0,0,0,67
10,66,77,7,0,0,1,0,66
11,74,62,7,1,0,0,0,67
16,69,78,6,0,0,0,0,69
16,60,72,5,0,0,0,1,68
11,64,64,6,1,0,0,1,68
12,82,73,6,0,0,0,0,69
12,72,63,5,0,0,0,0,64
13,70,74,4,0,0,1,0,69
16,70,64,4,0,0,1,0,69
11,72,70,3,0,0,1,0,62
10,72,64,5,1,0,1,0,61
12,73,70,6,0,0,1,0,61
11,69,77,6,0,0,0,1,67
15,73,69,5,0,0,0,0,63
17,71,65,6,1,0,0,0,67
12,63,77,4,0,0,0,0,62
12,66,69,3,1,0,0,0,70
12,60,77,6,1,0,1,0,67
17,77,68,6,0,0,0,0,69
17,80,79,5,1,0,1,0,62
12,69,72,4,1,0,1,0,69
12,78,70,3,0,0,1,0,61
14,73,72,6,1,0,0,0,64
10,81,79,6,0,0,0,0,66
11,79,62,7,1,0,1,0,66
12,79,77,5,1,0,0,0,64
14,79,63,5,0,0,0,0,67
13,71,75,3,1,0,1,0,66
11,72,69,3,0,0,0,0,65
11,66,78,4,1,0,0,0,70
10,67,75,7,0,0,1,0,61
11,78,68,6,1,0,1,0,62
11,77,60,3,1,0,0,0,66
16,78,76,4,1,0,1,0,62
12,63,64,7,0,0,0,0,64
12,68,75,6,1,0,0,0,66
15,77,79,4,0,0,1,0,68
13,76,67,4,0,0,0,1,66
17,68,79,3,1,0,1,0,64
10,61,69,5,1,0,1,0,70
14,79,74,6,1,0,0,0,63
17,74,69,5,0,0,1,0,67
17,76,74,7,0,0,1,0,61
13,68,78,5,0,1,0,0,63
14,64,64,7,0,0,1,0,67
11,70,64,3,1,0,0,0,63
10,73,73,3,0,0,1,0,65
14,76,61,6,0,0,1,0,69
10,65,73,3,0,0,1,0,68
16,78,77,3,1,0,1,0,70
11,77,66,5,1,0,0,0,68
16,63,61,7,0,0,1,0,66
12,79,76,7,1,0,1,0,65
15,64,60,4,0,0,0,0,63
11,66,66,3,1,0,0,0,63
15,71,61,4,0,0,1,0,64
14,82,67,3,0,0,0,0,61
10,70,72,7,1,0,0,0,62
15,62,79,7,1,0,1,0,67
10,69,66,6,1,0,0,0,64
11,62,65,6,1,0,0,0,64
17,80,77,4,1,0,0,0,66
12,73,65,5,0,0,1,0,67
12,68,71,7,1,0,0,0,64
13,63,66,4,1,0,1,0,65
16,65,63,6,0,0,0,0,63
11,73,79,3,1,0,1,0,62
14,68,79,3,1,0,0,0,63
16,74,61,5,0,0,1,0,66
16,63,64,5,0,0,1,0,64
16,80,64,6,0,0,0,0,64
11,68,79,3,0,0,0,0,62
16,81,60,7,1,0,1,0,70
17,77,66,5,0,0,0,1,61
13,67,75,4,1,0,1,0,67
13,83,78,5,0,0,1,0,66
11,76,73,5,1,0,1,0,70
14,72,75,5,0,0,0,0,69
12,75,72,7,1,0,0,0,61
14,64,64,6,1,0,1,0,64
16,67,77,3,1,0,1,0,68
12,69,75,6,0,1,0,0,67
11,80,74,3,0,0,0,0,70
11,67,65,3,1,0,0,0,61
12,84,65,3,1,0,1,0,62
17,66,70,6,1,0,0,0,66
17,79,69,3,0,0,0,0,65
15,72,70,3,0,0,0,1,64
14,80,73,3,1,0,0,0,64
11,81,61,6,1,0,1,0,69
13,80,71,3,1,0,0,0,68
14,62,73,6,0,0,1,0,68
17,80,72,4,0,0,1,0,64
12,80,62,5,1,0,1,0,67
12,63,69,5,1,0,1,0,61
10,84,77,7,0,0,0,0,65
15,72,77,4,1,0,1,0,63
17,60,63,5,0,0,0,0,61
16,67,75,6,1,0,0,0,67
15,62,65,3,1,0,0,0,68
13,64,69,7,1,0,1,0,64
15,60,63,4,0,0,0,0,61
14,60,74,5,0,0,0,0,63
10,76,77,6,0,0,0,0,70
15,80,63,3,1,0,1,0,61
13,75,62,5,1,0,0,0,70
13,70,69,3,1,0,0,0,65
11,71,73,5,0,0,0,0,68
16,73,68,7,0,0,0,0,63
14,66,66,5,1,0,1,0,66
11,73,79,7,1,0,0,0,69
12,72,61,5,0,0,1,0,66
16,65,71,6,1,0,1,0,68
13,77,77,6,1,0,0,0,63
11,61,78,3,1,0,1,0,67
13,82,62,4,1,0,0,1,63
15,62,60,6,1,0,1,0,62
12,81,73,7,0,0,1,0,69
10,82,66,6,0,0,1,0,70
11,76,60,4,1,0,0,0,69
12,62,71,6,1,0,1,0,61
15,73,71,7,1,0,1,0,61
13,72,62,4,0,0,0,0,63
13,78,71,3,0,0,0,0,65
10,69,75,7,0,0,0,0,69
15,66,70,7,0,0,0,0,64
15,68,73,4,0,0,0,0,64
14,82,79,3,0,0,0,0,62
10,73,67,5,0,0,1,0,70
13,74,79,3,0,0,0,0,61
11,62,66,6,1,0,1,0,61
11,69,64,5,1,0,0,0,64
11,63,76,3,0,0,1,0,65
11,62,76,3,0,1,1,0,64
12,79,74,3,1,0,0,0,66
16,84,69,6,1,0,0,0,61
12,80,61,4,1,0,0,0,61
12,84,64,7,0,0,1,0,65
14,67,75,6,0,1,0,0,66
15,73,75,4,1,0,0,0,67
11,68,78,6,0,1,0,0,64
12,60,76,7,1,0,0,0,62
16,82,71,4,1,0,1,0,66
13,82,78,4,0,0,1,0,66
14,81,74,4,0,0,0,0,69
15,73,78,5,1,0,0,0,69
10,77,77,4,0,0,0,0,69
14,76,69,6,0,0,1,0,62
10,65,62,3,0,1,1,0,61
16,62,79,3,1,0,1,0,62
15,80,69,4,0,0,0,0,66
10,62,65,3,1,0,0,0,63
15,73,64,3,0,0,1,0,70
15,68,67,3,0,1,0,0,70
15,71,65,6,1,0,0,0,67
17,81,60,7,0,0,1,0,65
14,67,62,6,0,0,1,0,70
10,79,68,7,1,0,0,1,62
10,70,79,5,0,0,1,0,67
16,60,65,5,0,0,0,0,70
11,84,66,4,1,0,0,0,63
15,62,67,7,0,0,1,0,61
11,63,79,3,1,0,1,0,64
13,82,73,3,0,0,0,0,70
15,76,71,4,1,0,0,0,69
14,67,64,7,0,0,0,0,66
14,80,63,4,0,0,0,0,66
16,61,67,7,1,0,1,0,64
16,81,62,3,0,0,1,0,61
13,62,73,3,1,0,1,0,63
14,83,68,4,0,0,0,0,65
11,81,68,6,0,0,0,0,69
16,70,75,6,1,0,0,0,62
14,72,71,5,0,0,1,0,63
17,75,75,5,0,0,0,0,66
16,79,78,6,1,0,1,0,68
15,66,77,4,1,0,0,0,66
15,60,65,5,0,0,1,0,67
14,75,75,4,0,1,0,0,68
12,73,75,3,1,0,0,0,69
10,78,73,4,0,0,1,0,63
12,76,65,5,1,0,0,1,64
14,68,67,4,1,0,0,0,61
12,68,67,7,0,0,0,0,68
11,83,71,6,0,0,1,0,68
16,79,63,5,1,0,1,0,69
11,63,64,5,0,0,1,0,62
11,68,62,5,1,0,1,0,68
16,81,66,6,1,0,0,0,63
16,61,62,4,1,0,1,0,63
12,76,69,5,0,0,0,0,66
12,71,73,5,1,0,1,0,64
15,81,60,4,0,0,1,0,62
16,84,72,7,0,0,0,0,67
13,75,74,7,1,0,0,0,70
17,62,65,6,0,1,1,0,64
16,71,60,5,1,0,1,0,69
16,79,66,4,1,0,0,0,68
12,60,66,3,1,0,1,0,61
12,83,72,6,1,0,0,0,67
16,82,74,5,1,0,0,0,64
10,60,75,5,1,0,1,0,65
13,73,76,7,1,0,1,0,62
12,80,79,4,0,0,0,0,62
14,63,75,3,0,0,1,0,61
15,62,69,3,0,0,0,0,70
15,84,71,7,1,0,1,0,66
15,65,70,3,0,0,0,0,63
15,79,70,7,1,0,0,0,70
16,77,74,3,0,0,0,0,69
17,80,62,5,0,0,0,0,69
16,75,68,3,1,0,0,0,65
16,79,71,7,0,0,0,0,66
12,69,69,3,1,0,1,0,64
11,64,70,4,1,0,1,0,68
13,70,77,3,0,0,0,0,62
13,79,63,7,0,0,1,0,70
12,71,78,5,1,0,1,0,65
11,62,69,5,1,0,0,0,66
15,74,77,3,0,0,1,0,62
16,79,64,6,0,0,0,0,69
10,61,79,3,0,0,1,0,67
17,66,67,6,0,0,1,0,65
10,80,76,6,1,0,0,0,70
16,80,64,3,1,0,0,0,62
13,75,71,3,0,0,1,0,67
17,79,67,7,1,0,0,0,67
11,82,60,7,1,0,0,0,69
17,77,76,7,0,0,0,0,68
11,80,79,7,1,0,0,0,61
16,80,60,5,1,0,1,0,70
16,71,63,4,0,0,1,0,67
13,67,71,4,1,0,1,0,61
15,61,78,5,0,0,1,0,61
14,63,71,3,0,0,1,0,65
14,64,63,7,1,0,1,0,64
15,64,73,3,0,0,0,0,70
15,78,65,7,0,0,0,0,69
11,83,61,7,0,0,0,0,62
17,71,71,6,1,0,0,0,65
12,63,73,6,1,0,0,0,61
15,75,75,7,1,0,1,0,69
16,81,69,3,0,0,1,0,68
16,76,78,6,0,0,0,0,64
12,62,67,6,1,0,0,1,67
17,62,68,3,0,1,0,0,65
14,67,79,7,0,0,1,0,69
17,64,64,7,1,0,0,0,61
10,66,63,4,0,1,1,0,67
16,79,65,5,1,0,1,0,69
10,70,67,7,0,0,0,0,62
17,62,60,4,1,0,0,0,62
10,81,78,6,1,0,0,0,70
17,75,68,4,0,0,0,0,62
12,71,78,4,0,1,0,0,70
14,79,76,5,1,0,0,0,62
17,79,65,4,0,1,1,0,70
15,81,64,4,0,0,0,0,68
15,78,62,5,0,0,1,0,62
12,80,67,4,1,0,1,0,65
17,79,76,5,1,0,1,0,64
12,67,66,7,1,0,0,0,63
15,63,62,3,0,0,1,0,61
16,82,78,7,0,0,0,0,69
12,72,75,3,0,0,0,0,68
11,78,62,4,0,1,1,0,66
13,71,66,3,1,0,0,0,68
12,76,71,5,0,0,1,0,70
11,68,67,5,0,0,0,0,69
17,75,75,3,0,1,1,0,65
12,77,75,3,0,0,1,0,61
17,84,77,3,1,0,0,0,69
17,74,69,4,1,0,0,0,66
12,83,77,6,1,0,1,0,68
10,70,65,3,0,0,1,0,67
12,68,73,7,1,0,0,0,67
11,61,75,5,0,0,0,0,66
13,81,72,6,0,0,0,0,69
10,82,71,4,0,0,0,1,68
17,66,63,3,0,0,0,0,66
14,73,79,7,0,0,0,0,65
17,70,69,7,0,0,0,0,70
11,70,68,4,0,0,1,0,64
16,79,74,4,1,0,1,0,64
13,70,79,4,1,0,0,0,66
11,77,65,4,0,0,0,0,66
15,76,63,5,0,0,1,0,69
15,83,75,4,1,0,0,0,62
10,75,71,3,0,0,0,0,64
11,76,79,6,1,0,0,0,65
11,84,61,4,0,0,1,0,69
16,66,71,7,1,0,1,0,63
10,65,65,7,1,0,1,0,68
10,82,61,6,0,0,0,0,66
15,67,77,4,0,0,0,0,65
14,71,68,5,1,0,0,0,70
16,67,61,4,1,0,1,0,68
11,68,69,3,1,0,0,0,62
11,60,75,7,0,0,1,0,68
13,80,78,5,0,0,1,0,64
13,67,71,6,0,0,1,0,70
14,83,61,4,0,0,1,0,63
14,61,66,4,0,0,0,0,67
13,66,78,4,0,0,1,0,61
15,77,61,3,0,0,0,0,61
13,75,76,7,0,0,0,0,61
13,71,61,6,0,0,0,0,66
16,74,74,7,1,0,0,0,61
14,70,66,4,0,0,1,0,67
17,62,64,3,1,0,1,0,62
14,64,67,5,1,0,0,0,65
13,76,62,7,1,0,0,0,70
13,84,70,7,0,0,1,0,66
13,69,68,3,0,0,1,0,63
17,84,65,4,0,0,0,0,61
15,65,73,4,1,0,0,0,69
11,69,68,5,0,1,0,0,63
13,76,64,4,1,0,1,0,62
16,62,79,5,0,0,1,0,66
14,60,65,5,0,0,0,0,63
10,83,76,4,1,0,0,0,69
14,67,71,5,0,0,0,0,69
10,67,61,3,0,0,1,0,61
16,80,78,7,0,0,0,1,67
11,80,79,3,0,0,1,0,67
14,83,76,7,0,0,1,0,67
12,72,65,7,0,0,1,0,66
10,75,70,5,0,0,0,0,63
11,64,78,7,0,0,1,0,61
10,74,76,6,0,0,1,0,64
15,72,73,4,0,0,1,0,68
12,83,69,3,1,0,0,0,61
14,65,66,3,0,0,0,0,65
12,64,69,4,1,0,1,0,67
10,70,73,4,0,0,0,0,62
13,81,68,5,1,0,0,0,68
13,81,76,5,1,0,1,0,70
12,66,75,4,1,0,1,0,61
12,64,71,3,1,0,0,1,70
12,71,72,5,0,0,0,1,62
17,61,61,5,1,0,0,0,70
10,63,69,6,0,0,1,0,65
10,72,64,6,0,0,0,1,66
17,67,63,3,0,0,0,0,67
16,69,63,3,0,0,0,0,67
11,71,75,3,0,0,0,0,61
15,78,61,6,0,0,1,0,63
11,65,70,5,0,0,0,0,62
10,74,62,4,0,0,0,0,70
12,63,78,4,0,0,1,0,69
16,84,67,3,0,0,1,0,61
16,61,66,7,0,0,1,0,69
15,72,70,6,0,0,1,0,64
10,75,65,5,0,0,0,0,63
11,61,78,7,1,0,0,0,63
15,70,68,7,0,0,1,0,62
15,64,75,7,0,0,0,0,68
17,77,70,3,0,0,0,0,67
13,71,79,6,1,0,1,0,70
17,61,61,3,1,0,0,0,65
13,66,75,7,0,1,1,0,68
14,82,63,3,0,0,0,0,67
14,81,70,6,0,1,1,0,67
15,78,73,3,1,0,0,0,63
10,75,78,6,0,0,0,0,61
16,60,67,4,0,0,1,0,68
11,72,69,5,1,0,0,0,65
15,69,63,5,0,0,0,0,69
15,68,79,6,1,0,1,0,65
11,73,61,6,0,0,1,0,70
17,60,77,4,0,0,0,0,68
15,68,71,6,0,0,1,0,68
13,79,63,5,0,0,0,0,70
16,80,66,4,0,0,0,0,70
12,71,61,5,1,0,1,0,69
15,63,67,7,0,0,1,0,65
16,60,75,6,1,0,1,0,70
10,71,79,3,0,0,1,0,68
10,75,68,7,0,0,0,0,65
15,66,74,5,0,0,1,0,65
13,69,70,4,1,0,0,0,61
17,62,79,6,1,0,0,0,62
13,73,75,6,0,0,0,0,65
15,61,77,6,0,0,1,0,66
16,73,61,6,0,0,1,0,66
11,69,60,5,0,0,1,0,67
10,61,76,4,0,0,0,0,66
16,67,64,4,0,0,1,0,63
16,68,62,5,1,0,1,0,63
12,79,71,7,1,0,0,0,66
17,83,63,3,0,0,0,0,68
10,67,75,7,0,1,1,0,68
13,80,61,5,1,0,1,0,63
13,72,64,6,0,0,1,0,65
11,83,62,4,0,0,1,0,69
16,73,61,6,1,0,1,0,64
16,68,62,6,0,0,0,0,68
11,75,77,6,1,0,0,0,69
17,74,67,5,1,0,0,0,62
11,82,68,5,0,0,0,0,70
12,66,67,4,0,0,0,1,61
14,69,76,5,1,0,1,0,64
14,79,76,4,0,0,1,0,67
14,70,71,7,1,0,1,0,68
12,66,63,3,1,0,1,0,66
10,71,61,4,1,0,0,0,64
15,66,76,6,1,0,0,0,70
13,66,61,3,0,0,0,1,66
13,67,61,5,0,0,1,0,65
11,64,68,6,1,0,1,0,69
10,68,64,5,0,0,0,0,66
14,60,60,6,0,1,0,0,63
11,67,63,7,0,0,0,0,63
13,77,60,6,0,0,1,0,65
17,76,72,3,0,0,0,0,63
10,63,60,6,0,0,0,0,70
11,64,61,4,1,0,1,0,66
14,68,70,6,1,0,0,0,64
17,82,67,3,1,0,0,0,66
17,65,69,4,1,0,0,0,66
14,70,74,4,1,0,1,0,70
10,64,63,7,1,0,1,0,63
14,66,77,4,0,0,0,0,61
15,61,67,5,0,0,0,1,63
14,74,71,5,0,0,0,0,62
10,82,68,7,1,0,1,0,69
10,62,75,5,1,0,0,0,66
12,72,68,7,1,0,0,0,63
10,72,60,6,1,0,0,0,63
10,81,78,7,0,0,0,0,69
16,63,62,4,1,0,1,0,70
13,77,74,3,1,0,0,0,64
13,64,76,5,1,0,0,0,61
17,60,70,3,0,0,0,0,64
17,60,74,5,1,0,0,0,66
15,75,67,7,0,0,1,0,69
12,82,73,7,0,0,1,0,66
15,76,64,7,0,0,0,0,68
13,64,61,6,1,0,1,0,69
17,63,70,4,0,0,1,0,62
11,68,60,3,0,0,1,0,66
11,70,69,3,1,0,1,0,65
11,77,79,7,1,0,1,0,65
11,67,79,5,1,0,1,0,68
12,75,65,5,0,0,1,0,67
10,71,71,7,0,0,1,0,65
17,81,79,4,0,0,1,0,61
14,62,74,4,0,0,0,0,68
11,62,74,7,0,0,0,0,69
13,79,61,6,0,0,0,0,68
12,71,72,3,1,0,0,0,68
12,65,60,5,0,0,0,0,70
15,82,76,5,0,0,0,0,63
10,80,61,6,0,0,1,0,69
10,68,70,5,1,0,1,0,61
10,76,73,7,0,0,0,0,65
12,79,78,5,1,0,0,1,67
15,80,69,3,0,0,1,0,66
14,62,70,3,1,0,0,0,66
14,65,61,4,0,0,1,0,63
10,81,76,5,0,0,1,0,65
15,73,72,6,0,0,1,0,64
16,74,64,5,0,0,0,0,69
16,78,79,7,1,0,1,0,70
14,65,60,5,1,0,0,0,64
13,68,75,4,1,0,1,0,65
17,60,76,3,1,0,1,0,62
12,76,77,6,0,0,1,0,64
11,77,75,5,1,0,1,0,62
12,65,67,3,0,0,0,0,66
15,81,77,7,0,0,1,0,64
12,79,70,6,1,0,1,0,68
14,75,77,3,1,0,0,0,65
13,67,78,4,0,0,1,0,64
12,60,70,5,0,0,1,0,66
15,75,69,7,1,0,0,0,63
16,60,63,4,0,0,1,0,63
15,76,73,4,0,0,1,0,65
14,67,79,5,0,0,0,0,63
13,77,62,3,0,0,1,0,61
10,79,74,7,0,0,1,0,65
12,72,63,5,1,0,0,0,68
16,67,64,4,1,0,0,0,63
16,77,60,4,1,0,1,0,63
12,61,77,3,0,0,0,1,62
11,72,72,4,0,0,1,0,70
15,82,78,7,0,0,1,0,68
10,72,69,7,0,0,0,0,62
13,67,78,3,0,0,1,0,66
17,65,69,7,0,0,1,0,65
12,67,70,5,1,0,0,0,68
15,61,65,6,1,0,0,0,64
11,79,64,5,1,0,1,0,66
17,69,79,6,0,0,0,0,68
10,68,72,4,1,0,1,0,61
13,63,66,6,1,0,1,0,69
11,66,71,3,0,0,1,0,65
17,74,73,7,0,0,1,0,67
15,63,61,6,1,0,0,0,70
12,78,61,7,1,0,0,0,65
13,70,65,3,1,0,0,1,69
11,79,69,3,1,0,0,0,63
17,68,73,6,1,0,1,0,63
17,82,68,3,1,0,1,0,69
12,68,66,7,0,0,1,0,65
16,71,79,6,1,0,1,0,64
14,78,65,6,0,0,0,0,68
16,64,76,7,0,0,0,0,65
11,68,66,3,1,0,1,0,65
16,73,71,4,0,0,0,0,65
13,63,60,3,1,0,0,0,69
15,62,67,4,1,0,1,0,62
17,65,72,5,0,0,0,0,66
13,71,76,4,1,0,1,0,65
16,70,60,7,0,0,0,0,61
15,71,62,7,0,0,1,0,70
16,69,63,6,0,1,1,0,64
14,73,77,6,1,0,0,0,65
10,60,77,3,1,0,1,0,65
16,70,65,4,1,0,0,0,65
14,81,72,5,1,0,0,0,63
15,80,75,4,0,0,1,0,63
15,65,71,5,0,0,1,0,63
10,62,76,7,0,0,0,0,61
15,82,72,7,0,0,1,0,62
10,84,71,5,0,0,0,1,68
17,64,76,5,0,0,0,0,67
11,79,66,5,0,0,0,0,70
13,79,74,3,1,0,0,0,69
17,69,74,7,0,0,0,0,64
11,81,63,5,0,0,0,0,64
16,78,61,5,0,0,1,0,68
13,73,65,7,0,0,1,0,66
17,63,63,7,1,0,1,0,70
17,74,68,5,0,0,1,0,67
14,83,77,3,0,0,0,0,69
16,61,65,4,0,1,1,0,63
15,60,69,5,0,0,0,0,70
12,74,72,7,0,0,0,0,68
15,72,71,7,1,0,0,0,66
16,69,77,7,0,0,0,0,61
13,67,62,4,1,0,0,0,66
12,66,61,7,0,0,1,0,66
12,84,77,3,1,0,0,0,65
12,84,77,4,0,0,0,1,61
15,76,68,3,1,0,1,0,63
12,75,77,6,0,0,0,0,66
12,80,60,3,0,0,1,0,69
16,80,73,5,0,0,1,0,64
13,79,74,4,0,0,0,0,63
17,66,76,6,0,0,0,0,66
13,71,60,5,0,0,1,0,65
11,76,79,7,0,0,1,0,64
15,60,62,5,0,0,0,0,66
16,79,67,5,0,0,1,0,70
15,75,74,4,1,0,0,1,65
15,71,71,7,0,0,0,0,65
15,65,64,7,0,0,0,0,67
16,75,67,3,0,0,1,0,65
14,78,76,3,1,0,0,1,67
15,65,67,3,0,0,0,1,68
11,77,74,6,1,0,1,0,63
17,61,72,6,1,0,1,0,65
13,74,62,5,0,0,0,0,63
17,60,66,5,0,0,0,0,63
17,69,76,6,0,0,0,0,69
13,70,71,5,1,0,0,0,70
13,74,64,7,1,0,1,0,65
16,66,75,4,0,0,0,0,67
13,78,67,5,1,0,0,0,61
17,84,64,3,1,0,1,0,61
14,80,69,4,1,0,0,0,65
16,72,75,5,1,0,1,0,69
12,74,67,5,0,0,0,0,64
10,68,62,3,0,0,0,0,62
11,75,79,4,0,0,0,0,68
15,61,73,5,0,0,0,0,62
13,80,78,4,1,0,1,0,70
15,60,79,5,0,0,0,1,66
17,69,72,3,0,0,1,0,63
12,77,71,4,1,0,0,0,61
10,68,74,6,1,0,1,0,61
12,84,65,6,0,0,1,0,64
13,61,69,6,1,0,0,1,62
14,73,74,5,0,0,0,0,65
12,78,79,7,0,0,1,0,70
16,83,75,7,0,0,0,0,65
11,80,67,3,1,0,1,0,63
10,67,76,4,0,1,1,0,67
10,76,69,7,0,0,0,0,62
16,70,73,6,1,0,1,0,62
15,70,64,3,0,0,1,0,68
15,68,61,6,0,0,0,0,65
16,70,61,5,0,0,1,0,63
12,82,65,4,0,0,1,0,62
13,70,69,3,0,0,1,0,61
15,76,66,5,0,0,1,0,61
11,84,74,3,0,0,1,0,69
15,81,78,4,1,0,1,0,70
13,83,78,7,1,0,0,1,63
16,82,69,4,0,0,0,0,66
11,80,77,7,1,0,1,0,65
14,66,76,7,1,0,0,0,67
15,77,76,3,1,0,1,0,61
16,65,69,7,1,0,0,0,68
17,76,78,5,1,0,1,0,61
14,75,77,3,1,0,0,0,64
14,79,70,6,0,0,1,0,66
12,65,79,5,0,0,0,0,61
11,82,66,7,1,0,1,0,63
17,69,79,5,1,0,0,0,68
16,61,66,4,0,0,1,0,67
15,83,73,6,1,0,0,0,70
13,76,68,6,0,0,0,0,67
10,63,78,6,0,0,1,0,67
16,83,67,7,0,0,1,0,66
16,63,77,6,0,0,1,0,67
17,70,67,7,0,0,0,1,61
12,81,71,5,1,0,1,0,62
15,65,64,3,0,0,0,0,68
10,84,67,7,0,0,0,0,66
12,78,70,6,0,0,0,0,61
17,65,66,7,0,0,1,0,68
10,74,76,5,1,0,1,0,69
16,68,62,7,0,0,1,0,69
15,67,73,7,0,0,1,0,67
12,68,69,6,0,0,1,0,61
13,77,75,5,1,0,0,1,69
17,66,69,5,1,0,0,0,64
14,73,71,7,0,0,0,0,69
17,67,63,7,0,0,1,0,62
14,78,70,6,0,0,1,0,63
11,81,63,6,1,0,1,0,64
13,77,77,7,1,0,1,0,62
13,79,69,4,1,0,0,0,64
15,83,70,5,1,0,1,0,62
11,71,64,7,0,0,1,0,67
14,62,73,6,1,0,0,0,63
15,80,75,7,0,0,1,0,68
12,70,76,4,1,0,1,0,61
14,79,73,7,0,0,0,0,62
16,81,69,7,0,0,0,0,68
12,79,66,3,0,0,0,0,61
16,64,61,3,1,0,0,0,69
10,83,73,5,0,0,0,0,65
17,66,67,5,1,0,1,0,69
15,79,66,3,1,0,1,0,61
10,63,74,5,0,0,0,0,67
17,68,73,5,0,0,0,0,64
11,60,67,3,1,0,0,0,66
11,75,71,4,1,0,1,0,66
15,65,72,3,1,0,1,0,70
13,68,66,5,0,0,0,0,62
10,63,63,4,0,0,1,0,67
15,67,63,4,1,0,1,0,70
11,74,64,7,0,0,1,0,69
16,79,76,7,0,0,1,0,70
15,64,61,7,0,0,0,0,69
12,81,75,7,0,0,0,0,65
17,69,67,5,1,0,0,0,67
17,75,69,7,1,0,0,1,68
12,72,63,6,0,0,1,0,67
13,71,74,5,0,0,0,1,66
11,73,74,3,1,0,0,0,61
14,73,77,3,1,0,0,0,68
17,77,65,4,1,0,1,0,62
16,73,71,7,1,0,1,0,62
12,65,60,6,0,0,1,0,66
11,64,74,7,0,0,0,0,62
10,72,67,5,0,0,0,0,64
10,66,71,5,0,0,1,0,68
10,62,67,4,1,0,1,0,70
10,65,71,4,1,0,1,0,70
13,83,68,7,0,0,1,0,63
12,83,77,7,1,0,1,0,70
14,66,69,6,0,0,1,0,61
13,79,74,7,0,0,1,0,63
13,77,74,6,1,0,0,0,66
11,65,75,5,0,0,0,0,64
14,69,63,7,0,0,0,0,61
14,61,78,5,0,0,1,0,66
14,80,76,4,1,0,0,0,73
16,78,77,7,0,0,1,0,71
12,73,77,5,1,0,0,0,78
17,74,77,5,1,0,1,0,79
21,72,83,5,1,0,1,0,78
21,72,72,5,0,0,1,0,78
12,85,73,7,0,0,0,0,76
19,80,70,4,1,0,1,0,74
15,81,83,4,1,0,0,0,76
12,86,72,5,0,0,1,0,72
16,85,83,7,1,0,1,0,76
12,70,73,7,1,0,0,0,72
14,86,73,6,1,0,1,0,79
18,75,77,4,0,0,0,0,77
15,74,80,7,1,0,1,0,75
16,71,77,4,0,0,1,0,75
21,77,70,8,1,0,1,0,73
20,76,83,6,0,0,0,0,79
21,78,70,8,1,0,1,0,78
19,76,76,5,1,0,1,0,75
17,76,83,7,0,0,0,0,72
21,70,73,7,1,0,1,0,74
12,77,73,7,0,0,0,0,76
16,84,72,6,0,0,0,0,75
15,81,70,8,1,0,1,0,74
14,86,80,7,1,0,0,0,76
17,77,78,6,1,0,0,0,78
15,84,80,4,0,0,1,0,71
12,82,80,6,1,0,1,0,76
16,85,78,7,1,0,1,0,78
18,88,76,4,0,0,1,0,71
13,76,84,8,1,0,1,0,78
21,80,77,8,0,0,0,0,79
20,77,81,5,0,0,1,0,74
13,74,81,7,1,0,1,0,72
12,75,81,7,1,0,1,0,72
15,83,81,6,0,0,0,0,74
14,81,80,6,1,0,1,0,75
17,78,72,6,0,0,0,0,80
20,77,82,6,1,0,1,0,75
17,72,79,4,1,0,1,0,76
12,85,77,6,0,0,0,0,79
21,79,79,4,1,0,1,0,79
12,71,78,8,0,1,1,0,78
14,71,71,4,1,0,1,0,80
20,71,77,8,0,0,1,0,78
14,72,72,7,1,0,1,0,80
17,87,74,6,0,0,1,0,78
12,81,82,5,0,0,1,0,80
19,72,78,7,0,0,1,0,77
13,83,74,6,0,0,1,0,72
16,83,83,4,0,0,1,0,79
15,72,80,6,0,0,1,0,79
15,86,76,4,0,0,0,0,78
17,83,78,4,1,0,0,0,77
17,80,76,7,1,0,0,0,74
16,89,79,4,1,0,1,0,72
21,82,74,8,0,0,0,0,77
20,87,82,5,0,0,1,0,75
15,86,84,4,0,0,0,0,74
17,75,79,5,0,0,0,0,79
14,85,73,6,1,0,1,0,76
19,82,75,7,1,0,0,0,78
19,82,81,7,0,0,1,0,74
14,83,71,7,1,0,0,0,78
19,88,77,7,1,0,0,0,75
21,85,81,8,1,0,1,0,71
18,72,79,5,0,0,1,0,76
21,75,71,4,1,0,0,0,72
21,79,75,4,0,0,1,0,72
18,82,78,6,0,0,0,0,80
15,85,79,6,0,0,1,0,76
12,82,83,5,0,0,1,0,79
16,76,75,6,1,0,1,0,76
21,86,77,5,0,0,1,0,71
15,82,73,7,1,0,0,0,76
16,73,84,5,0,0,1,0,75
14,85,72,5,1,0,0,0,77
15,82,83,6,1,0,1,0,71
21,78,74,4,0,0,0,0,79
13,74,70,6,0,0,0,0,76
19,71,82,8,1,0,1,0,80
16,71,70,8,0,0,1,0,79
15,70,74,7,1,0,0,0,75
14,77,80,5,1,0,0,0,72
13,76,79,7,1,0,1,0,74
14,70,78,8,0,0,1,0,73
20,76,78,5,1,0,1,0,79
12,78,71,7,0,0,0,0,75
17,80,80,8,0,0,0,0,78
19,80,71,5,0,0,0,0,77
16,88,71,5,0,0,1,0,80
20,72,80,5,1,0,0,0,74
19,84,77,6,1,0,0,0,78
14,71,78,8,0,0,1,0,80
19,75,75,5,1,0,1,0,80
13,81,71,8,0,0,1,0,77
20,85,74,5,1,0,0,0,73
13,80,76,7,1,0,1,0,74
21,75,75,4,1,0,0,0,80
14,86,82,6,0,0,1,0,78
14,89,73,5,0,0,1,0,79
12,70,80,7,1,0,1,0,79
12,84,80,4,0,0,0,0,74
20,79,80,7,1,0,0,0,78
21,80,77,4,0,0,0,0,78
16,78,72,5,1,0,1,0,75
12,71,74,5,1,0,1,0,76
21,85,74,5,0,0,1,0,73
14,71,75,5,0,0,0,0,78
17,71,72,7,0,0,1,0,75
20,79,76,4,0,0,0,0,76
14,70,84,6,0,0,1,0,80
13,79,72,5,0,0,0,0,80
18,78,80,4,1,0,0,0,79
17,82,80,4,1,0,0,0,72
12,81,72,5,1,0,1,0,76
16,74,77,7,1,0,1,0,78
12,84,76,5,0,0,1,0,73
14,79,84,6,0,0,0,0,72
14,76,83,5,1,0,1,0,73
13,70,70,5,1,0,0,0,72
13,79,75,7,1,0,0,0,75
13,76,73,5,0,0,1,0,73
18,88,80,8,1,0,1,0,73
14,82,77,8,1,0,1,0,73
13,86,78,7,0,0,1,0,80
19,88,76,5,1,0,0,0,73
12,77,78,7,1,0,1,0,72
12,84,80,7,1,0,0,0,80
16,84,71,6,1,0,0,0,75
18,88,81,5,1,0,0,0,76
16,87,78,6,0,0,1,0,71
12,89,70,7,0,0,1,0,76
13,86,74,5,1,0,1,0,75
15,83,75,6,1,0,0,1,73
13,84,81,7,0,0,0,0,75
12,76,78,6,1,0,1,0,76
15,84,77,7,1,0,1,0,71
19,80,77,4,0,0,1,0,71
18,79,81,8,0,0,1,0,79
21,76,83,7,1,0,1,0,80
19,83,76,8,1,0,0,0,71
18,83,78,4,1,0,1,0,79
12,79,81,5,1,0,0,0,71
15,77,70,7,0,0,1,0,74
17,72,70,4,0,0,0,0,72
17,71,75,8,1,0,1,0,71
14,88,80,7,1,0,0,0,73
18,73,83,6,0,0,1,0,78
15,89,75,4,1,0,1,0,78
13,78,83,8,1,0,0,0,77
17,79,75,6,0,0,1,0,80
18,79,84,8,0,0,0,0,71
14,86,84,8,0,0,1,0,73
18,87,73,6,1,0,1,0,72
21,81,77,5,0,0,0,0,73
19,72,84,4,0,0,1,0,79
20,85,82,5,0,0,0,0,79
21,81,76,5,0,0,1,0,79
18,71,82,6,0,1,0,0,74
17,75,71,4,0,0,0,0,73
12,71,72,5,1,0,0,0,71
20,88,72,6,1,0,1,0,72
16,84,81,7,1,0,1,0,73
13,87,78,7,1,0,1,0,75
20,74,83,6,1,0,1,0,75
17,81,79,6,0,0,1,0,78
16,80,76,4,1,0,0,0,73
17,84,78,4,0,1,1,0,79
14,87,75,5,1,0,0,0,77
19,76,73,5,0,0,1,0,80
19,70,72,7,1,0,1,0,79
13,81,84,7,0,0,1,0,79
18,80,84,6,1,0,0,0,75
16,80,79,4,1,0,1,0,77
19,72,75,5,0,0,1,0,78
19,77,77,4,0,0,1,0,77
19,81,72,6,1,0,1,0,71
13,87,77,7,1,0,0,0,71
20,89,84,6,0,0,1,0,75
13,84,75,5,1,0,0,0,77
13,71,72,4,0,0,1,0,73
12,89,75,6,0,0,0,0,76
16,87,81,5,1,0,1,0,79
17,77,74,7,0,0,1,0,77
18,79,84,6,1,0,0,0,77
18,73,80,5,1,0,0,0,71
12,78,77,6,1,0,0,0,78
13,70,77,4,0,0,1,0,71
17,71,70,8,1,0,0,0,73
20,78,81,4,0,0,1,0,76
17,73,76,5,1,0,0,0,72
18,78,81,6,1,0,1,0,74
16,81,70,4,0,0,1,0,75
13,78,72,4,0,1,1,0,72
12,70,72,6,0,0,1,0,73
15,77,76,7,0,0,0,0,78
16,86,71,4,1,0,0,1,75
19,74,72,7,1,0,1,0,76
18,77,78,5,1,0,1,0,72
17,86,79,4,0,0,0,0,72
20,84,81,8,1,0,0,1,71
12,71,78,5,0,0,1,0,76
15,88,84,7,1,0,1,0,79
14,73,76,6,1,0,0,0,77
19,77,84,4,1,0,1,0,75
21,86,75,8,0,0,1,0,77
15,83,75,4,1,0,1,0,74
14,71,73,4,0,1,0,0,77
20,86,71,6,1,0,0,0,72
15,89,72,8,1,0,1,0,78
20,78,81,4,0,0,0,0,77
14,78,81,4,1,0,1,0,76
12,77,80,6,0,0,1,0,75
15,89,75,5,1,0,0,0,76
21,72,80,8,1,0,0,0,76
13,78,82,8,1,0,1,0,80
16,78,84,4,0,0,1,0,71
17,84,77,5,1,0,1,0,75
16,70,75,8,1,0,1,0,75
16,83,74,4,1,0,0,0,73
18,70,84,7,0,0,1,0,73
16,70,75,7,1,0,0,0,79
16,76,81,4,0,0,1,0,77
12,73,73,5,0,0,1,0,72
21,74,81,5,0,0,0,0,71
21,84,78,7,0,0,1,0,78
19,79,79,8,0,0,1,0,80
20,78,71,8,1,0,0,0,80
16,83,84,8,0,0,0,0,74
15,71,71,4,1,0,0,0,71
13,80,74,6,0,1,1,0,75
19,72,75,8,0,0,0,0,72
15,77,79,8,1,0,1,0,80
15,75,73,6,1,0,1,0,72
15,87,84,4,0,0,0,0,80
18,76,81,7,0,1,1,0,80
13,84,77,8,1,0,0,0,75
15,80,72,4,1,0,1,0,74
17,84,77,8,1,0,1,0,73
14,76,78,5,0,0,1,0,73
14,86,80,7,1,0,1,0,73
14,88,82,8,0,0,0,0,76
12,83,72,7,0,0,0,0,80
13,79,78,4,0,0,0,0,71
21,89,70,7,1,0,1,0,72
18,80,80,6,1,0,1,0,79
13,78,78,5,1,0,1,0,79
14,78,71,6,0,0,0,0,73
14,82,83,7,1,0,0,0,76
12,88,73,8,1,0,1,0,71
17,73,83,4,1,0,1,0,73
15,72,76,7,1,0,0,0,76
20,89,83,7,1,0,1,0,79
18,89,83,8,0,0,1,0,80
12,86,79,7,0,0,0,0,79
15,86,78,6,0,0,1,0,73
21,82,77,8,0,0,1,0,78
20,81,72,8,1,0,0,0,72
18,73,78,5,0,0,1,0,74
13,85,80,7,0,0,1,0,71
12,76,81,4,0,0,0,0,74
20,74,82,5,0,0,1,0,72
21,72,72,6,0,0,0,0,76
12,79,71,6,1,0,0,0,78
14,74,84,7,0,0,1,0,75
13,74,78,4,0,0,0,0,78
20,70,72,5,0,0,1,0,77
21,79,80,5,1,0,1,0,73
16,81,70,5,1,0,0,0,72
12,86,73,8,0,0,0,0,79
15,71,81,5,0,0,0,0,71
16,84,84,4,1,0,1,0,71
15,84,76,6,1,0,0,0,76
18,74,78,7,0,0,1,0,73
15,70,73,5,1,0,1,0,76
14,74,75,7,0,0,0,0,72
18,82,72,5,1,0,0,0,78
13,70,75,6,1,0,1,0,80
16,81,70,5,1,0,0,0,71
14,74,73,6,1,0,1,0,74
18,88,79,4,0,1,0,1,77
16,73,75,7,1,0,0,0,73
13,88,73,7,0,0,1,0,80
13,78,79,7,0,0,1,0,79
15,74,82,6,0,0,0,0,77
15,80,83,6,1,0,1,0,71
12,72,82,4,0,0,1,0,73
13,85,80,5,1,0,0,0,76
16,89,84,4,0,0,0,0,71
13,78,72,5,1,0,0,0,75
12,79,73,7,0,0,1,0,77
15,77,70,6,0,0,1,0,73
19,83,81,7,0,0,0,0,73
13,70,74,7,0,0,1,0,77
12,80,83,4,0,0,1,0,74
18,89,77,8,1,0,0,0,75
17,75,72,4,1,0,1,0,73
14,85,83,6,0,0,0,0,72
15,78,76,6,1,0,0,0,75
17,79,81,5,1,0,1,0,74
15,83,71,4,1,0,0,0,71
14,81,72,5,0,0,0,0,75
12,75,74,4,0,0,1,0,77
15,89,82,4,1,0,1,0,71
18,85,76,4,0,0,1,0,78
18,85,74,7,1,0,1,0,80
20,88,70,5,0,0,1,0,78
17,85,75,4,1,0,0,0,73
12,73,80,8,1,0,1,0,76
16,73,74,8,1,0,1,0,74
18,70,80,5,1,0,1,0,71
15,81,78,7,1,0,1,0,74
19,71,70,6,1,0,1,0,76
16,70,74,6,1,0,0,0,79
16,74,73,7,0,0,1,0,73
13,76,84,5,0,0,0,0,79
13,86,76,6,0,0,0,0,79
13,78,77,4,1,0,1,0,79
16,77,74,8,1,0,1,0,76
14,83,74,6,0,0,1,0,76
21,78,70,8,1,0,0,0,80
19,70,73,8,0,0,1,0,72
18,74,84,6,1,0,0,0,78
12,81,83,6,0,0,0,0,71
18,70,82,5,0,0,0,0,75
12,89,84,6,0,0,1,0,72
12,77,83,7,0,0,0,0,73
13,78,79,8,1,0,0,0,73
18,81,81,4,0,0,0,0,73
12,79,71,4,1,0,1,0,74
21,77,81,4,0,0,1,0,79
15,88,84,4,0,0,0,0,74
13,70,79,8,1,0,1,0,75
19,70,76,4,1,0,0,0,75
14,70,82,4,0,0,1,0,78
16,82,80,4,0,0,0,0,71
15,81,78,5,1,0,0,1,71
20,85,72,8,1,0,1,0,75
15,71,70,4,1,0,0,0,79
14,83,84,7,1,0,0,0,74
15,73,84,8,0,0,1,0,80
17,88,84,7,1,0,0,1,71
21,70,70,8,1,0,1,0,75
15,84,82,7,1,0,1,0,80
21,78,72,4,0,0,0,0,78
15,84,72,8,1,0,1,0,71
18,74,83,8,1,0,1,0,74
13,80,72,5,1,0,0,0,76
15,86,74,6,1,0,0,0,73
13,73,78,7,0,0,1,0,76
18,89,71,4,0,0,0,0,73
18,85,71,8,1,0,0,0,73
15,82,81,6,1,0,1,0,78
15,81,77,8,0,0,1,0,75
19,76,76,6,0,0,1,0,74
18,87,80,7,1,0,1,0,79
17,73,82,5,0,0,0,0,78
15,74,77,5,1,0,0,0,79
14,70,73,4,1,0,1,0,79
20,88,79,6,1,0,1,0,71
12,88,75,6,0,0,1,0,77
14,83,84,4,0,0,1,0,72
12,76,82,6,1,0,0,0,71
13,76,79,6,1,0,1,0,77
14,73,77,7,1,0,1,0,75
16,86,70,8,1,0,1,0,80
21,72,78,4,0,0,0,1,73
17,86,80,7,0,0,0,0,72
12,81,71,8,0,0,0,0,74
17,80,81,4,1,0,0,0,74
20,80,82,6,0,0,0,0,80
21,83,75,4,0,0,1,0,71
19,89,81,8,0,0,1,0,75
14,79,72,6,0,0,1,0,78
21,78,82,8,0,0,1,0,71
15,71,79,4,1,0,1,0,77
13,75,84,7,1,0,1,0,79
16,73,81,7,0,0,1,0,75
16,83,71,6,0,0,1,0,79
20,73,80,7,1,0,0,0,74
19,83,72,6,1,0,1,0,75
18,79,78,8,0,0,1,0,71
18,70,72,8,1,0,1,0,73
16,84,74,5,1,0,1,0,72
16,74,84,7,0,0,0,0,74
14,72,70,6,0,0,0,0,80
15,85,71,8,0,0,1,0,71
16,84,84,6,0,0,1,0,71
14,75,80,4,1,0,1,0,80
20,82,78,7,1,0,0,0,77
15,73,78,8,0,0,0,0,78
20,87,72,5,1,0,0,0,75
15,78,79,6,1,0,0,0,73
15,86,72,7,1,0,1,0,80
14,76,83,5,0,0,1,0,74
16,79,70,4,0,0,1,0,71
12,80,71,6,1,0,1,0,78
17,81,84,4,0,0,1,0,79
12,88,82,7,0,0,0,0,75
20,78,82,7,1,0,0,0,73
20,86,72,7,1,0,0,0,74
16,72,81,6,0,0,0,0,79
20,77,81,6,1,0,1,0,72
12,75,71,4,1,0,0,0,74
20,88,72,5,0,0,1,0,77
12,70,73,6,1,0,1,0,71
19,88,73,8,0,0,1,0,71
21,83,78,6,0,0,0,0,75
16,75,82,4,0,0,1,0,79
20,79,79,7,1,0,1,0,76
16,84,79,6,1,0,0,0,77
19,80,81,7,1,0,1,0,77
12,81,75,5,1,0,1,0,76
19,86,72,4,1,0,1,0,76
17,76,80,6,0,0,1,0,73
20,86,71,4,0,0,1,0,76
15,77,83,6,1,0,0,0,78
19,80,80,4,1,0,1,0,80
18,72,72,7,1,0,1,0,80
14,75,80,4,1,0,1,0,74
19,72,72,4,0,0,1,0,73
15,78,78,7,1,0,0,0,74
13,81,74,6,0,0,0,0,80
18,86,71,4,1,0,0,0,72
19,74,71,8,0,0,0,0,72
19,72,76,4,1,0,1,0,75
18,80,78,6,0,0,0,0,71
15,88,74,7,0,0,0,0,71
20,73,82,7,0,0,1,0,71
20,81,76,7,1,0,1,0,74
19,87,70,4,1,0,1,0,75
12,89,73,6,0,0,0,0,80
13,79,84,5,0,0,1,0,73
21,89,70,8,1,0,0,0,74
21,74,75,8,1,0,1,0,77
21,72,75,6,1,0,1,0,72
19,75,84,4,0,0,0,0,77
18,82,81,5,0,0,1,0,72
17,80,71,4,1,0,1,0,79
15,81,80,7,0,0,1,0,73
17,85,73,6,1,0,1,0,73
18,85,84,8,0,0,0,0,75
14,89,78,8,1,0,0,0,73
20,73,70,5,0,0,0,0,73
16,87,76,8,1,0,0,0,80
16,78,74,4,1,0,1,0,77
18,70,77,5,1,0,0,0,79
19,83,81,8,0,0,0,0,72
16,82,82,8,0,0,0,0,77
12,88,78,8,0,1,1,0,78
12,77,75,6,1,0,0,0,75
13,75,80,6,0,0,0,0,73
17,88,72,5,0,0,1,0,71
18,89,79,5,1,0,1,0,77
17,81,79,7,1,0,0,0,79
13,73,71,8,1,0,0,1,71
15,71,75,7,1,0,0,0,76
13,86,82,7,1,0,0,0,80
19,80,83,4,1,0,1,0,80
12,85,71,6,0,0,1,0,75
19,80,84,6,1,0,0,0,77
14,78,80,7,0,0,0,0,74
17,78,73,6,1,0,1,0,75
19,79,74,6,1,0,1,0,73
17,76,79,6,0,0,1,0,72
17,88,73,5,1,0,0,0,73
17,81,70,4,0,0,1,0,78
18,80,70,8,1,0,0,0,71
16,81,72,4,0,0,0,0,80
13,85,79,5,0,0,0,0,74
20,79,83,4,0,0,1,0,73
15,85,71,7,0,0,0,0,76
15,71,71,8,1,0,0,0,73
12,79,74,4,1,0,0,0,79
14,77,77,4,1,0,1,0,73
20,80,80,4,1,0,1,0,78
12,76,73,7,1,0,1,0,74
18,76,70,6,0,0,0,0,76
17,89,79,5,0,0,0,0,76
20,76,70,6,1,0,1,0,73
13,74,79,5,1,0,1,0,72
15,85,77,5,1,0,1,0,74
21,83,74,8,1,0,1,0,74
15,87,75,8,1,0,0,0,75
18,87,74,6,0,0,0,0,74
15,84,78,7,0,0,0,0,80
15,83,84,7,1,0,0,0,71
18,84,76,4,0,0,0,0,80
21,73,74,4,1,0,1,0,73
13,89,80,6,0,0,1,0,74
14,82,74,7,0,0,0,0,75
21,84,75,4,1,0,1,0,71
21,89,74,4,1,0,0,0,73
14,86,72,7,1,0,1,0,76
16,88,79,8,0,0,1,0,74
13,86,76,6,1,0,1,0,73
13,89,72,7,0,0,0,0,77
18,72,75,6,1,0,1,0,80
13,80,72,4,0,0,1,0,78
13,76,81,4,0,0,1,0,74
13,88,73,4,1,0,1,0,73
17,77,84,8,0,0,0,0,77
20,75,70,8,1,0,1,0,79
14,70,84,6,1,0,0,0,72
12,80,81,8,0,0,1,0,72
15,78,82,4,0,0,0,0,73
20,89,77,8,1,0,0,0,72
18,88,74,5,0,1,1,0,80
12,87,83,4,1,0,1,0,77
12,81,79,8,0,0,1,0,76
20,86,80,6,0,0,0,0,74
19,77,79,4,0,0,1,0,71
15,73,79,8,1,0,1,0,76
19,77,73,8,0,0,0,0,78
19,70,82,7,1,0,1,0,76
20,87,81,6,0,0,0,1,77
15,79,73,4,0,1,1,0,79
21,83,84,4,1,0,1,0,78
21,75,80,8,1,0,1,0,72
19,82,76,8,0,0,1,0,79
17,82,81,6,1,0,1,0,80
15,77,82,4,0,0,0,0,78
14,79,72,4,0,0,1,0,78
18,73,74,4,1,0,1,0,72
12,72,70,5,0,0,1,0,79
20,83,84,5,0,0,1,0,77
20,84,71,5,1,0,1,0,79
15,85,81,8,0,0,1,0,79
14,74,75,7,0,0,1,0,71
16,71,72,8,1,0,0,0,79
12,81,72,8,1,0,1,0,76
12,72,74,6,0,0,0,0,73
16,70,75,6,1,0,1,0,74
12,71,77,6,0,0,1,0,76
20,86,84,5,1,0,1,0,72
13,73,83,7,1,0,0,0,73
14,72,84,7,1,0,0,1,71
16,84,83,6,1,0,0,0,74
17,87,75,4,1,0,0,0,80
12,70,81,6,0,0,0,0,79
17,73,77,7,1,0,0,0,80
18,81,73,6,0,0,1,0,76
17,72,71,7,1,0,0,0,79
12,77,71,7,1,0,1,0,72
13,87,79,6,1,0,0,0,79
12,80,76,6,0,0,0,0,77
12,72,72,4,0,0,0,0,77
20,77,82,4,0,0,1,0,71
14,74,77,5,0,0,1,0,77
21,77,71,4,1,0,0,0,78
17,75,82,6,1,0,0,1,78
14,82,77,7,1,0,1,0,77
18,72,73,8,1,0,0,0,72
21,81,72,7,0,0,1,0,74
12,75,79,4,1,0,1,0,78
14,74,84,6,0,0,1,0,78
12,78,73,4,0,0,1,0,77
12,75,75,8,1,0,1,0,71
20,82,74,5,1,0,1,0,73
21,74,72,4,1,0,0,0,74
21,81,74,8,0,0,1,0,74
13,74,75,5,1,0,1,0,79
15,86,81,7,0,0,1,0,71
17,79,72,4,0,1,1,0,79
14,84,78,7,1,0,1,0,72
19,81,81,8,0,0,1,0,74
18,72,84,6,1,0,1,0,77
21,86,79,7,1,0,0,0,76
14,89,82,8,0,0,1,0,75
16,86,70,5,0,0,1,0,75
21,86,78,4,0,0,1,0,72
14,82,71,6,0,0,1,0,77
17,86,74,5,1,0,0,0,79
16,78,76,4,0,0,0,0,76
13,88,80,6,1,0,0,0,79
20,77,83,6,0,0,0,0,72
15,74,80,5,0,0,1,0,72
14,77,71,6,1,0,1,0,75
20,73,84,7,0,0,0,0,73
12,79,78,5,1,0,1,0,71
18,86,84,4,1,0,1,0,79
20,85,70,6,0,0,0,0,75
19,85,77,8,0,0,0,0,71
12,80,79,6,1,0,0,0,72
16,75,72,7,1,0,0,0,75
12,86,80,8,1,0,1,0,72
19,76,82,5,1,0,0,0,75
12,81,71,5,1,0,1,0,78
14,84,71,6,1,0,1,0,77
13,86,72,5,1,0,1,0,72
20,82,71,7,1,0,1,0,79
13,79,75,7,1,0,0,0,71
12,82,70,4,1,0,0,0,71
14,72,77,7,0,0,0,0,72
18,80,79,8,0,0,1,0,79
21,84,74,5,1,0,1,0,73
14,73,81,4,1,0,1,0,75
14,82,76,7,0,0,0,0,75
17,89,73,7,1,0,1,0,79
13,84,72,5,1,0,0,0,75
12,77,73,7,1,0,1,0,73
14,88,75,6,1,0,0,0,78
21,72,77,8,0,0,0,0,75
15,72,76,5,1,0,0,0,73
18,71,84,4,1,0,0,0,79
14,80,73,4,1,0,1,0,78
20,75,84,4,1,0,1,0,72
15,85,79,8,0,0,0,0,80
19,78,80,7,1,0,0,0,78
19,75,71,5,1,0,1,0,72
15,81,75,4,0,0,0,0,74
13,89,73,7,0,0,1,0,76
19,76,76,5,0,0,1,0,74
12,83,79,5,1,0,1,0,71
17,84,81,5,0,0,0,0,76
13,80,79,7,0,0,1,0,75
21,87,76,6,1,0,0,0,78
21,80,78,8,0,1,1,0,71
12,80,83,7,1,0,1,0,72
14,82,78,5,0,0,1,0,76
18,85,71,7,1,0,0,0,72
16,75,71,5,0,0,0,0,72
16,78,73,8,0,0,0,0,77
13,70,75,7,0,0,1,0,80
16,77,83,4,0,0,0,0,77
13,86,79,7,0,0,1,0,71
19,85,77,6,1,0,0,0,75
17,75,76,8,0,0,0,0,80
17,86,72,7,1,0,1,0,76
19,82,79,7,0,0,1,0,72
15,89,75,8,1,0,1,0,73
18,72,71,5,1,0,1,0,77
19,85,79,4,0,0,0,0,79
17,70,84,4,1,0,1,0,78
17,76,76,7,1,0,1,0,74
15,81,74,7,1,0,1,0,77
13,72,81,6,0,0,1,0,74
14,81,81,5,0,0,0,0,80
15,85,70,4,1,0,1,0,76
13,85,84,6,0,0,0,0,79
15,77,76,7,1,0,1,0,74
12,85,81,5,1,0,1,0,76
16,80,72,4,1,0,0,0,80
21,70,78,8,1,0,0,0,76
19,83,74,7,0,0,0,0,79
19,83,71,8,1,0,1,0,77
12,89,70,7,1,0,0,0,76
18,78,79,8,0,0,1,0,80
20,73,80,4,1,0,1,0,75
17,83,79,5,1,0,1,0,76
20,89,82,8,0,0,1,0,76
18,79,80,4,0,0,1,0,77
16,83,83,6,0,0,0,0,73
18,83,84,6,1,0,1,0,72
18,85,82,6,0,0,0,0,74
12,82,77,4,0,0,0,0,73
18,82,71,7,0,0,1,0,72
17,83,72,6,1,0,1,0,78
20,82,70,7,0,0,0,0,80
21,79,83,5,1,0,1,0,71
18,89,75,8,1,0,1,0,78
20,72,82,4,1,0,0,0,77
17,70,82,4,1,0,0,0,76
14,75,83,4,1,0,1,0,80
18,81,74,4,0,0,0,0,73
14,76,71,6,0,0,0,0,80
19,83,72,8,1,0,1,0,77
19,72,74,7,1,0,1,0,77
17,73,81,6,1,0,1,0,77
17,85,80,5,0,0,1,0,72
19,87,80,6,1,0,0,0,78
15,72,75,8,0,0,0,0,71
20,79,78,5,0,0,1,0,79
20,83,73,5,0,0,1,0,75
21,80,75,7,1,0,1,0,75
19,83,84,7,1,0,1,0,72
12,76,77,7,0,0,0,0,80
20,79,71,8,0,0,0,1,80
12,76,78,6,1,0,1,0,76
19,84,71,4,1,0,0,0,79
19,80,81,8,0,0,0,0,73
19,85,70,5,0,0,0,0,76
17,88,78,8,0,0,0,0,77
17,79,81,6,0,1,0,0,78
13,71,80,8,0,0,0,1,73
20,78,71,7,0,0,1,0,79
17,78,79,7,0,0,0,1,78
21,71,82,6,0,0,1,0,75
17,84,81,8,1,0,0,0,74
13,87,78,8,1,0,0,0,77
21,75,73,8,1,0,1,0,79
21,80,76,5,0,0,0,0,77
12,80,76,6,1,0,0,0,77
14,85,84,8,0,0,1,0,76
19,82,80,6,1,0,1,0,71
17,74,70,8,1,0,1,0,72
18,88,70,4,0,0,1,0,71
15,75,74,4,1,0,1,0,77
18,84,80,5,1,0,1,0,79
12,75,84,6,0,0,1,0,79
13,87,80,6,0,0,1,0,74
12,85,84,8,0,0,0,0,79
17,79,83,8,0,0,0,0,74
16,81,82,7,1,0,0,0,76
12,77,72,6,0,0,1,0,75
17,73,79,4,0,0,1,0,76
14,72,80,7,1,0,0,0,77
15,76,75,6,1,0,0,0,80
16,85,77,4,0,0,0,0,80
20,79,80,8,0,0,1,0,78
16,77,78,7,1,0,1,0,72
15,85,78,4,0,0,0,0,77
20,74,73,7,0,0,0,0,72
21,81,74,4,0,0,0,0,74
15,76,73,7,0,0,0,0,73
13,70,84,5,1,0,1,0,80
21,89,84,4,0,0,0,0,77
19,73,72,5,0,0,1,0,78
15,71,80,6,1,0,1,0,78
21,71,71,6,0,0,1,0,80
16,77,79,8,0,0,0,0,79
12,82,80,4,1,0,0,0,73
16,84,82,7,1,0,0,0,78
16,82,80,7,1,0,0,0,74
16,84,72,6,1,0,1,0,76
19,88,83,7,0,0,1,0,76
15,86,70,4,0,0,1,0,80
20,81,84,7,1,0,1,0,80
16,85,83,4,0,0,1,0,78
21,70,70,6,0,0,1,0,75
14,89,83,4,1,0,0,0,72
16,81,78,7,1,0,0,1,76
20,82,78,8,1,0,0,0,78
17,88,83,8,1,0,1,0,73
17,87,74,6,0,0,0,0,73
20,81,80,5,1,0,0,0,73
15,71,74,6,0,0,1,0,74
14,72,74,6,1,0,1,0,72
19,83,76,7,1,0,1,0,73
14,72,81,6,0,0,1,0,79
13,81,75,4,0,0,1,0,78
15,84,75,7,1,0,1,0,75
19,73,72,6,1,0,1,0,76
15,88,84,4,0,0,1,0,73
21,78,76,7,0,1,1,0,80
12,70,82,5,1,0,1,0,76
15,85,78,7,0,0,0,1,71
14,70,76,8,0,0,1,0,71
19,79,80,8,1,0,1,0,76
16,79,82,7,0,0,1,0,79
15,76,81,5,1,0,0,0,78
20,86,75,4,0,0,1,0,74
14,82,76,8,1,0,0,0,76
15,77,75,4,1,0,1,0,72
17,85,74,4,0,0,1,0,77
16,80,81,8,1,0,0,0,77
19,86,79,5,0,0,1,0,79
16,76,71,7,1,0,1,0,79
15,75,70,6,0,0,0,1,77
16,80,81,5,0,0,1,0,76
12,87,74,5,1,0,1,0,80
20,71,74,7,1,0,0,0,76
17,85,71,5,0,0,1,0,71
15,73,73,6,0,0,1,0,76
15,85,72,7,1,0,1,0,77
15,75,77,4,1,0,0,0,76
13,74,83,4,1,0,1,0,75
18,88,74,6,1,0,0,0,75
19,81,71,6,1,0,1,0,76
20,74,73,6,1,0,0,0,76
14,80,82,6,1,0,1,0,72
18,71,78,4,1,0,0,0,79
19,78,77,4,0,0,1,0,71
15,76,80,5,0,0,0,0,72
14,74,76,7,0,0,1,0,74
13,76,73,7,1,0,1,0,77
20,78,78,8,1,0,0,0,79
14,73,82,6,1,0,0,0,72
15,85,76,6,0,0,0,0,72
21,74,70,5,1,0,1,0,71
13,88,84,6,1,0,1,0,74
16,75,80,7,1,0,1,0,75
16,81,80,5,0,0,0,0,77
18,70,70,5,0,0,1,0,79
19,74,79,4,0,0,0,0,73
20,89,82,5,1,0,1,0,78
13,84,74,6,0,0,1,0,78
12,75,79,7,1,0,1,0,79
13,83,83,8,0,0,0,0,75
20,78,76,7,1,0,1,0,73
16,71,73,8,1,0,1,0,80
17,88,78,4,0,0,0,0,74
14,80,81,8,1,0,1,0,79
12,89,84,8,1,0,1,0,74
15,83,83,6,1,0,0,0,71
14,79,81,8,1,0,1,0,71
13,80,75,4,0,0,1,0,78
14,73,80,6,0,0,0,0,75
14,70,72,6,0,0,0,0,78
13,73,81,4,1,0,0,0,76
13,87,81,5,0,0,1,0,72
19,79,83,6,1,0,0,0,79
20,82,77,4,1,0,1,0,79
15,84,79,7,0,0,1,0,73
16,75,70,5,1,0,1,0,76
12,71,75,4,0,0,0,0,71
20,78,74,6,0,0,1,0,74
16,83,80,4,1,0,1,0,74
15,83,77,4,1,0,1,0,80
17,80,81,8,0,0,1,0,71
21,81,82,6,1,0,0,0,72
17,76,82,8,0,0,1,0,78
12,85,71,8,1,0,1,0,73
21,83,75,8,1,0,1,0,76
13,77,82,5,0,0,1,0,80
14,71,82,4,1,0,0,0,72
21,82,76,5,1,0,1,0,78
17,82,83,4,1,0,1,0,71
16,85,73,8,0,0,0,0,80
17,75,77,5,0,0,0,0,73
17,87,73,7,1,0,0,1,71
14,70,77,5,1,0,1,0,75
18,76,73,8,0,1,0,0,72
20,87,84,5,1,0,1,0,80
20,79,77,7,0,0,1,0,73
20,85,84,5,1,0,1,0,71
12,82,77,6,0,0,1,0,74
19,73,73,4,0,0,0,0,76
21,81,73,4,0,0,0,0,80
13,71,84,7,0,0,1,0,75
13,76,80,5,1,0,1,0,80
17,70,70,4,1,0,0,0,75
17,81,79,4,0,0,0,0,79
13,88,70,6,1,0,0,0,76
21,84,76,8,1,0,0,0,77
13,75,70,4,0,0,0,0,73
19,79,78,6,1,0,0,0,73
18,87,76,4,1,0,0,0,76
18,73,76,6,1,0,1,0,72
20,77,83,5,0,0,0,1,78
12,72,73,7,1,0,1,0,80
15,74,84,6,1,0,1,0,78
21,70,73,8,0,0,0,0,71
14,74,74,8,1,0,0,0,71
16,74,84,6,0,0,0,0,74
20,82,83,7,0,0,0,0,74
19,74,83,5,1,0,1,0,76
16,80,82,6,0,0,0,0,80
21,75,71,5,0,0,1,0,71
21,87,78,6,1,0,0,0,77
19,85,84,7,1,0,1,0,78
19,72,76,7,0,1,1,0,77
13,71,70,6,0,0,1,0,75
15,71,73,6,1,0,0,1,73
12,85,73,5,1,0,0,0,74
17,86,79,6,1,0,0,0,77
12,81,83,7,0,0,1,0,78
17,71,79,4,1,0,0,0,71
18,73,78,8,0,0,1,0,77
19,81,72,5,0,0,1,0,75
12,73,71,4,1,0,1,0,76
15,73,73,6,1,0,0,0,78
16,82,71,5,1,0,1,0,80
12,78,84,8,0,0,1,0,73
20,77,81,4,1,0,1,0,77
18,75,73,6,1,0,0,0,80
12,78,82,8,0,0,0,0,74
17,84,76,8,0,0,0,0,80
14,70,73,5,0,0,1,0,78
19,80,82,5,0,0,1,0,80
20,85,76,7,1,0,1,0,76
17,79,82,6,1,0,1,0,73
17,81,73,5,0,0,1,0,72
19,70,72,8,1,0,1,0,78
13,85,71,4,0,1,1,0,73
21,86,77,8,1,0,0,0,73
21,72,72,6,0,0,0,0,72
18,89,79,7,0,0,1,0,77
18,88,76,7,1,0,0,0,79
20,73,79,8,0,0,1,0,80
16,71,80,5,1,0,1,0,72
19,77,78,7,0,0,1,0,74
21,77,74,7,0,0,1,0,74
19,83,73,7,1,0,1,0,76
13,73,81,5,1,0,1,0,73
17,84,78,5,1,0,0,0,72
14,77,80,8,0,0,1,0,78
17,74,74,8,1,0,1,0,73
19,89,75,4,1,0,1,0,78
20,86,83,4,1,0,0,0,76
12,88,72,7,1,0,0,0,80
20,74,75,8,0,0,1,0,79
16,87,72,6,1,0,0,0,76
18,75,73,4,0,0,1,0,73
15,87,79,5,0,0,1,0,75
20,79,83,7,0,0,1,0,74
17,70,74,7,0,0,1,0,79
12,85,71,7,0,0,0,0,71
15,74,75,7,1,0,0,0,78
17,83,74,8,1,0,1,0,76
21,73,79,7,1,0,0,0,73
20,78,74,8,0,0,0,0,75
14,71,82,5,1,0,1,0,79
16,82,76,8,0,0,1,0,79
16,83,78,4,1,0,0,0,73
13,89,71,7,0,0,0,0,79
17,75,79,7,1,0,1,0,75
19,79,73,6,1,0,1,0,74
21,70,84,5,0,0,1,0,76
21,74,74,4,1,0,1,0,80
16,86,79,7,0,0,1,0,74
18,78,82,6,0,0,0,0,79
21,77,83,7,1,0,0,0,72
17,77,82,6,1,0,0,0,80
18,78,76,4,1,0,0,0,75
16,73,80,6,0,0,1,0,74
20,87,77,8,1,0,1,0,80
21,77,72,8,0,0,1,0,79
20,71,82,4,1,0,0,0,76
16,80,82,7,0,0,1,0,75
19,77,80,7,1,0,0,0,75
19,80,73,5,1,0,1,0,75
17,75,83,7,0,0,0,0,74
16,73,84,8,0,0,1,0,77
15,84,77,5,1,0,1,0,77
19,85,84,7,1,0,0,0,79
19,71,81,8,0,0,1,0,72
20,88,82,4,1,0,1,0,72
18,88,73,5,0,0,1,0,74
18,78,72,5,1,0,0,0,79
14,80,82,4,0,0,1,0,78
13,87,76,4,0,0,1,0,73
15,83,84,6,1,0,0,0,71
15,87,76,6,1,0,0,0,71
20,82,70,7,1,0,1,0,76
18,72,70,7,1,0,0,0,77
18,86,71,5,1,0,1,0,73
12,88,73,4,0,0,0,0,73
19,70,79,6,0,0,1,0,79
15,79,79,7,0,1,1,0,76
18,82,74,4,0,0,1,0,73
18,75,84,8,0,0,1,0,79
20,71,82,8,1,0,1,0,74
20,71,76,4,1,0,0,0,78
17,74,80,8,0,0,1,0,79
19,86,82,6,0,0,1,0,76
12,88,75,5,1,0,1,0,73
21,76,84,6,1,0,0,0,71
14,89,71,4,0,0,0,0,72
19,72,74,6,0,0,1,0,73
14,84,72,8,1,0,0,0,74
20,87,83,6,1,0,0,0,77
21,84,72,4,1,0,0,0,80
18,74,76,6,1,0,0,0,79
14,71,71,4,0,1,0,0,79
18,71,79,5,1,0,1,0,76
15,82,75,7,1,0,1,0,73
19,82,79,5,0,0,1,0,77
19,72,84,6,1,0,0,0,79
12,86,84,5,1,0,0,0,76
19,80,70,5,0,0,1,0,74
15,78,78,5,1,0,1,0,79
18,86,84,8,1,0,0,0,80
19,72,80,7,0,0,1,0,78
16,73,82,6,1,0,1,0,71
12,77,71,4,1,0,0,0,71
14,82,82,7,1,0,1,0,79
20,88,71,5,0,0,0,0,72
13,77,75,4,1,0,0,0,73
19,89,75,7,0,0,1,0,79
15,72,75,4,1,0,0,0,75
15,80,82,8,0,0,1,0,78
16,73,82,6,0,0,1,0,80
20,75,80,4,0,0,0,0,80
20,71,75,6,1,0,1,0,78
18,75,70,8,1,0,1,0,74
18,75,72,5,1,0,0,0,74
21,84,84,7,0,0,0,1,78
19,83,76,6,0,0,0,0,73
20,87,76,7,0,0,1,0,72
13,76,79,8,0,0,1,0,79
13,78,75,8,0,1,0,0,76
15,83,84,5,1,0,1,0,71
20,87,72,5,1,0,1,0,75
15,70,76,4,0,0,1,0,74
18,74,76,4,1,0,1,0,73
21,75,73,4,0,0,1,0,80
13,71,84,5,0,0,1,0,76
18,88,78,6,1,0,0,0,72
19,88,82,4,1,0,1,0,71
12,87,72,8,1,0,0,1,73
21,85,78,4,0,0,0,0,71
21,81,83,7,1,0,1,0,73
17,88,84,4,1,0,1,0,76
18,82,77,8,0,0,1,0,77
17,72,73,5,0,0,1,0,79
16,82,76,7,1,0,1,0,71
12,82,75,5,1,0,0,0,76
17,87,87,5,1,0,0,0,83
20,89,80,9,1,0,1,0,86
23,86,89,9,1,0,0,0,88
17,86,83,6,0,0,1,0,85
20,89,80,5,0,0,0,0,83
23,89,86,6,0,0,1,0,82
21,80,88,6,0,0,1,0,90
22,85,88,6,0,0,1,0,83
15,93,84,7,1,0,1,0,83
17,83,80,5,0,0,1,0,85
17,83,85,9,1,0,1,0,90
17,88,89,5,0,0,1,0,89
19,81,81,7,1,0,0,0,87
20,87,84,6,1,0,0,0,85
24,90,82,6,1,0,0,0,82
24,83,82,8,0,0,0,0,85
18,87,81,9,0,0,1,0,86
20,80,85,9,0,0,0,0,82
24,91,81,6,0,0,1,0,86
22,90,82,7,1,0,1,0,89
24,90,81,6,0,0,0,0,87
16,81,88,6,0,0,1,0,90
15,83,80,7,0,0,0,0,85
22,88,85,6,1,0,0,0,83
17,81,86,5,0,0,1,0,84
18,90,88,8,0,0,1,0,81
24,91,87,7,0,0,1,0,81
20,87,82,5,1,0,1,0,89
21,94,80,5,0,0,0,0,88
18,80,82,8,1,0,0,0,81
15,89,89,5,1,0,1,0,85
21,94,81,8,1,0,1,0,82
21,94,84,8,0,0,1,0,85
24,89,87,7,0,0,1,0,82
21,83,89,5,1,0,1,0,84
22,87,89,6,1,0,0,0,90
24,82,83,9,0,0,1,0,82
19,90,84,8,0,0,1,0,81
17,80,80,6,1,0,0,0,84
23,84,82,9,1,0,0,0,82
21,80,81,7,0,0,0,0,90
18,92,86,8,0,0,0,0,82
18,93,88,5,0,0,1,0,85
24,88,82,6,1,0,0,0,85
24,81,80,8,0,0,1,0,86
19,93,86,7,1,0,1,0,89
23,94,83,7,0,0,0,0,86
21,93,88,8,1,0,1,0,81
24,84,88,8,1,0,1,0,87
19,86,81,9,0,0,1,0,83
15,81,84,9,1,0,1,0,86
24,87,80,7,1,0,0,0,83
23,90,80,9,1,0,0,0,81
21,83,88,8,0,1,1,0,89
18,92,81,8,0,1,1,0,82
21,83,89,9,1,0,0,0,85
21,81,85,6,1,0,1,0,82
22,85,81,7,1,0,1,0,89
23,88,87,8,0,0,1,0,87
18,91,87,5,1,0,1,0,83
21,88,82,6,1,0,1,0,84
23,83,88,7,1,0,0,0,84
18,80,84,5,1,0,0,0,89
18,94,87,5,1,0,0,0,84
23,82,89,7,1,0,0,0,86
19,80,84,6,1,0,0,0,82
16,89,83,9,1,0,1,0,82
22,92,87,9,1,0,0,0,85
19,92,83,9,0,0,1,0,81
19,92,80,8,1,0,1,0,87
17,92,88,8,1,0,1,0,88
16,81,86,7,1,0,1,0,88
20,87,80,7,0,0,0,0,83
21,81,86,6,0,0,1,0,86
20,83,85,7,1,0,0,0,85
22,91,89,6,1,0,0,0,90
19,87,85,5,0,0,1,0,89
16,82,81,9,0,0,0,0,90
20,80,82,9,0,0,1,0,81
24,82,80,8,0,0,0,0,90
17,85,89,6,1,0,0,0,82
18,83,86,8,1,0,1,0,84
17,86,85,8,1,0,1,0,89
21,92,80,8,1,0,1,0,81
23,90,86,5,1,0,1,0,82
15,81,86,8,1,0,1,0,86
24,84,89,7,1,0,0,0,85
23,92,80,7,1,0,1,0,88
22,88,81,9,0,0,0,0,83
18,93,88,8,0,0,1,0,85
21,92,85,7,1,0,0,0,89
18,91,86,5,1,0,0,0,83
19,92,87,5,0,0,0,0,87
23,85,80,9,0,0,1,0,85
22,94,85,7,0,0,0,0,81
20,90,80,6,1,0,0,0,86
16,81,83,7,1,0,0,0,87
19,83,87,8,0,0,1,0,81
17,89,80,9,1,0,1,0,87
20,86,81,6,1,0,1,0,82
24,92,85,5,1,0,0,0,81
16,92,83,9,1,0,1,0,81
18,81,80,9,0,0,1,0,89
24,85,89,7,0,0,0,0,85
17,80,89,8,0,0,1,0,87
17,84,87,6,0,0,1,0,88
21,93,88,7,1,0,0,0,90
22,81,80,6,1,0,0,0,83
21,92,85,6,0,0,1,0,81
21,94,88,8,1,0,0,0,84
15,94,81,8,1,0,0,0,88
15,84,80,5,1,0,1,0,81
18,90,82,9,1,0,0,0,83
18,85,84,9,1,0,1,0,81
17,91,87,5,0,0,0,0,85
19,83,81,5,1,0,1,0,85
24,80,85,8,1,0,0,0,89
22,82,81,9,0,0,0,0,90
18,87,89,7,1,0,0,0,82
23,83,84,8,1,0,1,0,87
15,82,80,9,1,0,1,0,87
22,80,85,5,1,0,1,0,89
23,83,89,9,1,0,0,0,86
18,82,86,6,0,0,1,0,85
18,94,82,8,0,0,1,0,86
23,83,87,5,1,0,0,0,87
16,89,85,6,0,0,0,0,89
17,92,83,8,0,0,1,0,86
18,92,81,5,0,1,1,0,88
19,85,88,5,1,0,1,0,84
22,91,84,8,1,0,1,0,85
18,93,88,6,0,0,1,0,83
19,89,83,8,1,0,0,0,87
17,90,82,9,0,0,1,0,84
19,80,85,7,1,0,0,0,85
15,81,86,9,1,0,1,0,84
24,82,87,6,0,0,0,0,85
20,91,86,5,0,0,1,0,86
15,81,86,9,1,0,1,0,86
18,90,87,8,0,0,1,0,82
21,93,82,5,0,0,0,0,84
20,93,89,9,0,0,0,0,87
22,81,89,7,1,0,0,0,85
21,84,80,5,1,0,1,0,83
21,81,80,9,1,0,0,0,87
20,92,87,6,0,0,1,0,83
20,88,82,8,1,0,1,0,83
23,86,80,6,0,0,1,0,87
16,83,84,8,1,0,1,0,86
22,84,82,5,1,0,0,0,84
18,86,83,6,0,0,1,0,83
16,89,83,9,1,0,1,0,85
19,87,89,9,0,1,0,0,82
17,81,80,5,1,0,0,0,89
15,87,88,8,1,0,1,0,84
22,90,85,6,1,0,1,0,89
20,88,85,9,1,0,1,0,81
16,87,88,7,1,0,1,0,90
21,91,87,9,0,0,1,0,89
21,84,87,5,1,0,1,0,85
18,84,89,6,0,0,1,0,81
23,86,88,7,0,1,0,0,89
17,94,86,5,0,0,1,0,87
22,84,89,8,0,0,0,0,81
15,92,88,7,0,0,1,0,87
20,85,80,5,0,0,1,0,83
20,92,82,9,0,0,1,0,89
17,80,87,6,0,0,0,0,85
21,80,85,7,1,0,1,0,88
19,87,88,9,0,0,1,0,84
22,93,84,6,1,0,1,0,89
20,90,86,5,1,0,0,0,89
22,81,89,5,0,0,1,0,84
19,86,89,5,1,0,1,0,82
20,93,83,5,1,0,0,0,90
18,93,88,6,1,0,1,0,88
20,92,88,8,1,0,1,0,83
17,90,85,8,1,0,0,0,90
21,81,88,8,0,0,1,0,88
18,80,85,9,1,0,0,0,84
22,86,81,7,0,0,0,0,87
20,87,86,6,0,0,0,0,87
21,87,83,8,1,0,1,0,88
16,81,88,6,1,0,1,0,90
22,90,85,7,0,0,1,0,85
21,85,89,5,1,0,0,0,89
15,94,88,6,1,0,0,0,85
19,82,84,7,1,0,0,0,82
17,80,82,8,0,0,1,0,89
17,90,89,5,0,0,0,0,87
22,94,88,5,0,0,1,0,85
16,80,88,6,1,0,1,0,88
15,88,86,6,0,0,1,0,86
18,90,88,8,1,0,0,0,88
16,81,84,7,1,0,1,0,83
23,92,85,9,1,0,1,0,86
19,91,88,6,0,0,0,0,82
24,94,84,7,1,0,0,0,81
21,85,82,5,0,0,1,0,85
21,91,84,9,0,0,0,0,88
18,84,87,6,1,0,1,0,87
23,84,86,5,0,0,1,0,88
21,88,88,8,0,0,0,0,88
22,93,86,5,0,0,0,0,81
17,83,86,8,0,0,1,0,85
15,90,85,7,0,0,0,0,84
21,93,83,8,0,0,0,0,81
21,88,83,5,1,0,1,0,82
15,80,82,9,0,0,1,0,82
17,88,87,7,1,0,1,0,88
20,83,87,6,0,0,1,0,84
18,92,82,7,1,0,1,0,87
18,81,80,6,1,0,1,0,81
19,88,88,9,0,0,1,0,87
24,88,82,5,1,0,1,0,88
15,80,84,9,1,0,1,0,81
24,90,88,9,1,0,1,0,88
17,90,88,7,1,0,0,0,86
24,83,80,6,1,0,1,0,81
15,91,82,9,1,0,0,0,81
15,94,82,8,1,0,0,0,87
21,91,83,9,1,0,1,0,83
21,87,84,7,1,0,1,0,83
18,91,82,5,0,0,1,0,88
19,92,86,7,0,0,1,0,83
19,92,80,6,0,0,0,0,83
23,81,81,7,0,0,0,0,86
21,83,84,7,0,0,1,0,87
20,85,83,9,1,0,1,0,85
15,91,87,9,0,0,1,0,89
17,90,85,8,0,0,0,0,81
16,84,89,8,1,0,1,0,83
16,86,81,8,1,0,0,0,82
20,88,83,6,0,0,0,0,83
20,90,86,8,1,0,1,0,88
24,89,85,5,0,0,1,0,86
15,94,89,7,0,0,1,0,87
21,88,85,5,0,0,0,0,83
15,91,88,9,0,0,1,0,89
15,93,84,7,1,0,0,0,84
20,88,88,8,0,0,1,0,84
18,89,88,8,0,0,1,0,89
21,86,81,6,1,0,1,0,87
23,86,86,6,1,0,0,0,86
23,80,85,7,1,0,1,0,90
15,82,86,6,0,0,1,0,84
23,94,84,6,1,0,1,0,84
18,87,86,9,1,0,1,0,81
24,82,87,6,0,0,0,0,88
23,85,86,6,1,0,1,0,87
16,85,85,8,0,0,1,0,83
24,94,85,9,1,0,0,0,84
24,94,88,8,1,0,0,0,81
23,87,84,8,1,0,1,0,89
22,85,89,8,1,0,0,0,84
23,84,85,6,0,0,0,0,87
24,91,81,6,0,0,1,0,90
20,82,83,6,1,0,0,0,87
19,91,82,9,1,0,1,0,87
17,80,87,6,1,0,1,0,89
18,86,80,5,0,0,1,0,86
22,86,85,7,1,0,1,0,89
24,90,89,7,0,0,1,0,84
17,87,80,6,0,0,0,0,88
17,87,85,9,0,0,0,0,83
23,85,84,8,1,0,1,0,86
15,88,80,5,1,0,1,0,81
20,82,86,6,1,0,0,0,86
22,84,86,6,0,0,1,0,86
22,91,87,5,0,0,1,0,88
18,88,86,7,0,0,0,0,90
15,87,83,5,0,0,0,0,90
23,80,81,8,0,0,0,0,89
18,92,85,9,1,0,1,0,84
16,82,80,7,1,0,0,0,87
17,85,84,9,0,0,1,0,89
23,94,87,8,1,0,0,0,89
15,91,80,7,1,0,1,0,90
18,87,83,8,1,0,1,0,83
22,91,87,5,1,0,1,0,84
21,93,82,8,1,0,1,0,90
15,81,87,6,1,0,1,0,84
19,83,85,9,1,0,1,0,88
19,88,86,5,1,0,1,0,86
16,88,89,9,0,0,1,0,87
23,94,82,8,0,0,1,0,85
19,83,82,9,0,0,0,0,87
24,88,87,5,1,0,1,0,83
15,88,81,5,1,0,1,0,85
20,84,82,7,1,0,1,0,84
18,87,84,9,1,0,0,0,88
22,81,82,5,1,0,1,0,86
22,91,86,8,0,0,1,0,82
20,87,83,5,1,0,0,0,84
21,91,80,8,1,0,0,0,88
24,81,87,9,1,0,1,0,81
16,94,86,6,0,0,1,0,82
15,94,86,8,0,0,0,0,83
22,90,89,7,1,0,0,0,81
15,89,81,8,1,0,1,0,85
23,86,81,5,0,0,0,0,90
21,90,83,5,1,0,1,0,90
20,86,80,8,1,0,1,0,84
23,91,88,7,0,0,1,0,89
15,82,80,6,0,0,1,0,87
19,84,88,9,1,0,1,0,88
17,92,81,5,0,0,1,0,90
22,83,80,5,0,0,1,0,89
15,82,89,8,0,0,1,0,89
18,90,88,6,0,0,0,0,85
24,94,82,6,1,0,1,0,85
18,84,81,7,0,0,1,0,84
16,84,82,6,0,0,1,0,90
16,83,86,5,1,0,1,0,86
15,82,86,6,1,0,1,0,83
23,90,85,7,1,0,1,0,90
19,85,82,9,1,0,0,0,87
21,88,88,6,1,0,0,1,88
23,85,81,7,1,0,1,0,81
24,80,82,9,1,0,1,0,83
20,84,87,5,0,0,1,0,81
22,88,84,9,0,0,0,0,81
24,93,83,8,1,0,0,0,86
15,87,86,7,0,0,0,0,85
24,86,83,7,0,0,0,0,89
22,92,83,9,1,0,1,0,87
23,85,83,9,0,0,0,0,83
23,87,87,7,1,0,1,0,86
21,89,81,7,1,0,1,0,88
15,80,83,5,1,0,0,0,81
19,88,83,6,1,0,0,0,81
22,94,86,7,0,0,1,0,85
24,92,89,6,1,0,1,0,81
22,81,80,8,0,0,1,0,82
18,94,89,5,1,0,0,0,88
17,94,86,7,1,0,0,0,90
21,88,86,6,0,0,1,0,85
19,82,81,6,0,0,1,0,83
24,86,82,7,0,0,0,0,90
19,87,84,6,1,0,0,0,83
19,87,88,9,1,0,1,0,90
23,94,82,9,1,0,0,0,90
22,81,89,9,0,0,1,0,82
19,91,88,8,1,0,1,0,83
16,89,89,6,0,0,0,0,87
24,82,84,7,1,0,1,0,88
23,82,80,5,0,0,0,0,86
15,90,86,7,1,0,1,0,83
23,91,86,7,1,0,0,0,85
23,84,86,6,0,0,1,0,84
22,80,82,6,1,0,1,0,88
24,80,85,6,1,0,1,0,83
24,93,88,8,1,0,1,0,82
17,84,85,8,1,0,1,0,82
24,85,81,8,1,0,1,0,89
21,85,86,9,1,0,0,0,81
17,82,88,8,1,0,1,0,86
18,90,80,6,1,0,0,0,89
24,83,83,9,1,0,0,0,85
21,84,80,7,0,0,1,0,90
15,88,81,6,0,0,0,1,84
24,86,81,7,0,0,0,0,81
20,91,86,7,0,0,0,0,82
15,93,82,6,1,0,1,0,88
19,83,80,9,1,0,0,0,84
19,86,89,9,0,0,0,0,81
16,86,89,6,1,0,1,0,85
21,94,85,8,1,0,1,0,87
23,87,83,5,1,0,1,0,81
21,89,81,5,0,0,0,0,85
24,89,86,8,0,0,0,0,85
16,87,88,8,0,1,1,0,90
17,84,82,8,0,0,1,0,89
24,80,80,8,0,0,1,0,87
16,82,80,7,1,0,1,0,87
23,88,84,8,1,0,1,0,90
18,84,84,9,0,0,1,0,88
23,82,83,9,0,0,0,0,87
18,83,84,6,0,0,0,0,84
17,90,83,6,1,0,1,0,81
20,91,82,5,1,0,1,0,86
24,89,83,5,1,0,1,0,83
17,90,83,5,1,0,1,0,88
15,88,80,5,1,0,0,0,84
22,87,81,8,1,0,0,0,85
23,83,83,9,0,0,1,0,85
21,81,88,6,1,0,0,0,82
16,82,81,7,1,0,1,0,82
22,87,82,6,0,0,1,0,82
16,81,88,5,1,0,1,0,81
19,84,80,9,1,0,0,0,83
22,84,80,7,1,0,1,0,90
20,89,87,8,1,0,0,0,86
21,88,82,8,1,0,1,0,86
24,89,88,6,1,0,0,0,90
23,89,86,7,1,0,1,0,81
19,86,85,5,1,0,1,0,84
21,87,87,9,1,0,1,0,83
17,80,87,7,1,0,0,0,89
22,93,89,5,1,0,1,0,85
22,90,82,8,0,0,0,0,87
16,93,89,8,0,0,1,0,88
16,83,83,7,1,0,1,0,87
15,92,86,9,1,0,0,0,82
20,82,87,6,0,0,1,0,85
18,93,83,7,1,0,1,0,83
23,85,87,8,0,1,1,0,89
20,93,81,8,1,0,1,0,84
19,90,80,7,0,0,1,0,85
17,88,83,9,1,0,1,0,85
16,83,86,8,1,0,1,0,81
21,82,83,7,0,0,1,0,81
21,81,80,9,1,0,1,0,89
16,87,83,6,1,0,1,0,88
22,87,81,6,1,0,0,0,86
24,81,85,5,0,0,0,0,88
17,92,81,5,1,0,0,0,82
15,86,87,5,0,0,0,0,82
21,81,85,5,0,0,0,0,83
20,91,83,6,1,0,0,0,83
24,85,86,6,1,0,0,0,90
16,89,88,8,0,0,1,0,82
24,80,88,5,0,0,1,0,86
24,83,89,5,0,0,1,0,83
18,88,84,8,0,0,1,0,88
20,85,87,8,0,0,1,0,83
22,88,85,5,1,0,0,0,85
20,94,89,8,1,0,0,0,85
21,92,87,5,1,0,1,0,84
23,80,81,8,1,0,0,0,85
24,81,88,6,1,0,0,0,89
21,90,89,5,1,0,0,0,90
17,92,81,9,1,0,1,0,89
21,81,81,7,0,0,0,0,87
21,86,87,5,0,0,0,0,88
24,88,82,6,1,0,1,0,90
24,94,80,7,1,0,0,1,86
24,81,83,7,0,0,0,0,87
23,86,89,9,0,0,0,0,86
20,84,85,6,0,0,0,0,86
16,84,85,5,0,1,0,0,87
24,85,80,8,1,0,1,0,82
21,93,86,9,1,0,0,0,81
19,94,80,9,0,0,1,0,85
23,88,86,5,1,0,1,0,85
18,80,80,9,1,0,1,0,85
19,83,86,8,0,0,0,0,85
19,80,84,6,1,0,0,0,87
21,94,89,7,1,0,0,0,81
17,83,84,5,0,0,0,0,84
16,90,85,9,1,0,1,0,85
16,84,87,7,0,0,0,0,89
21,89,88,5,0,0,1,0,88
22,88,85,8,1,0,1,0,83
21,94,85,5,0,0,1,0,87
15,94,80,6,1,0,1,0,87
16,93,83,9,1,0,0,0,89
19,93,86,8,0,0,0,0,82
22,81,87,5,0,0,1,0,85
17,90,87,8,1,0,1,0,82
22,85,88,7,0,0,1,0,90
15,83,87,7,1,0,1,0,84
21,93,80,7,0,0,1,0,87
22,93,83,5,1,0,1,0,90
17,86,86,6,0,0,1,0,86
15,88,87,9,0,0,0,0,87
20,91,81,9,1,0,1,0,83
21,87,83,9,1,0,1,0,84
20,87,88,7,1,0,1,0,82
19,88,88,9,1,0,1,0,88
15,86,87,5,1,0,0,0,84
16,87,84,9,1,0,0,0,89
18,80,88,5,1,0,0,0,86
21,89,84,7,1,0,1,0,90
24,84,87,9,0,0,0,0,90
23,90,86,9,1,0,1,0,84
18,93,85,7,0,0,0,0,86
15,86,87,5,0,0,1,0,81
18,88,80,5,0,0,0,0,89
21,84,88,6,0,0,1,0,87
22,83,88,9,1,0,1,0,87
20,85,82,6,0,0,0,0,85
24,92,81,5,1,0,0,0,82
22,92,84,6,0,1,0,0,87
15,88,81,5,1,0,0,1,88
22,86,82,5,1,0,0,0,87
15,90,88,7,0,0,0,0,89
22,88,87,8,1,0,1,0,90
21,89,85,8,1,0,1,0,82
21,82,84,5,0,0,0,0,89
16,82,85,9,1,0,1,0,84
24,83,89,9,1,0,1,0,81
16,82,87,8,0,0,0,0,81
24,92,87,7,1,0,0,0,85
23,87,88,7,1,0,1,0,81
23,92,84,5,0,0,1,0,82
16,92,89,8,1,0,1,0,84
16,88,88,6,0,1,1,0,87
22,82,81,7,1,0,0,0,89
23,81,80,7,0,0,0,0,89
15,90,88,7,1,0,0,0,85
24,87,86,6,0,0,1,0,81
22,94,82,5,0,0,1,0,86
15,83,84,8,1,0,0,0,85
18,86,82,9,1,0,0,0,87
19,80,81,5,0,0,1,0,85
15,87,86,5,1,0,0,0,81
23,93,88,7,1,0,0,0,87
24,83,86,8,1,0,1,0,85
23,89,81,5,1,0,1,0,82
18,81,81,9,0,0,1,0,83
19,88,86,6,1,0,0,0,81
21,84,89,6,1,0,0,0,84
20,86,85,7,1,0,1,0,82
24,89,87,7,0,0,1,0,82
16,82,80,5,1,0,0,0,86
17,87,84,6,1,0,0,0,87
21,88,86,7,0,0,0,0,86
23,94,83,9,1,0,0,0,89
17,84,83,9,0,0,0,0,85
16,81,86,8,1,0,0,0,86
15,94,87,8,0,0,1,0,88
23,94,89,8,1,0,1,0,88
20,89,87,9,1,0,1,0,90
17,94,88,6,1,0,0,0,88
17,80,84,7,1,0,1,0,81
20,86,80,8,1,0,1,0,85
18,81,86,5,0,0,1,0,81
24,88,89,7,0,0,1,0,82
17,86,87,7,1,0,1,0,87
21,91,85,6,1,0,0,0,87
18,84,86,5,1,0,0,0,85
17,91,89,7,0,0,1,0,86
20,91,83,6,1,0,1,0,87
23,87,89,6,0,0,1,0,84
19,89,82,6,1,0,1,0,90
24,90,86,8,1,0,1,0,86
21,81,86,8,1,0,1,0,90
23,91,89,6,1,0,1,0,84
15,91,89,6,0,0,1,0,82
16,93,88,8,1,0,1,0,86
16,90,88,9,1,0,0,0,81
17,83,88,9,1,0,0,0,87
19,85,83,9,0,0,0,0,87
15,90,88,8,0,0,1,0,89
23,86,81,7,0,0,1,0,85
18,86,89,5,0,0,1,0,83
21,89,87,9,0,0,0,0,84
18,91,86,5,0,0,1,0,83
17,93,85,5,0,0,0,0,85
18,80,80,6,1,0,1,0,81
21,85,86,9,1,0,1,0,89
18,89,88,8,1,0,1,0,86
16,82,81,7,0,0,1,0,82
17,82,83,8,0,0,0,0,84
22,88,84,5,1,0,0,0,84
16,90,83,6,1,0,0,1,87
15,85,81,8,0,0,0,0,87
24,94,85,7,0,0,1,0,85
18,86,86,8,1,0,1,0,86
19,85,87,7,0,0,0,0,83
20,80,80,5,0,0,0,0,84
19,93,89,8,1,0,1,0,85
17,94,84,6,0,0,1,0,85
19,82,84,6,1,0,0,1,89
16,84,88,5,1,0,0,0,84
17,90,80,9,0,0,0,0,83
24,94,85,8,0,0,0,0,88
18,90,85,9,0,0,1,0,86
23,82,85,7,1,0,0,0,90
24,86,81,9,1,0,1,0,83
19,94,82,8,0,0,0,0,85
16,84,83,7,0,0,0,0,82
15,86,82,6,1,0,1,0,89
20,85,81,6,1,0,1,0,89
24,83,84,7,1,0,1,0,90
20,92,84,6,0,0,0,0,89
17,80,89,9,1,0,1,0,85
20,85,88,8,0,0,1,0,82
16,91,85,8,1,0,0,0,81
15,94,81,6,1,0,1,0,88
19,90,82,9,1,0,1,0,83
24,94,82,7,1,0,1,0,90
20,89,80,6,1,0,1,0,82
24,92,81,5,0,0,1,0,87
20,82,86,9,0,0,1,0,83
21,87,87,8,1,0,0,0,81
18,94,83,7,0,0,1,0,88
24,83,83,7,1,0,1,0,81
15,82,80,9,1,0,0,0,83
24,82,84,9,1,0,1,0,83
18,85,89,9,1,0,1,0,88
15,92,81,8,0,0,0,0,85
22,87,80,8,1,0,0,0,87
19,86,86,9,1,0,0,0,87
20,80,87,9,1,0,1,0,86
23,92,83,6,1,0,1,0,81
16,85,83,7,1,0,0,0,81
24,94,82,8,0,0,1,0,86
22,82,80,5,1,0,0,0,89
22,87,88,5,1,0,1,0,82
20,93,88,6,1,0,1,0,87
20,88,87,5,0,0,0,0,85
18,94,80,8,1,0,0,0,89
15,93,82,6,1,0,1,0,85
18,89,81,9,1,0,1,0,87
19,90,89,8,0,0,0,0,90
23,82,81,7,0,0,1,0,83
16,92,86,5,1,0,1,0,81
24,80,85,8,0,0,0,0,83
24,80,85,6,1,0,1,0,82
15,90,88,5,0,0,1,0,86
23,84,81,9,0,0,1,0,81
19,89,81,7,1,0,1,0,86
24,81,86,9,1,0,1,0,85
19,91,85,5,1,0,1,0,87
18,82,80,7,0,0,0,0,87
22,91,89,9,1,0,1,0,83
23,82,88,5,1,0,1,0,89
23,86,86,6,0,0,0,0,90
16,92,84,9,0,0,0,0,82
17,90,80,9,1,0,1,0,81
17,82,85,8,0,0,0,0,85
17,85,84,7,1,0,1,0,86
20,89,86,5,1,0,1,0,84
18,94,81,5,0,0,0,0,84
17,82,86,5,1,0,1,0,89
24,82,82,6,1,0,1,0,81
16,80,82,8,0,0,1,0,85
15,89,89,9,0,0,1,0,85
20,92,87,9,1,0,0,0,83
22,92,83,5,1,0,1,0,84
22,89,88,7,1,0,0,0,82
15,85,83,9,1,0,1,0,87
15,81,87,5,1,0,0,0,86
24,91,80,6,0,0,1,0,88
22,89,81,5,1,0,0,0,84
18,82,83,5,0,0,1,0,84
17,88,82,5,1,0,1,0,85
19,87,89,7,0,0,1,0,88
17,80,83,5,0,0,0,0,81
16,82,80,6,1,0,0,0,82
24,88,89,5,1,0,1,0,87
19,81,82,9,1,0,1,0,87
24,82,80,7,1,0,0,0,89
21,85,82,5,0,0,0,0,81
15,80,84,5,0,0,0,0,86
15,81,84,7,1,0,1,0,84
18,86,89,5,1,0,0,0,85
21,86,86,5,0,0,1,0,88
23,92,85,7,0,0,1,0,83
23,80,85,7,1,0,0,1,81
15,81,83,6,1,0,1,0,86
19,87,81,6,1,0,1,0,86
16,89,89,8,0,0,0,0,88
18,84,85,7,1,0,1,0,82
17,82,83,9,0,0,1,0,81
19,91,85,7,0,0,1,0,84
23,83,84,8,1,0,1,0,83
20,90,81,9,0,0,0,0,85
21,83,87,8,0,0,1,0,84
18,82,82,7,1,0,1,0,86
20,83,81,7,0,0,0,0,86
19,80,80,5,1,0,0,0,81
17,90,89,7,1,0,1,0,85
21,87,87,7,1,0,0,0,89
16,87,88,8,0,0,0,0,82
24,85,82,7,0,0,0,0,85
15,93,88,6,1,0,1,0,88
15,86,85,7,0,0,0,0,88
15,87,87,8,1,0,1,0,87
17,94,81,5,0,0,0,0,86
20,90,82,5,0,0,1,0,84
23,86,86,9,0,0,1,0,83
19,84,88,9,1,0,0,0,88
21,90,89,6,0,0,1,0,87
23,84,85,7,0,0,1,0,83
17,93,81,7,0,0,0,0,84
19,82,87,8,1,0,1,0,86
24,85,81,5,1,0,1,0,83
24,91,87,7,0,0,0,0,85
18,85,87,8,0,0,0,0,90
24,84,81,7,1,0,1,0,90
22,89,84,8,1,0,0,0,88
17,91,86,7,1,0,0,0,83
21,83,86,9,1,0,1,0,87
24,81,84,9,1,0,0,0,89
19,82,87,7,0,0,1,0,84
23,94,88,5,0,0,0,0,86
17,93,86,5,0,1,1,0,84
16,84,81,5,1,0,1,0,87
19,84,86,7,1,0,0,0,89
18,87,81,9,1,0,1,0,85
20,94,89,6,1,0,0,0,89
15,80,85,9,0,0,1,0,90
24,85,86,5,0,0,1,0,83
24,81,86,9,1,0,1,0,89
18,83,89,9,0,0,0,0,90
16,88,85,8,1,0,1,0,86
18,90,84,7,0,0,1,0,86
21,88,89,8,1,0,1,0,87
20,81,84,8,0,0,0,0,86
23,93,88,8,1,0,1,0,85
21,82,83,6,1,0,1,0,85
22,89,88,7,1,0,0,0,84
22,82,86,7,0,0,1,0,86
23,88,80,7,1,0,1,0,83
17,93,85,7,1,0,1,0,82
17,92,80,7,1,0,0,0,84
24,92,89,9,1,0,0,0,89
23,83,88,5,1,0,0,0,85
22,88,83,7,1,0,0,0,87
15,92,84,8,1,0,0,0,89
23,82,82,9,1,0,0,0,85
18,85,85,5,1,0,1,0,83
21,81,80,8,1,0,0,0,85
23,92,89,6,1,0,0,0,83
19,91,87,7,1,0,1,0,89
24,93,85,9,1,0,1,0,88
18,92,85,7,1,0,1,0,84
18,89,89,6,1,0,1,0,82
22,81,84,8,1,0,0,0,86
19,90,85,9,0,0,0,0,82
20,85,84,9,0,0,1,0,88
24,94,85,7,1,0,0,0,87
24,87,80,6,1,0,1,0,90
24,83,82,7,1,0,1,0,90
20,83,86,5,1,0,0,0,85
18,90,82,7,1,0,1,0,84
17,83,83,8,0,0,1,0,88
21,94,82,6,1,0,0,0,88
17,91,84,6,1,0,0,0,81
17,82,84,8,1,0,0,0,90
21,91,81,9,0,0,0,0,84
23,84,85,7,1,0,0,0,84
19,93,85,8,1,0,1,0,88
18,91,88,5,0,0,1,0,85
15,81,84,8,1,0,1,0,83
24,88,84,9,0,0,1,0,87
18,90,84,8,1,0,0,0,87
22,82,82,7,1,0,1,0,83
17,89,88,5,1,0,0,0,88
17,88,86,6,1,0,1,0,89
17,83,84,8,1,0,1,0,87
19,94,87,6,1,0,1,0,86
22,93,83,6,1,0,1,0,90
23,94,80,9,0,0,1,0,87
24,83,85,5,0,0,0,0,89
19,92,81,6,0,0,1,0,81
22,81,81,7,0,0,0,0,87
18,80,88,7,1,0,0,0,88
15,91,87,6,0,0,0,0,83
16,87,86,8,1,0,1,0,89
16,91,84,7,1,0,0,0,85
19,85,83,7,1,0,1,0,84
15,90,89,9,1,0,1,0,90
15,86,80,9,1,0,1,0,85
22,81,80,8,1,0,1,0,86
16,86,84,5,1,0,0,0,86
23,94,81,8,1,0,1,0,84
23,89,81,9,1,0,0,0,85
17,91,84,8,0,0,0,0,87
21,87,86,5,0,0,0,0,87
19,91,89,9,0,0,1,0,86
15,88,81,5,0,0,1,0,86
20,90,85,8,0,0,1,0,89
18,81,84,6,1,0,0,0,87
24,83,87,9,0,0,1,0,85
23,90,82,8,1,0,1,0,84
15,80,82,8,1,0,1,0,89
16,80,88,5,1,0,0,0,90
15,81,88,7,1,0,1,0,90
24,84,83,9,1,0,0,0,86
23,94,80,9,0,0,1,0,86
23,84,87,6,1,0,1,0,89
16,85,83,7,0,0,0,0,85
19,93,80,9,0,1,0,0,90
17,87,80,8,1,0,0,0,81
24,93,87,6,1,0,0,0,85
22,82,81,6,0,0,1,0,89
22,83,84,8,1,0,1,0,88
23,92,83,8,0,0,1,0,89
20,83,81,8,1,0,1,0,85
18,89,82,7,1,0,1,0,89
22,88,83,5,1,0,1,0,86
22,94,81,8,1,0,1,0,90
17,92,85,5,1,0,0,0,84
24,89,82,7,0,0,1,0,83
17,89,83,8,0,0,1,0,86
16,88,89,9,1,0,1,0,83
19,93,81,6,0,0,1,0,87
22,80,88,8,1,0,1,0,84
22,88,86,7,1,0,0,1,84
16,81,85,5,0,0,1,0,87
20,93,83,5,1,0,1,0,87
17,85,85,9,1,0,1,0,88
23,84,88,7,0,0,1,0,84
21,81,87,5,1,0,0,0,86
23,87,85,9,1,0,1,0,90
19,81,85,9,1,0,0,0,87
17,84,80,6,0,0,1,0,82
20,87,81,5,1,0,1,0,83
19,91,81,9,1,0,0,0,86
21,88,81,7,1,0,1,0,89
17,90,84,5,0,0,0,0,81
24,83,86,9,0,0,0,0,83
19,94,82,5,1,0,1,0,88
18,86,85,5,1,0,1,0,87
21,83,84,6,1,0,1,0,85
23,80,89,9,0,0,0,0,81
22,90,88,9,0,0,1,0,88
19,85,84,7,1,0,0,0,88
21,88,88,6,0,0,1,0,82
19,94,80,6,1,0,1,0,90
24,86,85,5,0,0,1,0,86
22,92,87,6,1,0,1,0,83
21,80,83,9,0,0,1,0,83
20,87,80,5,0,0,1,0,88
18,90,85,8,1,0,0,0,89
16,93,80,5,1,0,0,0,89
21,88,80,8,0,0,1,0,85
20,91,85,7,0,0,1,0,82
24,89,89,9,0,0,1,0,85
17,84,86,5,1,0,1,0,82
21,82,81,9,1,0,0,0,83
22,90,87,5,1,0,1,0,87
15,81,84,6,0,0,1,0,89
19,93,81,9,0,0,0,0,85
24,90,89,6,1,0,0,0,85
22,82,82,8,1,0,1,0,86
19,84,89,9,0,0,0,1,90
18,93,87,5,0,0,0,0,90
22,87,83,7,0,0,1,0,85
20,91,84,6,1,0,1,0,84
20,82,83,9,1,0,0,0,88
21,87,89,6,0,0,0,0,86
16,90,88,8,0,0,0,0,85
17,91,88,6,1,0,0,0,90
19,84,88,7,0,0,1,0,82
19,83,83,8,0,0,0,0,85
18,84,81,8,1,0,1,0,82
15,82,83,6,1,0,1,0,84
16,83,84,8,0,0,1,0,83
15,82,87,8,1,0,0,0,89
23,89,87,9,1,0,0,0,89
15,84,80,5,0,1,0,0,83
17,94,87,6,0,0,0,0,82
16,88,81,5,0,0,1,0,86
22,80,80,5,0,0,0,0,87
17,92,83,6,0,0,1,0,90
19,84,87,6,1,0,1,0,88
15,88,86,8,1,0,1,0,89
24,82,85,8,1,0,1,0,84
15,92,89,9,1,0,1,0,81
16,94,85,7,1,0,1,0,90
20,90,82,5,0,0,0,0,87
23,82,82,7,0,0,1,0,85
19,92,81,6,1,0,1,0,88
18,92,85,7,1,0,0,0,85
15,83,89,5,1,0,1,0,83
23,89,86,9,0,0,1,0,87
23,87,86,7,0,0,1,0,87
24,86,87,6,1,0,1,0,83
15,81,85,8,1,0,1,0,85
22,87,88,7,1,0,1,0,86
19,83,86,9,1,0,0,0,90
17,91,82,5,1,0,1,0,83
17,90,82,9,0,0,1,0,83
19,93,84,8,1,0,0,0,81
20,80,81,8,0,0,1,0,81
20,83,83,7,0,0,1,0,86
22,91,87,9,0,0,0,0,83
21,89,83,6,1,0,1,0,88
19,94,89,8,1,0,0,0,83
19,86,89,6,1,0,1,0,89
24,80,81,7,0,0,1,0,87
22,81,85,7,0,0,1,0,85
15,92,85,8,1,0,0,0,81
16,84,88,6,1,0,0,0,88
15,83,87,5,1,0,1,0,86
24,82,89,5,0,0,0,0,87
24,83,86,7,0,0,1,0,89
17,85,89,7,0,0,0,0,89
23,87,88,6,0,0,1,0,88
24,90,86,6,1,0,0,0,85
20,94,88,5,0,0,0,0,87
20,90,88,7,1,0,0,0,83
16,93,83,9,0,0,0,0,86
19,93,89,7,0,0,1,0,81
23,88,80,6,1,0,0,0,86
15,88,86,8,1,0,1,0,83
24,83,82,7,1,0,1,0,83
17,84,86,6,0,0,1,0,85
19,84,85,5,1,0,0,0,86
16,86,89,7,0,0,1,0,83
16,92,86,6,0,0,1,0,84
23,94,84,8,1,0,0,0,86
22,84,84,6,0,0,0,0,90
20,82,83,5,0,0,1,0,88
15,83,82,8,1,0,0,0,86
24,85,82,8,0,0,1,0,82
20,80,83,7,0,0,0,0,82
18,82,84,5,0,0,1,0,82
19,92,80,5,1,0,0,0,84
19,84,89,9,0,0,1,0,81
20,90,88,7,0,0,1,0,81
21,94,89,7,0,0,1,0,82
21,87,84,8,1,0,0,1,82
23,88,81,5,1,0,1,0,87
24,92,88,5,1,0,0,0,87
17,88,89,9,0,0,0,0,83
15,87,82,5,1,0,0,0,83
15,80,89,8,1,0,0,0,84
21,81,82,8,1,0,1,0,88
22,82,86,5,1,0,1,0,83
23,81,86,5,1,0,0,0,81
16,85,89,6,0,0,0,0,87
22,84,86,5,1,0,1,0,88
19,92,87,5,0,0,1,0,89
17,81,83,6,0,0,0,0,81
15,84,88,7,1,0,0,0,87
24,84,87,7,1,0,1,0,85
21,91,81,7,1,0,1,0,87
22,89,88,8,1,0,1,0,90
21,88,88,5,0,0,1,0,81
17,85,86,6,0,0,1,0,81
20,84,81,9,1,0,1,0,82
18,82,85,5,1,0,1,0,89
15,85,87,6,1,0,1,0,89
23,86,81,6,0,0,0,0,90
16,84,83,7,1,0,1,0,89
16,91,81,5,0,0,1,0,88
15,82,88,6,1,0,1,0,84
15,85,88,7,0,0,1,0,90
17,87,85,8,0,0,1,0,82
16,92,86,9,0,0,1,0,81
24,89,87,8,1,0,1,0,87
15,92,83,9,0,0,1,0,81
19,87,86,7,0,1,1,0,90
16,94,87,5,0,0,0,0,83
19,82,88,5,1,0,1,0,81
18,92,88,6,0,0,1,0,86
24,92,86,8,1,0,1,0,89
23,80,85,6,1,0,1,0,82
18,82,87,6,1,0,1,0,88
17,93,83,5,1,0,0,0,87
17,87,87,7,1,0,1,0,82
15,88,89,7,0,0,1,0,87
16,82,89,9,1,0,0,0,87
20,92,88,8,1,0,0,0,86
21,88,88,5,1,0,0,0,85
20,81,83,8,0,0,0,0,90
15,88,83,8,1,0,0,0,86
16,94,84,8,0,1,0,1,84
23,93,81,6,1,0,1,0,82
24,81,89,8,0,0,0,0,81
22,85,80,5,0,0,1,0,85
15,90,85,7,1,0,0,0,89
18,88,80,9,1,0,1,0,83
17,83,84,7,1,0,1,0,87
17,92,83,8,0,0,1,0,86
20,90,88,7,1,0,0,0,82
19,92,87,5,0,0,1,0,87
23,89,82,5,1,0,0,0,90
20,92,87,6,1,0,1,0,85
19,81,88,7,0,0,1,0,89
21,87,81,9,0,0,0,0,81
18,80,87,6,0,0,1,0,85
21,88,83,7,0,0,0,0,83
21,91,83,9,1,0,1,0,87
23,88,81,6,1,0,1,0,89
20,93,83,8,1,0,1,0,90
23,91,87,8,1,0,0,0,88
17,90,83,8,0,0,0,0,90
17,82,84,7,1,0,0,0,87
15,94,85,5,0,0,0,0,81
16,89,83,5,0,0,1,0,82
18,82,81,6,1,0,1,0,87
18,86,83,5,1,0,0,0,89
19,89,82,6,1,0,1,0,83
22,90,84,8,1,0,0,0,82
15,80,87,8,1,0,1,0,90
22,83,87,9,0,0,1,0,87
22,94,81,6,1,0,1,0,84
16,94,87,6,0,0,1,0,83
24,94,88,8,1,0,1,0,81
15,81,87,7,1,0,1,0,89
15,81,82,9,1,0,0,0,85
17,86,82,7,1,0,0,0,82
20,89,84,5,0,0,0,0,90
22,88,86,7,0,0,0,0,84
23,89,87,9,1,0,1,0,87
17,83,88,6,1,0,0,0,81
18,83,82,5,1,0,1,0,90
20,85,85,6,0,0,1,0,89
21,90,82,9,1,0,1,0,86
23,90,80,8,1,0,1,0,88
22,92,83,5,0,0,0,0,89
22,93,89,9,1,0,0,0,84
18,86,88,5,0,0,1,0,82
25,93,94,9,1,0,1,0,98
26,96,97,8,1,0,0,0,92
29,95,95,8,1,0,0,0,93
23,90,100,9,1,0,1,0,97
20,100,97,7,1,0,0,0,91
25,95,93,9,1,0,0,0,99
22,92,90,7,0,0,1,0,100
26,93,99,10,0,1,1,0,91
26,94,90,7,1,0,1,0,96
21,93,95,8,1,0,1,0,94
27,96,100,9,0,0,1,0,98
27,90,96,10,1,0,0,0,91
29,98,99,7,1,0,1,0,94
21,92,93,8,0,0,0,0,91
25,91,95,8,1,0,1,0,98
24,90,91,7,1,0,0,0,100
30,100,97,8,0,0,1,0,100
20,95,94,8,1,0,1,0,94
21,98,98,8,1,0,1,0,93
22,98,96,8,0,0,1,0,100
27,96,93,9,0,0,1,0,95
27,90,99,9,1,0,1,0,98
23,95,100,10,1,0,0,0,94
29,92,96,10,1,0,1,0,92
20,90,97,8,1,0,1,0,99
24,97,99,9,0,0,0,0,91
28,91,93,8,1,0,1,0,98
27,92,98,7,1,0,1,0,97
26,98,96,8,1,0,1,0,98
21,94,100,10,1,0,0,0,99
28,98,97,7,1,0,1,0,93
21,90,94,7,0,0,1,0,91
29,90,100,7,0,0,1,0,92
26,94,92,10,1,0,1,0,92
28,94,98,8,0,0,0,0,100
28,90,97,10,1,0,1,0,91
30,99,94,8,0,0,1,0,95
27,90,93,9,1,0,1,0,96
27,93,100,10,0,0,1,0,95
20,97,99,9,1,0,0,0,91
23,97,94,8,0,0,1,0,99
30,97,96,7,1,0,0,0,98
22,100,95,10,1,0,1,0,100
21,90,94,7,1,0,0,0,100
20,97,91,7,1,0,1,0,91
22,98,93,8,0,0,1,0,99
21,92,94,10,0,0,1,0,99
21,90,93,8,1,0,1,0,92
30,95,91,10,0,0,1,0,91
21,95,95,10,1,0,1,0,91
28,95,98,8,1,0,1,0,96
22,92,97,8,0,0,0,0,94
29,97,92,9,1,0,0,0,95
23,99,96,10,0,1,0,1,98
26,91,99,7,1,0,1,0,93
23,94,100,7,1,0,1,0,94
21,97,90,10,1,0,1,0,96
24,93,95,8,1,0,1,0,99
28,91,98,9,0,0,0,0,97
29,97,92,7,0,0,1,0,98
20,99,93,10,0,0,1,0,95
28,92,96,7,0,0,0,0,95
26,95,90,8,1,0,0,0,99
29,95,90,10,1,0,1,0,99
30,99,95,8,0,0,1,0,98
29,94,93,10,1,0,1,0,96
27,92,94,8,1,0,1,0,94
23,98,99,7,1,0,1,0,94
22,92,97,9,1,0,0,0,99
29,99,95,10,1,0,1,0,94
28,92,96,8,1,0,1,0,95
29,96,92,7,1,0,0,0,94
20,90,100,7,1,0,1,0,96
27,100,98,9,1,0,0,0,100
21,98,90,9,1,0,1,0,94
24,95,91,10,1,0,0,0,91
30,95,94,8,1,0,0,0,98
30,93,95,9,1,0,1,0,98
20,90,91,9,1,0,0,0,91
28,91,94,7,1,0,0,0,100
22,97,97,7,1,0,0,0,96
30,90,91,7,1,0,1,0,96
20,95,94,10,1,0,1,0,91
29,96,100,7,1,0,1,0,93
29,92,97,9,1,0,0,0,93
20,92,92,9,1,0,0,0,92
27,99,96,10,1,0,1,0,100
23,99,100,10,1,0,1,0,100
25,100,91,9,1,0,1,0,95
24,92,91,9,0,0,1,0,100
24,99,98,7,0,0,1,0,91
24,98,95,10,1,0,1,0,100
27,100,99,10,1,0,1,0,95
29,90,97,7,1,0,1,0,95
21,100,95,9,1,0,0,0,97
28,91,93,10,1,0,1,0,96
28,93,95,7,1,0,1,0,97
26,95,97,7,0,0,0,1,91
30,100,93,9,0,0,0,0,95
29,90,91,7,0,0,1,0,92
25,97,97,8,1,0,0,0,100
23,93,96,8,0,0,1,0,99
29,90,94,8,0,0,0,0,97
29,97,96,7,1,0,1,0,91
20,90,95,10,1,0,1,0,95
22,91,95,9,1,0,1,0,96
23,94,95,8,1,0,1,0,95
24,90,90,8,1,0,0,0,92
26,96,99,7,0,0,1,0,97
27,91,90,7,0,0,0,0,99
25,90,95,9,1,0,0,0,97
27,91,95,10,1,0,1,0,100
24,92,96,8,0,0,0,0,97
22,99,91,10,0,0,1,0,92
24,90,93,10,1,0,0,0,95
30,93,100,7,0,0,0,0,100
20,100,97,9,1,0,1,0,91
25,92,95,7,0,0,1,0,92
30,95,99,9,1,0,0,0,100
20,93,90,9,0,0,0,0,96
29,97,91,7,1,0,1,0,100
25,90,96,7,0,0,1,0,94
28,94,98,9,1,0,1,0,91
23,93,92,9,1,0,0,0,93
30,91,94,9,1,0,1,0,95
28,100,92,7,1,0,0,0,91
22,94,90,10,1,0,0,0,95
23,99,91,7,0,0,1,0,99
23,96,93,7,1,0,1,0,93
28,99,95,7,0,0,1,0,92
22,96,92,10,0,0,0,0,94
27,98,93,7,1,0,1,0,98
22,97,94,10,0,0,1,0,100
30,93,91,7,1,0,1,0,93
26,90,98,10,1,0,1,0,95
26,90,100,8,0,0,1,0,95
25,92,96,7,0,0,1,0,100
27,98,93,10,1,0,0,0,97
26,97,97,10,1,0,0,1,95
29,93,99,8,1,0,0,0,97
28,100,94,10,0,0,0,0,94
27,96,90,9,1,0,0,0,100
30,90,100,10,1,0,0,0,94
21,98,92,8,1,0,1,0,95
21,90,98,9,1,0,1,0,99
24,99,93,8,0,0,1,0,99
24,94,94,7,0,0,1,0,97
30,100,91,8,1,0,1,0,96
22,91,93,8,0,0,0,0,100
20,91,94,8,1,0,1,0,99
27,92,100,7,1,0,1,0,94
24,91,96,7,1,0,1,0,95
21,90,92,7,0,0,1,0,99
27,91,95,7,1,0,1,0,95
20,96,91,10,0,1,1,0,94
28,100,99,7,1,0,1,0,98
29,91,92,8,1,0,0,0,93
25,95,92,9,1,0,1,0,99
27,98,100,10,0,0,0,0,91
23,92,93,10,1,0,1,0,98
30,96,99,9,1,0,1,0,95
22,99,96,7,0,0,0,0,97
20,97,98,8,1,0,1,0,91
21,100,92,8,0,0,0,0,98
27,91,99,10,0,0,0,0,98
24,91,90,9,1,0,0,0,92
30,91,96,10,0,0,1,0,95
30,99,98,8,1,0,1,0,93
21,96,93,10,1,0,1,0,91
29,91,93,9,0,0,1,0,96
21,99,97,10,0,0,1,0,92
21,97,97,7,1,0,0,0,99
21,99,93,8,0,0,1,0,93
29,92,95,10,1,0,1,0,93
23,93,95,10,1,0,1,0,100
21,90,91,7,0,0,1,0,97
26,98,90,8,1,0,1,0,97
20,92,97,10,0,0,0,0,91
24,97,91,7,1,0,1,0,91
30,97,91,9,1,0,0,0,98
21,90,96,8,1,0,1,0,99
27,92,100,10,1,0,1,0,93
20,95,93,7,0,0,1,0,100
21,99,92,8,0,0,1,0,99
22,90,98,10,1,0,0,0,94
20,97,99,8,1,0,0,0,96
28,98,97,7,1,0,1,0,97
27,91,97,10,1,0,0,0,100
26,95,98,9,0,0,1,0,99
23,100,94,9,0,0,0,0,96
26,96,96,8,1,0,1,0,100
20,99,95,9,1,0,1,0,93
29,91,99,7,1,0,1,0,95
26,90,95,8,1,0,1,0,100
22,98,95,8,1,0,1,0,91
27,98,91,7,1,0,1,0,99
23,98,95,9,0,0,1,0,96
25,90,98,7,1,0,0,0,100
21,100,95,7,1,0,1,0,97
28,92,97,9,0,0,1,0,97
28,98,97,7,1,0,1,0,93
26,92,93,8,1,0,1,0,100
25,91,93,10,1,0,0,0,92
29,95,100,9,1,0,1,0,95
26,93,91,10,1,0,1,0,98
21,90,100,7,1,0,0,0,99
24,91,96,7,1,0,1,0,93
28,97,100,7,1,0,1,0,93
30,99,98,9,0,0,1,0,98
27,92,98,7,0,0,1,0,95
25,92,90,8,1,0,1,0,100
20,97,93,9,0,0,1,0,93
30,100,99,10,1,0,1,0,92
22,90,92,7,1,0,0,0,97
28,95,90,10,0,0,1,0,91
30,98,95,8,1,0,1,0,98
23,100,93,10,1,0,1,0,93
21,90,93,9,1,0,1,0,98
26,96,90,10,1,0,1,0,100
24,94,92,8,0,0,0,0,94
26,90,90,7,1,0,0,0,96
30,91,100,9,1,0,0,0,93
26,94,92,7,1,0,0,0,95
23,99,97,10,1,0,1,0,98
28,95,98,7,1,0,0,0,99
20,95,97,8,1,0,0,0,95
23,94,90,8,1,0,1,0,98
23,93,91,7,1,0,1,0,97
23,93,93,8,1,0,1,0,95
20,98,90,10,1,0,0,0,97
24,93,90,9,1,0,0,0,100
24,96,92,9,0,1,0,0,91
26,100,92,8,1,0,0,0,96
26,99,94,10,1,0,0,0,91
21,98,98,8,0,0,0,0,98
21,98,91,10,1,0,1,0,100
30,90,96,9,1,0,0,0,100
26,100,100,10,0,0,1,0,92
21,94,93,8,1,0,1,0,96
24,99,95,9,1,0,1,0,91
24,92,100,7,1,0,0,0,99
28,98,95,10,1,0,0,0,99
24,98,99,10,1,0,1,0,97
22,98,96,10,0,0,1,0,98
20,100,91,8,0,0,0,1,100
22,93,91,8,1,0,0,0,100
24,96,95,8,1,0,1,0,97
27,98,96,7,0,0,1,0,97
26,95,100,7,1,0,0,0,100
23,94,96,9,1,0,1,0,99
26,100,93,8,1,0,0,0,99
30,94,96,8,1,0,0,0,91
24,90,90,7,1,0,0,0,96
21,90,90,8,0,0,1,0,91
29,92,100,7,1,0,1,0,99
23,100,92,10,0,0,0,0,100
29,94,99,9,1,0,1,0,95
22,97,91,9,1,0,1,0,98
24,100,94,7,0,0,1,0,97
27,95,90,9,0,0,1,0,95
24,93,90,10,1,0,1,0,94
26,98,99,10,1,0,0,0,96
28,95,90,8,0,0,1,0,100
29,94,99,7,1,0,0,0,100
22,97,94,9,0,0,1,0,95
25,99,99,7,1,0,0,0,98
30,100,96,7,1,0,1,0,94
26,99,95,8,0,0,0,1,95
21,94,97,9,0,0,1,0,94
27,94,94,7,0,0,1,0,92
21,97,93,7,1,0,0,0,98
24,95,99,7,1,0,1,0,95
21,94,97,7,0,0,1,0,93
24,98,98,8,1,0,1,0,91
29,100,94,8,1,0,1,0,94
24,90,91,8,0,0,1,0,100
28,95,94,7,1,0,1,0,94
29,99,90,9,1,0,0,0,97
26,93,98,7,1,0,1,0,98
30,93,98,8,1,0,0,0,95
20,96,100,8,1,0,0,0,95
26,94,93,8,1,0,1,0,98
25,99,98,10,0,0,1,0,95
21,93,91,8,1,0,1,0,96
25,100,93,9,1,0,1,0,98
24,98,92,9,0,0,1,0,99
27,99,99,10,1,0,1,0,99
30,90,94,9,1,0,0,0,100
23,100,95,8,1,0,0,0,92
21,93,90,7,1,0,1,0,91
30,95,92,8,1,0,0,0,99
26,91,91,8,0,0,0,0,96
30,100,91,8,1,0,1,0,97
26,95,90,7,0,1,1,0,93
27,98,97,7,1,0,1,0,93
22,92,93,8,1,0,1,0,92
23,92,95,8,1,0,1,0,98
24,98,92,7,1,0,1,0,99
21,96,96,8,1,0,1,0,100
21,92,91,9,1,0,0,0,97
25,100,96,10,1,0,1,0,97
28,91,90,9,0,0,0,0,91
30,91,95,8,1,0,1,0,99
23,99,99,7,1,0,1,0,96
23,98,95,9,1,0,1,0,97
26,94,94,8,1,0,0,0,91
24,100,91,8,1,0,1,0,94
26,96,99,9,0,0,1,0,91
30,96,94,8,1,0,1,0,98
26,95,90,8,0,0,0,0,92
28,100,99,8,0,0,1,0,91
30,94,96,8,0,0,1,0,96
27,97,91,10,0,0,0,0,100
25,92,99,7,1,0,1,0,93
29,100,90,9,1,0,0,0,96
26,97,93,8,1,0,1,0,99
25,99,99,9,0,0,1,0,98
28,95,91,10,1,0,1,0,96
29,92,94,8,1,0,0,0,92
25,99,94,7,0,1,1,0,97
25,97,93,7,1,0,0,1,92
27,97,94,10,1,0,0,0,100
29,96,98,8,1,0,0,0,96
23,96,96,9,1,0,0,0,98
26,96,99,10,1,0,1,0,96
21,97,96,8,0,0,1,0,91
24,92,96,8,1,0,1,0,92
21,90,97,10,1,0,1,0,99
26,94,95,9,1,0,1,0,98
25,93,96,10,1,0,1,0,94
28,91,95,7,0,0,0,0,96
26,94,95,10,1,0,1,0,98
23,100,99,10,0,0,0,0,91
26,90,97,10,1,0,1,0,96
20,92,99,10,0,1,1,0,91
21,98,97,9,1,0,1,0,94
22,98,94,10,1,0,0,0,98
24,99,92,9,1,0,0,0,91
25,92,94,8,1,0,0,0,95
24,92,100,10,0,0,1,0,96
24,97,97,7,0,0,1,0,100
26,96,99,10,1,0,1,0,92
28,93,91,7,1,0,0,0,100
21,94,100,10,1,0,1,0,94
24,93,91,9,1,0,1,0,93
22,92,95,7,0,0,0,0,96
30,94,97,8,0,0,1,0,96
21,95,90,10,0,0,0,0,98
20,96,97,9,0,0,1,0,94
22,99,97,8,1,0,1,0,100
21,98,91,9,1,0,0,0,96
29,94,97,10,1,0,1,0,96
24,90,99,10,1,0,1,0,94
21,97,94,7,1,0,1,0,97
27,95,98,7,1,0,0,0,92
20,92,96,7,0,0,1,0,97
21,95,96,8,1,0,1,0,98
25,95,98,8,0,0,0,0,97
21,100,96,7,1,0,1,0,95
21,94,99,9,1,0,1,0,97
28,100,100,9,0,0,1,0,92
28,100,100,8,0,0,1,0,92
22,92,98,10,1,0,1,0,91
24,90,90,8,1,0,1,0,99
22,93,98,9,1,0,1,0,96
27,99,98,7,1,0,1,0,96
22,94,91,8,1,0,0,0,91
23,97,95,7,1,0,1,0,92
22,97,99,7,1,0,1,0,94
26,98,96,9,0,0,1,0,96
30,100,100,10,1,0,1,0,96
23,98,96,7,1,0,1,0,95
28,96,96,9,1,0,1,0,93
30,90,96,9,1,0,1,0,97
26,100,98,7,0,0,1,0,94
26,100,94,7,1,0,1,0,92
20,93,96,7,1,0,1,0,100
22,94,100,8,0,0,1,0,95
30,90,100,9,1,0,0,0,93
23,100,94,7,1,0,0,0,91
28,94,100,8,1,0,0,0,97
29,92,100,7,1,0,1,0,95
29,99,92,10,0,0,0,0,100
29,98,96,9,1,0,1,0,91
24,96,97,9,1,0,1,0,96
27,97,94,10,1,0,0,0,93
23,97,93,10,1,0,0,0,99
27,95,97,9,0,0,0,0,95
23,95,91,8,1,0,1,0,92
30,97,92,7,1,0,0,0,93
28,91,98,7,1,0,1,0,99
29,93,92,9,0,0,1,0,92
27,97,100,10,1,0,0,0,100
28,92,98,10,0,0,0,0,91
23,90,94,7,1,0,1,0,92
26,90,99,10,1,0,1,0,91
26,98,93,9,0,0,1,0,93
25,98,95,8,1,0,1,0,92
23,94,100,8,0,0,1,0,97
28,91,92,7,1,0,0,0,95
22,91,98,7,0,0,1,0,92
26,94,90,10,0,0,0,0,95
28,94,100,7,0,0,1,0,99
24,93,98,8,1,0,1,0,95
30,91,93,10,1,0,1,0,97
22,95,91,10,0,0,1,0,96
22,98,90,9,1,0,1,0,91
21,90,100,10,1,0,1,0,92
27,97,95,9,1,0,1,0,94
21,90,97,8,1,0,1,0,100
23,98,90,8,1,0,0,0,99
27,94,92,7,0,0,1,0,94
30,96,98,9,1,0,0,1,100
27,92,93,7,1,0,0,0,98
29,91,96,9,1,0,1,0,93
26,98,98,10,1,0,0,0,99
25,99,96,7,1,0,1,0,97
24,92,94,8,1,0,0,0,93
29,94,95,7,0,0,1,0,91
23,95,95,7,1,0,1,0,94
27,99,90,10,0,0,1,0,93
26,96,94,9,1,0,0,0,99
27,91,99,7,1,0,1,0,95
25,94,93,8,1,0,1,0,92
22,97,97,9,1,0,1,0,100
26,92,96,8,0,0,1,0,97
27,98,92,10,1,0,0,0,91
26,91,92,8,1,0,1,0,96
23,100,94,10,1,0,1,0,91
23,92,95,10,1,0,1,0,92
27,97,99,8,1,0,1,0,91
26,95,93,8,1,0,1,0,93
23,94,97,9,1,0,1,0,92
21,98,91,7,1,0,0,0,99
28,94,100,7,1,0,1,0,100
27,96,99,8,1,0,0,0,98
20,97,92,8,1,0,1,0,100
24,98,96,7,0,0,1,0,92
27,96,95,9,1,0,1,0,91
24,92,96,10,0,0,0,0,100
20,95,100,8,1,0,1,0,94
30,94,91,10,1,0,0,0,93
27,99,91,7,1,0,0,0,96
24,95,93,9,1,0,1,0,93
29,91,91,8,1,0,1,0,91
23,95,90,9,1,0,0,0,97
28,98,93,8,0,0,1,0,93
20,98,99,7,1,0,0,0,95
24,100,100,9,1,0,1,0,98
24,90,100,9,0,0,1,0,94
20,95,93,7,0,0,1,0,94
21,97,100,8,0,0,0,0,92
28,99,94,7,1,0,0,0,100
26,100,95,9,1,0,1,0,99
28,100,94,9,1,0,1,0,98
29,98,94,7,1,0,0,0,95
25,97,97,9,1,0,0,0,98
24,90,99,9,1,0,1,0,100
27,97,91,10,1,0,1,0,98
24,91,100,7,1,0,1,0,99
29,97,90,10,0,0,1,0,93
30,97,98,7,0,0,1,0,93
23,99,93,10,0,0,1,0,98
23,100,90,9,0,0,1,0,96
23,100,94,10,1,0,1,0,97
27,100,99,7,0,0,1,0,97
21,94,98,10,0,1,0,0,95
27,96,98,10,1,0,0,0,97
26,91,94,9,1,0,1,0,95
30,93,97,9,1,0,1,0,93
23,99,94,9,1,0,1,0,98
28,94,92,7,1,0,1,0,100
24,93,91,10,1,0,0,0,99
21,93,98,9,1,0,0,0,99
22,100,94,7,0,0,1,0,96
21,97,97,8,1,0,1,0,91
27,96,100,10,0,0,1,0,100
27,92,100,7,0,0,0,0,94
28,91,93,7,0,0,0,0,99
23,95,92,9,1,0,1,0,92
30,90,90,7,1,0,1,0,97
22,97,91,9,1,0,1,0,92
22,92,100,10,1,0,1,0,92
20,90,95,9,1,0,1,0,92
20,98,95,9,0,0,0,0,94
20,97,96,8,1,0,0,0,91
29,97,93,10,1,0,0,1,92
23,92,91,7,0,0,1,0,91
30,95,95,8,1,0,1,0,91
20,98,98,7,1,0,0,0,94
20,99,93,7,0,0,0,0,100
24,97,94,10,1,0,1,0,94
21,94,97,9,0,0,1,0,95
23,95,99,8,1,0,1,0,96
23,97,91,7,0,0,1,0,100
26,91,98,7,0,0,1,0,93
21,91,92,8,1,0,1,0,98
20,99,91,7,1,0,1,0,95
26,95,98,9,0,0,1,0,92
29,91,93,8,0,0,1,0,97
25,96,100,8,1,0,0,0,96
27,97,96,10,0,0,1,0,98
22,92,98,9,1,0,1,0,99
28,97,94,7,0,0,0,1,95
22,95,94,8,1,0,0,0,91
23,96,99,7,1,0,0,0,94
22,91,94,7,1,0,1,0,99
25,94,99,10,1,0,0,0,94
23,92,100,8,1,0,0,0,93
22,91,98,8,1,0,1,0,99
26,96,97,8,0,0,0,0,99
28,97,95,8,1,0,1,0,91
26,94,93,8,1,0,1,0,94
20,100,100,7,1,0,1,0,92
24,93,99,8,1,0,0,0,95
28,92,98,10,1,0,1,0,99
21,98,94,7,1,0,1,0,92
27,99,95,8,1,0,0,0,97
22,96,93,7,1,0,0,0,95
30,100,97,9,1,0,1,0,92
26,96,93,10,1,0,0,0,98
23,97,95,8,1,0,1,0,99
26,95,90,9,0,0,1,0,96
30,100,95,7,1,0,0,0,96
22,93,93,10,1,0,1,0,95
26,91,91,9,1,0,1,0,94
21,98,93,8,0,0,1,0,100
21,94,96,7,1,0,1,0,92
25,96,95,7,1,0,1,0,99
25,91,99,8,1,0,0,0,96
22,94,96,9,1,0,1,0,95
28,91,93,7,1,0,0,0,94
23,100,92,10,1,0,1,0,98
25,97,100,8,1,0,1,0,97
23,97,98,8,0,0,1,0,100
23,100,95,9,1,0,0,0,97
27,96,96,7,1,0,1,0,94
26,95,92,10,1,0,0,0,96
24,98,99,7,1,0,0,0,97
22,91,96,7,1,0,1,0,94
20,91,93,9,1,0,0,0,97
26,96,98,10,1,0,1,0,92
20,96,93,10,1,0,1,0,99
26,90,100,7,0,0,0,0,96
22,92,92,9,1,0,0,0,99
28,93,100,8,1,0,0,0,92
21,92,98,9,1,0,1,0,92
25,90,99,7,0,0,0,1,97
26,95,92,10,0,0,1,0,92
21,98,94,10,0,0,0,0,94
22,100,98,7,0,0,1,0,100
26,99,93,9,1,0,0,0,99
22,91,91,8,0,0,1,0,92
21,91,94,9,0,0,1,0,96
21,100,97,7,1,0,1,0,93
20,95,97,8,1,0,1,0,91
24,98,99,7,0,0,0,0,93
26,100,91,10,0,0,0,0,99
27,90,93,7,1,0,1,0,99
26,98,99,7,1,0,1,0,96
24,91,95,10,0,0,0,0,99
21,95,100,7,0,0,1,0,96
27,99,97,8,0,0,1,0,95
30,95,97,8,1,0,0,0,95
21,94,94,7,1,0,1,0,91
25,93,94,7,1,0,1,0,91
29,93,96,8,1,0,1,0,99
26,99,90,7,0,0,1,0,97
30,90,95,8,1,0,0,0,98
27,92,93,10,1,0,1,0,100
25,100,90,8,1,0,0,0,94
22,99,99,8,1,0,0,0,91
28,98,98,10,0,0,1,0,91
30,93,97,7,1,0,1,0,96
25,91,92,7,0,0,0,0,92
30,93,100,8,1,0,1,0,91
30,99,91,10,0,0,0,0,98
28,99,92,10,1,0,1,0,100
26,92,90,8,1,0,1,0,92
29,98,97,8,0,0,0,0,94
22,97,91,9,1,0,1,0,98
20,96,91,7,0,0,1,0,98
21,97,96,9,0,0,1,0,92
20,99,100,8,1,0,0,0,91
21,95,90,8,0,0,1,0,97
26,98,97,10,0,0,1,0,91
24,94,100,9,1,0,0,0,92
21,96,93,10,0,0,1,0,96
20,98,93,10,1,0,0,0,97
20,97,92,9,1,0,0,0,100
28,90,96,7,1,0,1,0,91
24,100,94,7,1,0,0,0,94
29,94,98,9,1,0,1,0,92
22,99,94,9,1,0,1,0,96
22,94,93,9,1,0,1,0,92
24,90,99,9,1,0,1,0,95
23,95,93,9,1,0,0,0,99
29,90,91,7,1,0,1,0,98
23,94,98,9,0,1,1,0,100
23,96,92,9,1,0,1,0,96
23,93,99,8,0,0,0,0,95
26,93,94,10,1,0,1,0,100
26,91,90,10,0,0,0,0,91
26,95,97,8,1,0,1,0,96
28,99,95,8,1,0,1,0,93
28,100,95,7,1,0,0,0,95
29,94,95,7,1,0,1,0,95
23,100,93,8,1,0,1,0,99
22,100,90,9,0,0,1,0,95
25,98,97,9,1,0,1,0,93
24,98,92,8,1,0,1,0,96
30,95,100,10,0,0,1,0,97
22,91,98,9,1,0,1,0,93
20,97,92,9,0,0,1,0,99
25,98,97,7,1,0,0,1,99
26,91,97,7,0,0,1,0,91
27,95,95,7,1,0,0,0,92
20,92,100,10,0,0,1,0,96
24,90,94,7,0,0,1,0,95
24,94,98,8,1,0,0,0,100
29,95,92,9,1,0,1,0,93
23,93,90,7,1,0,0,0,93
26,93,92,7,1,0,1,0,91
21,91,98,8,0,0,1,0,94
25,90,92,10,1,0,1,0,96
28,92,99,8,0,0,1,0,94
24,97,98,7,0,0,1,0,93
30,90,93,8,1,0,1,0,95
24,93,96,7,1,0,0,0,94
29,98,98,10,1,0,0,0,91
28,97,98,7,1,0,1,0,93
20,90,98,8,1,0,1,0,94
27,96,96,8,0,0,1,0,94
29,96,98,7,1,0,0,0,100
21,93,99,10,1,0,1,0,98
25,90,90,7,0,0,0,0,100
25,93,99,8,1,0,0,0,98
20,95,90,9,1,0,0,0,95
29,97,97,9,1,0,1,0,91
24,94,95,7,1,0,1,0,91
28,95,90,10,1,0,1,0,96
30,98,91,9,0,0,1,0,96
25,90,91,9,0,0,1,0,96
22,91,90,8,1,0,1,0,94
21,94,90,10,1,0,1,0,96
27,98,91,8,1,0,0,0,94
20,92,95,8,1,0,1,0,100
26,100,95,7,1,0,0,0,92
22,90,99,8,0,0,1,0,91
28,100,95,7,1,0,1,0,97
21,92,95,9,1,0,1,0,100
27,95,97,10,1,0,1,0,93
22,93,92,7,0,0,1,0,100
25,94,90,10,0,0,0,0,97
27,93,97,7,1,0,1,0,92
21,100,93,7,0,0,1,0,100
27,97,94,8,1,0,1,0,96
21,91,92,9,1,0,1,0,98
29,95,98,10,1,0,1,0,100
20,96,92,9,1,0,1,0,95
25,90,100,9,1,0,1,0,94
27,98,100,7,1,0,1,0,91
29,92,99,7,0,0,1,0,96
24,94,91,8,1,0,0,0,97
28,93,93,10,1,0,0,0,97
29,91,97,10,1,0,1,0,99
29,90,90,10,1,0,1,0,95
26,93,98,8,1,0,1,0,94
26,90,92,10,1,0,0,0,91
22,100,97,7,0,0,0,0,100
25,97,97,7,1,0,0,0,100
23,91,98,7,1,0,1,0,100
25,98,94,10,1,0,0,0,95
26,98,92,7,1,0,1,0,95
29,96,95,7,1,0,1,0,96
22,92,92,8,1,0,0,0,92
27,99,93,7,0,0,1,0,94
21,100,98,8,0,0,1,0,96
25,98,99,10,1,0,1,0,92
25,93,93,8,1,0,1,0,92
22,94,95,9,1,0,1,0,91
26,90,93,7,1,0,0,0,93
25,91,99,7,1,0,1,0,92
23,100,94,9,0,0,0,0,99
26,100,97,7,0,0,1,0,96
24,93,94,9,1,0,0,0,91
26,99,96,10,1,0,1,0,92
21,90,93,10,1,0,1,0,98
27,99,94,7,0,0,0,0,92
29,100,94,7,0,0,0,0,92
21,96,99,8,1,0,1,0,99
24,91,90,9,0,0,1,0,99
21,91,98,7,1,0,0,0,94
26,90,93,8,0,0,1,0,96
26,94,98,8,1,0,1,0,97
20,99,96,9,1,0,0,0,93
30,100,96,8,1,0,1,0,97
28,98,95,7,0,0,1,0,98
23,99,97,8,0,0,1,0,99
25,93,99,10,0,0,1,0,100
22,94,93,9,0,0,1,0,98
24,96,98,8,0,0,1,0,97
24,99,91,8,1,0,1,0,93
27,93,99,10,0,0,0,0,100
29,93,99,7,0,0,1,0,100
22,97,96,7,0,0,0,0,95
27,94,100,9,1,0,1,0,98
21,97,100,8,1,0,0,0,93
27,94,91,10,1,0,1,0,100
22,97,98,10,0,0,1,0,91
22,94,92,10,1,0,1,0,91
25,98,96,10,1,0,1,0,96
27,97,100,9,0,0,1,0,95
23,95,95,9,1,0,1,0,93
26,99,92,10,1,0,1,0,100
29,100,94,7,1,0,1,0,91
30,94,94,9,1,0,1,0,93
20,94,100,7,1,0,0,1,97
22,96,92,7,1,0,1,0,96
29,99,98,10,1,0,1,0,94
25,94,92,10,1,0,1,0,99
26,92,99,8,1,0,1,0,100
27,94,92,10,1,0,1,0,100
28,99,90,9,1,0,1,0,92
24,95,100,10,1,0,0,0,93
30,97,100,10,1,0,1,0,96
26,97,100,7,0,0,0,0,100
27,100,100,8,1,0,0,0,97
24,90,97,9,0,0,1,0,99
23,95,100,8,1,0,1,0,91
21,99,96,7,0,0,1,0,96
22,98,92,9,1,0,1,0,97
22,100,93,10,1,0,1,0,96
22,99,95,8,1,0,0,0,91
30,90,99,8,1,0,0,0,91
30,99,100,9,0,0,1,0,96
26,95,97,7,1,0,1,0,93
20,95,91,8,1,0,0,0,91
23,98,98,9,0,0,0,0,92
24,91,93,8,1,0,1,0,100
25,90,94,10,1,0,0,0,100
28,90,90,7,0,0,1,0,97
22,97,90,7,0,0,1,0,99
21,97,92,8,0,0,0,0,91
24,92,99,10,1,0,1,0,95
27,91,91,7,1,0,0,0,97
27,92,97,8,1,0,1,0,100
30,97,93,7,1,0,1,0,96
23,98,96,10,0,0,0,0,99
28,99,96,7,0,0,1,0,94
29,90,90,9,0,0,1,0,94
20,92,99,8,1,0,0,0,96
23,94,98,10,0,0,1,0,99
20,94,93,7,0,1,1,0,92
30,95,91,9,1,0,0,0,91
26,97,99,8,1,0,0,0,92
25,94,97,7,1,0,0,0,92
25,92,90,8,1,0,1,0,96
30,99,96,10,1,0,0,0,97
21,95,100,7,0,1,1,0,94
20,95,90,8,1,0,1,0,96
21,99,95,10,1,0,1,0,98
27,91,99,8,0,0,1,0,94
23,92,100,10,1,0,1,0,94
29,100,96,8,1,0,1,0,99
20,92,96,8,1,0,1,0,100
25,94,93,8,1,0,1,0,99
20,97,100,10,1,0,0,0,93
24,95,93,10,1,0,1,0,95
28,99,92,10,1,0,0,0,96
23,95,96,10,1,0,1,0,92
28,97,96,9,0,0,1,0,93
22,100,99,8,1,0,1,0,92
22,93,99,8,0,0,1,0,98
23,93,97,10,1,0,1,0,97
22,94,96,8,1,0,0,0,97
23,91,91,7,1,0,1,0,94
22,95,100,7,1,0,0,0,91
25,92,97,8,1,0,1,0,97
20,99,92,8,0,0,1,0,98
29,95,93,8,0,0,1,0,92
27,100,97,8,1,0,0,0,94
24,94,100,7,0,0,1,0,100
28,97,90,7,0,0,0,0,100
29,98,97,7,1,0,1,0,93
23,100,90,8,1,0,1,0,95
21,90,96,7,1,0,1,0,96
20,91,90,10,1,0,1,0,98
29,91,95,9,0,0,1,0,91
23,92,94,7,0,0,0,0,98
21,98,91,8,0,0,0,0,95
24,99,94,10,1,0,1,0,94
30,94,99,7,0,0,1,0,95
25,91,95,8,0,0,1,0,92
26,100,90,10,1,0,1,0,92
26,94,97,7,1,0,1,0,98
28,92,90,7,1,0,1,0,94
23,92,97,10,0,0,0,0,93
27,96,92,7,1,0,1,0,96
27,98,98,8,0,0,0,0,94
24,92,97,9,1,0,0,0,97
29,100,95,7,1,0,0,0,98
22,91,94,7,1,0,1,0,99
24,94,98,8,1,0,1,0,96
22,100,100,7,1,0,1,0,93
30,92,91,10,1,0,0,0,92
25,99,92,10,1,0,0,0,92
23,100,91,7,1,0,0,0,96
25,95,90,10,1,0,1,0,92
20,90,90,7,1,0,0,0,93
26,91,99,8,1,0,0,0,93
29,96,98,7,1,0,0,0,96
28,92,94,10,1,0,1,0,93
28,98,96,9,0,0,1,0,95
29,97,99,10,1,0,1,0,92
23,100,93,8,1,0,1,0,94
30,95,90,7,1,0,1,0,91
23,98,95,10,1,0,1,0,97
20,99,94,9,1,0,0,0,93
25,96,95,7,1,0,1,0,94
29,97,100,9,1,0,1,0,91
28,98,93,8,0,0,0,0,99
23,90,94,7,1,0,1,0,92
28,100,98,7,1,0,1,0,91
30,92,98,8,1,0,0,0,98
29,99,96,7,1,0,1,0,100
21,90,99,9,1,0,0,0,100
22,99,92,9,1,0,1,0,95
25,98,99,10,1,0,0,0,98
28,100,92,8,1,0,1,0,99
23,94,95,8,0,0,1,0,98
30,94,99,9,0,0,1,0,91
24,98,98,9,1,0,1,0,98
22,100,93,7,1,0,1,0,100
20,91,94,9,0,0,1,0,95
24,95,93,10,1,0,0,0,93
22,90,95,7,0,0,0,0,95
27,96,93,10,0,0,0,0,100
28,97,98,10,0,0,1,0,99
25,100,93,7,0,0,1,0,92
22,93,90,10,0,0,1,0,99
22,97,99,10,0,0,1,0,100
26,90,91,9,0,0,1,0,92
28,100,100,9,1,0,1,0,93
29,97,95,7,1,0,1,0,91
30,99,100,8,1,0,1,0,99
23,95,99,7,1,0,1,0,100
20,92,99,9,1,0,0,1,93
27,91,99,9,0,1,1,0,96
26,99,98,7,1,0,0,1,91
30,96,98,8,1,0,1,0,93
27,99,93,8,0,0,1,0,91
25,91,95,7,1,0,1,0,97
21,99,97,8,1,0,1,0,92
28,91,94,10,1,0,0,0,94
28,92,94,9,1,0,0,0,94
20,99,99,7,1,0,0,0,96
25,95,100,8,0,0,1,0,91
22,90,90,8,0,0,0,0,92
20,92,98,8,1,0,0,0,94
22,98,100,8,1,0,0,0,94
22,91,96,9,1,0,1,0,92
21,91,98,7,1,0,1,0,91
21,91,92,8,1,0,1,0,95
26,99,92,8,1,0,1,0,95
30,99,95,10,1,0,1,0,94
25,95,99,7,1,0,1,0,94
28,98,90,9,1,0,1,0,95
23,96,90,10,0,0,0,0,99
25,90,96,7,1,0,1,0,97
29,95,94,9,1,0,1,0,91
22,97,96,9,1,0,1,0,99
20,94,96,8,0,0,1,0,94
27,99,98,9,0,1,1,0,93
20,98,93,9,0,0,1,0,100
25,97,99,8,1,0,1,0,95
24,100,93,10,0,0,1,0,99
27,98,96,10,1,0,0,0,97
24,90,96,8,1,0,1,0,96
30,100,92,10,1,0,0,0,94
25,95,96,9,1,0,1,0,98
26,97,98,9,0,0,1,0,93
20,93,95,9,1,0,0,0,92
23,91,92,7,0,0,1,0,97
21,95,90,10,0,0,1,0,93
22,98,91,7,0,0,0,0,93
25,93,100,10,1,0,0,0,100
24,100,96,7,0,0,1,0,100
25,97,90,9,0,0,1,0,96
20,97,96,7,1,0,1,0,97
24,94,99,7,1,0,1,0,100
27,90,97,9,1,0,0,0,93
20,94,91,9,1,0,1,0,92
24,92,95,7,1,0,1,0,100
26,93,96,7,1,0,1,0,98
23,98,91,10,1,0,0,0,95
21,100,91,10,1,0,0,0,96
30,98,95,10,0,0,0,0,100
26,92,97,10,1,0,0,0,98
24,95,92,7,1,0,1,0,92
30,95,97,10,1,0,1,0,99
26,100,99,10,1,0,0,0,94
28,93,99,7,0,0,0,0,92
23,95,96,9,1,0,1,0,96
23,91,92,7,1,0,1,0,93
26,95,97,8,1,0,1,0,98
23,91,96,8,1,0,1,0,95
26,97,98,7,1,0,1,0,92
28,92,99,7,1,0,1,0,91
25,97,94,10,0,0,0,0,94
24,100,95,8,0,0,0,0,96
21,100,96,7,1,0,0,0,94
30,90,90,8,1,0,0,1,100
25,93,100,10,1,0,1,0,100
22,91,94,10,0,0,1,0,93
22,91,96,7,1,0,1,0,94
23,98,92,9,1,0,1,0,100
23,94,96,9,1,0,0,0,92
22,98,100,9,0,0,1,0,92
30,100,95,9,0,1,1,0,96
30,92,100,8,1,0,1,0,97
29,97,90,9,0,0,1,0,98
27,98,97,7,1,0,1,0,100
21,90,95,8,1,0,1,0,100
21,91,99,7,1,0,1,0,95
20,98,94,10,0,0,1,0,92
27,91,96,10,1,0,1,0,91
24,94,100,8,1,0,1,0,98
21,93,97,9,0,0,0,0,92
26,95,95,8,1,0,1,0,96
30,100,100,8,0,0,1,0,97
22,97,91,9,1,0,0,0,95
21,94,100,7,1,0,1,0,98
24,90,94,9,1,0,1,0,97
30,92,90,8,1,0,1,0,91
20,93,98,10,1,0,1,0,93
20,99,93,8,0,0,1,0,92
26,91,95,7,1,0,1,0,95
25,96,97,10,1,0,0,0,98
22,96,96,9,0,0,0,0,92
23,94,93,9,1,0,1,0,96
22,91,92,7,1,0,1,0,98
26,94,93,8,1,0,1,0,96
28,90,94,9,1,0,0,0,96
22,98,93,10,1,0,1,0,95
20,90,99,9,1,0,0,0,93
29,93,98,8,1,0,0,0,93
29,94,91,8,0,0,1,0,98
20,91,91,7,0,0,0,0,100
24,91,92,9,1,0,1,0,100
20,99,94,10,1,0,0,0,95
24,94,96,10,1,0,1,0,93
29,95,100,10,1,0,1,0,95
30,95,100,10,1,0,0,0,96
22,93,93,9,0,0,1,0,99
30,96,90,10,1,0,0,0,100
29,92,94,8,0,0,1,0,91
21,99,93,9,0,0,1,0,100
26,100,100,7,0,0,0,1,97
25,99,90,10,1,0,0,0,96
27,99,100,9,1,0,1,0,98
25,95,91,9,1,0,0,0,100
21,92,97,8,1,0,1,0,98
24,98,99,10,1,0,0,0,91
28,96,100,8,0,0,0,0,95
20,90,95,10,1,0,1,0,96
24,92,91,10,0,0,1,0,97
28,95,99,7,1,0,1,0,94
25,99,95,7,0,0,1,0,95
21,99,92,9,1,0,0,0,100
24,90,98,8,1,0,1,0,94
24,100,98,7,1,0,1,0,91
23,100,93,9,1,0,1,0,96
28,99,95,9,1,0,1,0,100
20,90,93,10,1,0,1,0,98
20,97,96,8,1,0,1,0,97
29,97,96,9,0,0,1,0,94
27,90,90,8,1,0,1,0,97
20,95,100,10,1,0,1,0,93
20,94,96,9,1,0,1,0,99
24,91,96,7,1,0,1,0,91
27,96,92,9,1,0,1,0,92
24,91,92,10,0,0,1,0,97
21,93,93,8,1,0,1,0,94
28,94,98,7,1,0,1,0,95
30,97,93,8,1,0,0,0,95
25,91,93,7,0,0,0,0,92
28,96,94,9,1,0,0,0,94
27,92,95,9,1,0,1,0,92
23,95,92,9,1,0,1,0,97
28,92,94,7,1,0,1,0,99
22,97,99,8,1,0,1,0,98
24,91,91,9,1,0,1,0,92
24,97,100,7,0,0,1,0,97
28,98,99,9,1,0,1,0,94
30,95,90,7,1,0,1,0,92
23,92,91,9,1,0,1,0,94
20,92,100,8,1,0,1,0,96
29,93,95,8,1,0,0,0,92
27,100,99,9,1,0,0,0,100
