Hours_Studied,Attendance,Previous_Scores,Tutoring_Sessions,PI_High,PI_Low,AtR_High,AtR_Low,Exam_Score
29,92,100,7,1,0,1,0,99
1,39,22,0,0,1,1,0,18
4,32,11,2,1,0,0,1,19
10,61,74,4,0,0,0,0,64
16,84,67,3,0,0,1,0,61
12,67,51,2,0,1,1,0,60
22,82,82,8,1,0,1,0,86
20,71,76,4,1,0,0,0,78
6,56,49,4,0,0,0,0,39
4,20,38,2,1,0,0,0,23
9,65,52,5,1,0,0,0,58
2,12,14,1,0,0,0,1,10
6,24,37,2,0,0,0,0,27
10,76,58,5,1,0,0,0,54
25,91,99,8,1,0,0,0,96
16,65,63,6,0,0,0,0,63
18,76,73,8,0,1,0,0,72
20,99,92,8,0,0,1,0,98
11,68,53,2,0,0,0,1,44
19,85,87,7,0,0,0,0,83
26,91,91,8,0,0,0,0,96
15,75,74,4,1,0,0,1,65
13,73,76,7,1,0,1,0,62
19,89,82,6,1,0,1,0,83
11,64,78,7,0,0,1,0,61
29,99,96,7,1,0,1,0,100
1,23,9,0,0,0,1,0,8
8,50,55,4,0,0,0,0,55
1,26,25,2,0,1,0,0,14
0,12,1,0,0,0,0,1,1
11,49,52,3,0,0,0,0,47
17,81,79,4,0,0,0,0,79
2,36,11,1,0,0,1,0,15
26,90,95,8,1,0,1,0,100
11,48,44,4,0,0,1,0,48
4,32,42,2,0,1,1,0,31
26,94,97,7,1,0,1,0,98
6,55,31,4,0,1,0,0,40
21,91,99,7,1,0,1,0,95
21,88,88,6,1,0,0,1,88
10,45,44,3,0,0,0,0,48
4,39,28,1,1,0,0,1,20
8,67,54,2,0,1,0,0,49
18,75,77,4,0,0,0,0,77
3,51,45,2,1,0,0,0,36
14,77,63,6,0,0,0,0,51
29,91,93,9,0,0,1,0,96
4,40,31,0,0,0,0,1,22
6,30,35,0,0,0,0,0,25
12,67,54,3,1,0,1,0,52
21,85,86,9,1,0,1,0,89
9,51,40,1,1,0,0,0,46
24,89,89,9,0,0,1,0,85
11,55,48,4,0,0,1,0,47
13,76,62,4,0,0,1,0,55
13,69,70,4,1,0,0,0,61
14,88,82,8,0,0,0,0,76
1,28,16,1,0,1,0,0,7
2,35,38,1,0,0,0,0,25
9,60,68,3,0,0,1,0,55
1,28,3,1,0,0,0,0,8
10,46,41,4,0,0,0,1,41
25,93,94,9,1,0,1,0,98
12,75,67,3,0,0,0,0,52
12,72,74,6,0,0,0,0,73
11,77,66,5,1,0,0,0,68
17,92,81,5,1,0,0,0,82
4,22,12,0,1,0,0,0,15
4,32,25,1,0,0,0,0,17
2,45,39,0,0,0,0,0,21
2,15,8,0,0,0,1,0,2
4,24,37,2,1,0,0,0,26
26,95,93,8,1,0,1,0,93
5,52,36,1,0,0,1,0,39
15,66,77,4,1,0,0,0,66
16,84,88,6,1,0,0,0,88
20,88,79,6,1,0,1,0,71
16,86,89,6,1,0,1,0,85
15,71,71,8,1,0,0,0,73
2,16,17,1,0,1,0,0,0
1,23,11,0,1,0,0,0,3
16,85,85,8,0,0,1,0,83
16,63,77,6,0,0,1,0,67
4,29,29,2,0,1,1,0,12
3,21,11,2,1,0,1,0,17
4,38,17,2,0,0,1,0,17
15,62,67,7,0,0,1,0,61
8,41,50,2,0,0,0,0,49
4,24,20,2,0,0,1,0,22
8,46,45,1,0,0,1,0,45
17,94,88,6,1,0,0,0,88
0,21,0,1,0,0,0,0,4
8,57,58,6,0,1,0,0,51
6,40,27,2,0,0,0,0,27
0,24,4,0,0,0,0,1,9
2,38,14,2,0,0,0,0,17
10,53,50,1,0,0,0,0,43
0,3,1,0,0,0,0,1,3
2,36,33,0,1,0,0,1,28
15,78,65,7,0,0,0,0,69
14,69,63,7,0,0,0,0,61
2,33,12,2,1,0,1,0,18
6,38,36,4,0,0,1,0,37
11,47,49,4,0,0,1,0,48
10,56,53,6,0,0,1,0,51
11,64,60,2,1,0,0,0,56
2,23,3,1,0,1,0,0,6
6,67,56,2,0,0,1,0,41
16,71,67,6,0,0,1,0,64
5,45,38,0,0,0,0,0,24
22,90,99,8,0,0,1,0,91
11,69,72,3,0,0,1,0,62
1,6,10,0,0,1,1,0,7
24,92,88,5,1,0,0,0,87
3,14,28,1,0,0,0,0,16
21,87,78,6,1,0,0,0,77
2,11,20,2,0,0,0,0,16
2,9,1,0,0,1,0,0,8
22,87,80,8,1,0,0,0,87
6,35,36,2,0,0,1,0,33
3,29,19,2,0,1,1,0,15
10,50,64,5,1,0,0,0,57
25,96,95,7,1,0,1,0,99
4,49,34,4,0,0,0,0,35
11,40,52,3,0,0,0,1,49
6,43,51,2,0,0,0,0,44
9,61,55,3,0,0,0,0,59
20,79,83,4,0,0,1,0,73
3,44,47,1,0,0,0,0,40
3,33,10,0,0,1,0,0,15
6,51,49,2,1,0,1,0,44
27,99,93,7,0,0,1,0,94
1,22,14,1,0,0,0,0,9
20,89,77,8,1,0,0,0,72
3,24,29,1,0,1,0,0,13
17,78,79,7,0,0,0,1,78
6,67,58,1,1,0,0,1,47
12,80,60,3,0,0,1,0,69
11,48,40,5,0,0,1,0,43
4,43,46,2,1,0,0,1,40
6,39,46,3,0,0,0,0,33
8,58,56,4,0,0,1,0,48
22,92,97,8,0,0,0,0,94
13,82,78,4,0,0,1,0,66
16,86,79,7,0,0,1,0,74
4,20,25,1,0,0,0,0,17
1,20,9,0,0,0,0,1,9
13,57,53,2,0,0,1,0,56
21,91,84,9,0,0,0,0,88
7,39,38,1,0,0,1,0,38
2,1,8,1,0,0,0,0,4
11,54,56,5,0,0,0,1,42
6,30,20,0,0,0,1,0,25
7,56,49,4,0,0,0,0,46
30,100,97,9,1,0,1,0,92
4,49,47,2,0,0,0,0,40
6,46,31,2,0,0,1,0,35
4,40,31,4,0,0,0,1,32
12,71,74,5,1,0,1,0,76
19,92,83,9,0,0,1,0,81
12,81,83,6,0,0,0,0,71
22,92,84,6,0,1,0,0,87
24,83,87,9,0,0,1,0,85
12,76,65,5,1,0,0,1,64
22,88,85,5,1,0,0,0,85
15,78,78,5,1,0,1,0,79
2,13,8,0,0,0,0,1,6
23,94,96,9,1,0,1,0,99
17,81,83,6,0,0,0,0,81
13,63,66,6,1,0,1,0,69
12,68,56,2,0,0,0,0,54
24,83,85,5,0,0,0,0,89
12,58,52,4,1,0,1,0,59
2,23,10,2,0,0,1,0,20
13,70,79,8,1,0,1,0,75
3,38,29,1,0,0,1,0,18
7,48,39,1,1,0,0,1,35
4,59,44,3,0,0,1,0,40
1,3,7,0,0,1,0,1,3
6,41,30,0,0,0,0,0,27
2,32,14,2,1,0,1,0,16
4,31,22,1,0,0,0,1,16
20,78,71,8,1,0,0,0,80
21,98,92,8,1,0,1,0,95
0,29,2,1,0,1,0,0,1
3,57,46,2,0,0,1,0,32
27,99,93,8,0,0,1,0,91
1,38,12,2,0,1,1,0,11
14,76,53,3,0,0,0,0,59
1,34,10,2,0,0,0,0,14
14,52,66,3,1,0,1,0,59
24,100,94,7,1,0,0,0,94
6,48,45,4,0,0,1,0,36
3,38,28,0,0,0,0,0,27
8,44,52,2,0,0,0,0,42
14,54,65,6,1,0,0,0,57
11,69,68,5,0,0,1,0,53
10,43,49,4,0,0,0,0,47
5,45,47,2,0,0,1,0,42
24,94,88,8,1,0,0,0,81
11,52,67,2,0,0,1,0,59
10,77,69,2,0,0,0,0,60
18,94,89,5,1,0,0,0,88
1,32,19,2,0,1,0,0,18
19,88,83,6,1,0,0,0,81
10,71,53,6,0,0,1,0,59
8,51,56,4,0,0,1,0,60
12,60,77,6,1,0,1,0,67
5,49,28,3,0,0,0,0,29
15,81,75,4,0,0,0,0,74
27,92,98,7,0,0,1,0,95
3,53,38,3,0,0,0,1,40
1,15,14,1,1,0,0,1,18
5,43,34,4,1,0,0,1,34
10,52,43,2,1,0,0,0,43
3,41,47,4,0,0,0,0,31
3,25,37,1,0,0,0,0,22
4,27,12,0,0,0,0,0,15
3,22,12,0,0,0,1,0,17
16,76,81,4,0,0,1,0,77
18,86,71,4,1,0,0,0,72
5,54,57,3,0,0,0,1,49
11,56,69,4,1,0,1,0,58
6,66,48,2,1,0,1,0,44
10,78,60,4,0,0,0,0,54
21,94,100,10,1,0,1,0,94
5,48,42,2,0,0,0,0,36
13,73,79,6,0,1,1,0,63
2,10,17,0,0,0,0,0,12
11,54,45,3,0,1,0,0,41
14,74,84,6,0,0,1,0,78
8,41,34,4,0,1,0,0,33
22,82,81,6,0,0,1,0,89
5,52,37,3,0,0,0,0,31
15,88,80,5,1,0,0,0,84
3,23,12,1,0,1,0,0,20
2,0,19,0,0,0,0,0,9
20,94,96,8,0,0,1,0,94
2,26,10,0,0,0,1,0,3
16,73,80,6,0,0,1,0,74
5,63,44,4,1,0,1,0,49
11,70,65,4,0,0,1,0,52
9,68,41,2,1,0,0,0,43
10,43,40,4,0,0,1,0,42
4,49,42,1,1,0,0,0,37
20,73,80,7,1,0,0,0,74
13,61,61,3,0,0,0,0,53
15,82,73,7,1,0,0,0,76
9,52,54,5,0,0,1,0,56
18,91,86,5,1,0,0,0,83
10,59,67,5,1,0,0,0,60
7,50,39,2,0,0,0,0,37
13,76,81,4,0,0,1,0,74
15,86,76,4,0,0,0,0,78
16,86,70,8,1,0,1,0,80
22,90,82,7,1,0,1,0,89
29,97,97,9,1,0,1,0,91
23,94,100,7,1,0,1,0,94
0,22,19,0,0,0,0,1,0
5,47,27,1,0,0,0,0,22
5,56,33,1,1,0,0,0,33
4,38,35,3,0,1,0,0,35
23,96,92,9,1,0,1,0,96
8,57,30,2,0,0,0,0,37
2,4,2,1,0,0,0,1,6
23,84,85,7,0,0,1,0,83
10,41,55,4,0,0,1,0,46
24,82,80,8,0,0,0,0,90
3,15,28,0,0,0,1,0,17
4,28,24,0,0,0,1,0,16
16,80,76,4,1,0,0,0,73
26,92,97,10,1,0,0,0,98
7,55,47,2,0,0,1,0,32
24,91,87,7,0,0,1,0,81
6,40,59,4,0,0,0,0,45
6,58,40,2,1,0,0,0,50
22,88,81,9,0,0,0,0,83
6,48,46,4,0,0,1,0,42
14,67,73,3,1,0,0,0,65
6,55,55,1,1,0,1,0,46
0,7,18,1,1,0,1,0,1
0,3,7,1,0,0,1,0,2
15,84,67,6,0,0,1,0,66
10,54,57,5,1,0,0,0,55
2,24,22,1,1,0,0,1,13
6,40,31,2,1,0,0,1,30
15,82,83,6,1,0,1,0,84
3,31,31,1,0,1,0,0,33
10,65,47,4,0,0,1,0,43
17,77,74,7,0,0,1,0,77
1,15,22,0,0,0,0,0,19
19,74,72,7,1,0,1,0,76
1,13,12,0,0,1,0,1,10
2,10,17,0,0,0,0,0,18
7,52,38,1,1,0,0,0,31
10,65,73,3,0,0,1,0,68
23,94,80,9,0,0,1,0,87
0,27,15,0,0,1,0,0,1
23,94,90,8,1,0,1,0,98
4,23,17,0,0,0,1,0,20
2,42,20,1,1,0,0,0,23
14,74,52,6,1,0,1,0,59
1,4,13,1,1,0,0,1,1
1,20,3,1,0,0,0,0,5
13,83,60,5,0,0,1,0,64
22,85,80,5,0,0,1,0,85
0,20,12,1,0,1,0,1,2
27,96,92,7,1,0,1,0,96
15,81,84,6,0,0,1,0,89
16,71,60,5,1,0,1,0,69
2,36,15,0,0,1,1,0,11
13,83,74,6,0,0,1,0,72
12,68,71,7,1,0,0,0,64
20,85,80,5,0,0,1,0,83
13,54,60,2,0,0,0,0,52
13,62,62,6,1,0,1,0,55
5,66,47,3,0,0,1,0,47
1,25,4,1,0,1,0,0,2
3,49,38,1,0,1,0,0,28
1,25,8,0,0,1,0,0,1
9,64,61,6,0,0,1,0,60
1,16,25,2,0,0,0,1,18
3,34,19,2,0,0,0,0,13
4,50,37,4,1,0,0,0,37
15,88,83,8,1,0,0,0,86
15,85,79,8,0,0,0,0,80
11,68,63,3,1,0,1,0,51
7,50,47,3,0,0,1,0,32
4,36,25,1,0,0,1,0,27
6,31,36,0,0,0,1,0,26
8,52,59,2,0,0,1,0,49
22,89,88,7,1,0,0,0,84
1,32,10,1,0,0,1,0,20
13,71,50,6,0,0,1,0,59
7,44,47,1,0,0,1,0,48
17,71,71,6,1,0,0,0,65
8,61,50,2,0,0,1,0,42
6,36,30,2,0,0,0,0,23
11,47,40,3,0,0,0,0,43
6,34,31,1,0,0,0,0,27
10,71,56,6,1,0,0,0,54
1,23,6,0,0,0,1,0,8
4,48,27,3,0,0,0,0,22
11,44,42,4,0,0,0,1,44
17,63,78,3,0,0,1,0,63
17,75,83,7,0,0,0,0,74
18,78,79,8,0,0,1,0,80
24,89,83,5,1,0,1,0,83
0,28,9,1,0,1,0,0,8
4,35,33,0,0,0,0,0,22
16,87,84,9,1,0,0,0,89
2,23,37,1,1,0,1,0,28
12,81,72,5,1,0,1,0,76
12,73,70,6,0,0,1,0,61
2,38,13,1,0,0,0,0,20
6,53,51,5,0,0,0,0,50
2,10,10,0,0,1,0,1,3
7,50,46,2,0,0,0,0,48
14,78,76,3,1,0,0,1,67
13,78,78,5,1,0,1,0,79
21,89,88,5,0,0,1,0,88
1,13,19,1,0,0,0,0,11
20,75,84,4,1,0,1,0,72
11,68,66,3,1,0,1,0,65
8,42,40,1,0,0,1,0,39
12,51,63,6,0,0,0,0,52
5,22,35,3,0,0,0,0,27
3,27,27,2,1,0,0,1,25
18,79,84,8,0,0,0,0,71
5,57,42,2,1,0,0,0,34
2,26,14,2,0,0,1,0,14
19,88,86,6,1,0,0,0,81
4,34,27,3,1,0,0,0,30
13,61,68,6,0,0,1,0,52
2,24,24,1,0,0,0,0,15
0,20,17,1,0,0,0,1,1
13,74,53,5,0,0,1,0,57
11,46,44,3,0,1,0,0,46
1,23,15,1,0,1,0,0,17
12,84,65,6,0,0,1,0,64
10,48,40,5,0,0,1,0,43
1,23,17,0,0,0,0,0,1
1,11,19,1,0,1,0,0,12
7,52,51,2,0,0,0,0,45
4,49,21,3,0,0,1,0,26
12,82,80,6,1,0,1,0,76
8,52,54,1,1,0,0,1,45
2,42,36,2,1,0,0,0,23
1,25,29,0,0,1,1,0,11
8,33,45,4,0,1,1,0,36
8,42,47,1,0,0,1,0,32
9,79,53,2,1,0,0,0,55
14,77,77,4,1,0,1,0,73
0,26,12,1,0,0,0,0,1
12,69,69,3,1,0,1,0,64
5,26,26,3,0,0,0,0,27
9,75,56,6,1,0,1,0,57
1,28,5,0,0,0,0,0,1
2,34,14,1,1,0,0,0,11
22,95,91,10,0,0,1,0,96
2,29,28,2,0,0,0,1,15
1,29,9,0,0,0,0,0,4
3,34,34,4,1,0,0,1,34
16,82,80,6,1,0,0,0,82
7,66,42,1,0,0,1,0,42
10,76,68,4,0,0,0,0,59
16,89,83,9,1,0,1,0,82
2,23,20,1,0,0,0,0,20
10,53,49,3,1,0,1,0,41
29,91,97,10,1,0,1,0,99
6,53,30,1,1,0,1,0,39
6,44,41,2,0,0,1,0,34
18,83,78,4,1,0,1,0,79
17,84,64,3,1,0,1,0,61
8,72,50,2,1,0,1,0,51
6,50,36,4,0,0,0,0,33
3,29,22,2,0,0,0,0,28
2,17,10,1,0,0,0,0,8
8,59,59,6,0,0,0,1,54
2,44,31,3,0,0,0,1,28
8,63,43,2,0,0,0,0,49
30,100,92,10,1,0,0,0,94
24,89,86,8,0,0,0,0,85
13,78,77,4,1,0,1,0,79
6,40,50,5,0,0,0,0,48
17,60,76,3,1,0,1,0,62
20,78,82,7,1,0,0,0,73
1,16,24,2,1,0,0,0,17
19,82,79,7,0,0,1,0,72
3,33,36,0,0,0,0,0,25
5,46,27,3,0,0,0,0,21
9,58,66,2,0,0,1,0,56
29,91,91,8,1,0,1,0,91
26,100,100,10,0,0,1,0,92
5,45,47,2,0,0,0,0,50
1,21,17,0,0,0,1,0,19
1,11,12,0,0,0,0,0,4
20,88,72,6,1,0,1,0,72
4,21,36,3,0,0,0,1,30
5,40,48,5,1,0,0,0,42
7,45,59,5,1,0,1,0,42
17,80,80,8,0,0,0,0,78
10,70,67,7,0,0,0,0,62
10,68,40,1,0,0,0,0,50
2,48,29,3,0,0,1,0,22
3,16,17,0,0,0,0,1,18
18,86,89,5,0,0,1,0,83
14,70,68,2,0,0,1,0,54
22,96,92,10,0,0,0,0,94
20,92,96,7,0,0,1,0,97
11,43,49,4,0,0,1,0,49
21,86,75,8,0,0,1,0,77
24,94,99,7,1,0,1,0,100
1,18,6,0,0,1,0,0,0
17,68,73,6,1,0,1,0,63
3,43,47,3,1,0,0,0,33
29,98,99,7,1,0,1,0,94
18,72,75,6,1,0,1,0,80
4,48,34,4,1,0,0,0,38
0,2,9,0,0,0,0,0,5
2,36,27,0,0,0,0,0,22
12,77,61,4,1,0,1,0,55
19,92,87,5,0,0,1,0,87
2,8,1,1,0,0,0,1,3
20,90,86,5,1,0,0,0,89
10,57,42,5,0,0,1,0,48
23,87,89,6,0,0,1,0,84
3,43,47,4,0,1,0,0,39
14,70,74,4,1,0,1,0,70
8,44,46,1,0,0,0,1,31
6,41,52,4,0,0,1,0,43
24,88,82,6,1,0,0,0,85
6,45,55,2,0,0,1,0,42
1,17,16,0,0,0,1,0,1
7,52,34,2,0,0,1,0,31
22,91,89,9,1,0,1,0,83
7,52,45,1,0,0,0,1,40
6,47,38,0,0,0,0,0,25
1,3,12,1,0,0,1,0,3
29,99,92,10,0,0,0,0,100
23,94,88,5,0,0,0,0,86
10,69,57,5,1,0,0,0,43
12,80,74,4,1,0,0,0,67
8,55,44,4,0,0,0,1,31
8,62,51,5,1,0,1,0,48
28,91,95,7,0,0,0,0,96
8,65,61,3,0,0,0,0,54
12,71,63,2,1,0,0,0,53
16,93,88,8,1,0,1,0,86
4,15,20,2,0,0,1,0,17
3,25,27,2,0,1,0,1,30
17,60,70,3,0,0,0,0,64
19,91,85,7,0,0,1,0,84
15,71,81,5,0,0,0,0,71
8,59,42,5,1,0,0,0,45
10,48,46,1,0,0,1,0,45
14,86,80,7,1,0,0,0,76
19,83,71,8,1,0,1,0,77
17,75,71,4,0,0,0,0,73
2,9,11,0,1,0,0,0,5
6,41,45,1,0,0,1,0,50
7,40,57,4,1,0,0,0,46
15,66,74,5,0,0,1,0,65
30,92,91,10,1,0,0,0,92
4,15,17,1,0,0,1,0,11
26,95,92,10,1,0,0,0,96
18,83,84,6,1,0,1,0,72
14,61,55,2,0,1,1,0,55
11,67,52,5,0,0,0,0,56
2,15,18,0,0,1,0,0,8
3,27,22,2,0,0,1,0,23
22,98,91,7,0,0,0,0,93
3,45,20,2,0,0,0,0,27
4,36,27,1,0,0,1,0,22
3,30,34,1,0,1,1,0,21
21,87,87,7,1,0,0,0,89
4,37,31,4,0,0,1,0,33
2,31,12,0,0,0,1,0,11
26,99,92,10,1,0,1,0,100
13,80,61,5,1,0,1,0,63
2,23,25,2,0,0,0,1,22
3,42,43,2,0,0,0,0,33
4,24,27,0,1,0,1,0,28
8,43,46,2,0,0,0,1,41
3,42,41,3,0,1,0,1,33
11,63,46,2,0,0,0,0,43
4,22,31,1,0,1,0,1,22
23,88,80,6,1,0,0,0,86
0,4,17,0,0,0,0,0,8
1,16,20,2,0,1,0,1,11
30,100,91,8,1,0,1,0,97
7,30,30,2,0,0,1,0,40
4,27,18,1,0,0,0,1,19
2,26,21,0,0,0,0,0,18
8,33,41,2,0,0,0,0,32
4,46,31,1,0,0,0,0,34
2,20,21,1,0,0,0,1,29
1,8,6,1,0,0,0,0,3
4,41,24,3,1,0,1,0,25
19,82,87,7,0,0,1,0,84
2,27,16,0,0,0,0,1,1
30,95,97,10,1,0,1,0,99
10,68,58,5,0,0,1,0,50
16,69,63,6,0,1,1,0,64
11,62,69,5,1,0,0,0,66
3,29,21,1,0,0,0,0,25
2,40,27,0,0,0,1,0,27
3,23,22,2,0,0,0,1,23
3,38,19,0,0,0,0,0,14
27,93,99,10,0,0,0,0,100
1,15,16,1,1,0,0,1,13
3,29,22,3,0,0,0,0,28
9,63,49,3,1,0,0,0,50
25,98,97,9,1,0,1,0,93
1,20,23,0,0,1,1,0,13
17,60,68,5,0,0,1,0,68
8,56,44,5,1,0,1,0,42
10,79,56,3,1,0,1,0,58
1,32,24,0,1,0,0,1,14
4,28,15,0,1,0,0,0,16
14,73,59,6,1,0,0,0,59
8,46,55,5,1,0,0,0,41
12,83,77,7,1,0,1,0,70
21,90,90,8,0,0,1,0,91
3,34,23,1,1,0,0,0,15
18,90,85,9,0,0,1,0,86
29,100,90,9,1,0,0,0,96
16,90,88,8,0,0,0,0,85
15,84,88,7,1,0,0,0,87
5,58,50,2,0,0,1,0,45
2,29,8,0,0,0,0,1,0
8,74,65,5,0,0,0,0,60
23,82,89,7,1,0,0,0,86
18,72,84,6,1,0,1,0,77
0,10,10,1,0,0,0,1,10
2,25,9,0,0,1,0,0,8
16,90,83,6,1,0,0,1,87
5,35,44,3,1,0,1,0,33
28,97,98,7,1,0,1,0,93
13,81,84,7,0,0,1,0,79
7,54,51,1,0,0,0,0,48
3,29,39,3,0,0,1,0,28
14,62,76,3,1,0,1,0,70
19,85,84,7,1,0,0,0,79
3,27,20,3,1,0,0,0,27
5,41,57,4,0,0,1,0,42
19,78,77,4,0,0,1,0,71
24,100,94,7,0,0,1,0,97
18,85,84,9,1,0,1,0,81
6,42,44,2,0,0,0,1,46
2,23,22,0,0,1,1,0,16
11,62,75,5,0,0,0,0,67
5,49,27,0,1,0,0,0,26
21,70,73,8,0,0,0,0,71
9,46,40,1,0,0,1,0,47
14,68,65,3,0,0,0,0,58
15,82,76,5,0,0,0,0,63
20,85,88,8,0,0,1,0,82
6,58,58,4,0,0,0,0,47
0,5,1,1,0,1,0,1,5
3,38,16,0,0,0,1,0,11
0,26,11,1,1,0,1,0,9
14,70,51,4,0,0,0,0,55
6,57,45,2,0,0,1,0,35
18,94,83,7,0,0,1,0,88
1,22,28,0,0,0,1,0,13
23,86,89,9,0,0,0,0,86
16,72,81,6,0,0,0,0,79
11,64,45,5,0,0,0,0,50
7,48,45,4,0,0,0,0,45
3,38,10,1,0,1,1,0,14
16,73,81,7,0,0,1,0,75
15,89,82,4,1,0,1,0,71
13,59,60,2,1,0,0,1,58
15,88,86,6,0,0,1,0,86
16,78,74,4,1,0,1,0,77
4,43,32,2,0,0,1,0,27
15,77,76,7,0,0,0,0,78
13,63,60,6,1,0,0,0,54
28,90,97,10,1,0,1,0,91
1,15,19,0,1,0,1,0,18
10,42,51,2,0,0,1,0,44
10,69,54,4,0,0,1,0,58
3,59,30,3,0,1,1,0,34
3,18,29,0,0,0,0,0,20
4,34,43,4,0,0,1,0,38
12,86,79,7,0,0,0,0,79
1,21,6,0,0,0,0,0,7
15,74,82,6,0,0,0,0,77
18,82,80,7,0,0,0,0,87
13,77,82,5,0,0,1,0,80
12,51,55,2,0,0,0,0,57
2,43,20,1,0,0,1,0,24
13,87,80,6,0,0,1,0,74
2,0,12,0,0,0,0,1,3
13,61,61,6,0,0,0,1,53
24,86,85,5,0,0,1,0,86
1,16,17,2,0,0,1,0,12
15,94,80,6,1,0,1,0,87
13,61,62,5,0,0,0,0,54
6,23,20,1,1,0,0,0,27
8,43,45,1,0,0,0,1,44
0,5,19,1,0,0,1,0,4
21,94,85,5,0,0,1,0,87
7,52,35,2,0,1,0,0,37
2,33,21,0,1,0,0,0,26
6,59,42,3,0,0,0,0,32
23,87,87,7,1,0,1,0,86
19,82,76,8,0,0,1,0,79
5,67,40,2,0,0,0,0,46
13,73,79,7,0,0,1,0,65
18,91,88,5,0,0,1,0,85
1,9,10,0,0,0,0,0,0
18,80,85,9,1,0,0,0,84
7,33,37,3,0,0,0,1,39
2,34,29,0,0,0,1,0,14
0,9,13,0,0,1,0,1,6
2,4,18,1,0,1,0,0,0
16,70,75,7,1,0,0,0,79
9,44,57,4,0,1,1,0,50
5,24,28,1,0,0,1,0,29
21,88,80,8,0,0,1,0,85
3,53,36,1,1,0,0,0,37
5,35,20,3,0,0,0,0,24
13,79,74,3,1,0,0,0,69
12,83,79,5,1,0,1,0,71
12,80,76,6,0,0,0,0,77
23,93,95,10,1,0,1,0,100
13,67,75,4,1,0,1,0,67
8,57,52,6,0,0,0,1,57
30,95,95,8,1,0,1,0,91
6,32,25,3,0,0,0,1,23
2,11,4,1,0,1,0,0,3
5,45,36,1,1,0,0,0,24
16,67,77,3,1,0,1,0,68
1,15,13,0,0,0,0,0,5
9,74,61,6,1,0,0,0,60
1,12,11,0,0,0,0,1,2
7,48,52,3,1,0,0,0,44
13,84,67,5,0,0,1,0,68
30,99,91,10,0,0,0,0,98
24,97,99,9,0,0,0,0,91
8,46,37,2,1,0,0,0,39
5,36,36,3,0,0,0,0,36
11,71,71,7,1,0,0,0,65
16,89,85,6,0,0,0,0,89
2,21,39,2,0,0,0,0,30
15,84,73,6,0,0,1,0,66
6,48,27,2,0,1,1,0,24
0,13,17,1,0,0,0,0,1
11,59,56,3,0,0,0,0,50
9,56,49,1,0,1,1,0,48
28,91,93,8,1,0,1,0,98
13,69,68,3,0,0,1,0,63
7,42,40,1,1,0,0,0,34
3,16,10,2,0,0,0,0,18
3,27,36,3,0,0,1,0,26
0,20,6,1,0,0,0,0,0
2,11,28,2,0,0,0,0,13
1,16,9,0,0,1,0,0,10
4,39,12,0,0,0,0,0,17
7,44,59,2,0,0,0,0,43
1,3,18,1,0,0,0,1,10
6,46,34,3,1,0,0,0,27
16,76,71,7,1,0,1,0,79
6,20,23,3,0,0,0,0,27
8,63,46,4,0,0,0,0,45
1,15,14,2,0,0,0,1,13
12,79,73,7,0,0,1,0,77
13,77,59,3,0,0,1,0,52
4,40,24,2,0,0,0,0,29
14,64,63,7,1,0,1,0,64
1,5,4,1,0,1,0,0,8
4,38,11,1,0,0,1,0,14
0,23,9,1,0,0,0,0,5
0,21,4,0,0,0,0,1,9
21,88,88,5,1,0,0,0,85
20,82,87,6,0,0,1,0,85
4,33,11,2,0,0,0,1,15
4,37,32,2,0,0,0,1,33
0,9,0,1,0,0,0,1,4
22,91,92,7,1,0,1,0,98
11,77,52,4,0,1,1,0,57
15,87,83,5,0,0,0,0,90
18,74,78,7,0,0,1,0,73
2,11,23,0,0,0,0,0,15
27,91,90,7,0,0,0,0,99
14,75,64,2,0,0,1,0,55
0,1,19,1,0,1,0,0,5
10,61,69,2,0,0,0,0,60
7,38,48,3,0,1,0,1,33
16,79,71,7,0,0,0,0,66
1,17,17,0,0,1,0,1,2
0,14,13,0,0,1,0,1,3
3,26,36,2,0,0,0,1,29
26,100,91,10,0,0,0,0,99
2,13,6,1,1,0,0,1,2
8,68,58,2,0,0,1,0,49
3,37,21,1,0,0,1,0,29
22,89,88,8,1,0,1,0,90
21,78,72,4,0,0,0,0,78
13,59,62,5,1,0,0,0,57
14,72,72,7,1,0,1,0,80
2,34,28,0,0,1,0,0,19
16,88,85,8,1,0,1,0,86
1,34,19,2,1,0,0,1,18
5,43,30,3,0,0,1,0,32
0,26,16,0,0,0,0,1,4
11,78,62,4,0,1,1,0,66
1,18,15,1,1,0,1,0,3
7,54,39,4,0,0,1,0,37
24,94,85,7,0,0,1,0,85
25,97,99,8,1,0,1,0,95
21,97,96,9,0,0,1,0,92
15,85,87,6,1,0,1,0,89
24,98,99,7,0,0,0,0,93
22,94,81,6,1,0,1,0,84
4,22,10,2,0,0,0,0,13
6,40,34,3,0,0,0,0,29
8,69,51,3,1,0,0,0,52
8,55,30,1,0,1,0,0,38
21,81,77,5,0,0,0,0,73
14,69,66,5,1,0,1,0,58
24,90,93,10,1,0,0,0,95
12,83,72,7,0,0,0,0,80
11,58,67,4,0,0,0,0,59
12,65,60,4,0,0,0,0,59
26,91,92,8,1,0,1,0,96
4,42,21,2,0,0,0,0,28
1,22,15,1,0,0,1,0,1
24,89,88,6,1,0,0,0,90
22,100,95,10,1,0,1,0,100
2,17,6,0,0,0,0,0,7
4,43,33,1,0,1,0,1,39
15,63,61,6,1,0,0,0,70
18,93,88,6,0,0,1,0,83
23,93,90,7,1,0,0,0,93
14,64,75,4,0,0,0,0,63
1,33,12,2,0,0,0,1,14
16,83,67,7,0,0,1,0,66
12,69,61,2,0,0,0,0,57
6,37,47,2,0,0,0,0,39
4,56,39,1,0,0,0,0,32
8,50,30,2,0,0,0,0,33
4,47,31,2,0,0,0,0,28
8,58,47,1,0,0,1,0,34
0,16,7,0,0,1,0,0,9
8,51,35,4,1,0,1,0,40
16,78,77,7,0,0,1,0,71
26,97,100,7,0,0,0,0,100
1,18,12,1,0,1,0,1,6
4,53,33,1,0,0,0,0,39
1,37,27,1,0,0,0,0,14
1,16,10,2,0,0,0,0,18
8,60,42,2,0,0,0,0,42
19,94,80,6,1,0,1,0,90
29,95,95,8,1,0,0,0,93
13,66,78,4,0,0,1,0,61
4,18,18,0,0,0,0,1,15
1,16,7,0,0,0,0,0,5
9,50,65,3,0,0,0,0,56
26,96,90,10,1,0,1,0,100
16,60,72,5,0,0,0,1,68
9,41,47,2,0,0,0,0,41
4,17,18,1,0,1,1,0,19
21,98,94,7,1,0,1,0,92
19,90,89,8,0,0,0,0,90
0,26,15,0,0,0,1,0,3
7,52,42,4,0,0,0,0,42
21,88,89,8,1,0,1,0,87
5,44,23,3,1,0,0,1,25
12,75,56,5,1,0,1,0,51
19,93,86,7,1,0,1,0,89
9,63,58,2,1,0,0,0,53
4,50,43,1,0,1,0,0,33
23,80,85,7,1,0,1,0,90
20,71,75,6,1,0,1,0,78
8,46,47,4,0,0,0,0,38
1,19,18,0,0,0,0,0,1
1,19,3,1,0,0,0,1,1
3,24,15,2,0,0,0,1,15
6,33,45,3,0,1,1,0,36
23,94,95,8,1,0,1,0,95
29,97,91,7,1,0,1,0,100
22,94,95,9,1,0,1,0,91
10,82,68,6,0,0,1,0,67
15,80,83,5,1,0,0,0,81
9,55,58,5,0,0,1,0,46
7,51,59,2,0,0,1,0,44
23,82,82,9,1,0,0,0,85
2,13,0,0,0,1,1,0,3
21,88,82,6,1,0,1,0,84
1,9,3,1,0,0,0,0,1
27,92,97,8,1,0,1,0,100
8,57,56,5,1,0,0,0,49
21,92,97,8,1,0,1,0,98
5,33,23,1,0,0,0,1,26
6,32,44,1,1,0,1,0,31
27,98,96,7,0,0,1,0,97
16,80,82,8,0,0,1,0,85
22,97,99,7,1,0,1,0,94
16,64,79,6,1,0,0,0,66
10,47,58,4,0,0,1,0,46
10,73,52,2,0,0,0,0,60
3,39,34,4,0,0,0,1,33
3,23,22,1,0,0,0,0,27
18,84,85,7,1,0,1,0,82
11,84,74,3,0,0,1,0,69
4,41,33,4,1,0,1,0,33
20,88,70,5,0,0,1,0,78
13,67,54,2,0,0,0,1,60
7,55,30,3,0,1,1,0,39
4,36,25,1,1,0,0,1,25
11,57,41,3,0,0,0,0,44
21,81,80,8,1,0,0,0,85
6,59,33,2,1,0,1,0,40
10,46,49,4,0,0,0,0,41
1,12,2,0,0,0,0,0,0
13,80,78,5,0,0,1,0,64
29,94,95,7,1,0,1,0,95
14,68,62,2,0,0,0,0,51
6,35,39,3,0,0,0,0,26
3,22,38,3,1,0,0,1,22
3,36,25,0,0,1,1,0,11
0,20,5,0,0,0,1,0,2
16,79,65,7,0,0,1,0,63
4,44,26,3,0,0,0,0,28
24,92,87,7,1,0,0,0,85
13,82,62,4,1,0,0,1,63
6,45,37,2,1,0,0,0,31
11,64,59,1,0,0,0,1,44
2,29,23,2,1,0,0,1,14
1,29,15,0,0,0,0,1,1
1,8,6,0,0,0,0,1,2
21,90,91,7,0,0,1,0,97
8,46,35,4,0,0,0,0,33
4,41,49,3,1,0,0,1,36
2,2,15,0,0,0,0,0,10
2,37,27,2,1,0,0,0,13
1,1,2,0,0,0,0,0,10
2,11,25,2,0,0,0,0,11
4,40,23,3,0,0,0,1,28
12,72,61,2,0,0,0,0,51
14,55,62,3,0,0,1,0,53
8,54,65,2,0,1,1,0,51
4,38,30,4,1,0,1,0,39
6,31,28,0,0,0,0,1,22
5,47,29,2,0,0,0,0,28
1,5,13,0,0,0,0,0,7
8,40,57,4,0,0,0,0,44
12,73,60,5,0,0,1,0,55
9,53,42,5,0,0,1,0,44
4,32,32,3,0,1,0,1,24
21,90,83,5,1,0,1,0,90
21,92,93,8,0,0,0,0,91
25,93,96,10,1,0,1,0,94
9,79,51,2,1,0,1,0,51
11,65,43,3,0,0,1,0,50
2,23,11,0,1,0,1,0,13
5,52,31,2,1,0,0,0,33
6,47,32,3,0,0,0,1,23
4,34,47,2,0,0,0,0,31
12,81,73,7,0,0,1,0,69
14,57,66,2,0,0,1,0,56
18,74,84,6,1,0,0,0,78
8,38,36,4,0,0,0,1,31
2,46,34,3,0,0,1,0,27
19,83,85,9,1,0,1,0,88
4,22,12,2,0,0,0,0,16
10,55,57,5,0,0,1,0,47
1,13,13,1,0,0,0,0,20
1,16,29,2,0,0,0,0,20
24,93,96,7,1,0,0,0,94
5,52,45,4,0,0,0,0,38
2,28,18,0,0,0,0,1,7
5,44,45,2,0,0,0,0,48
21,84,88,6,0,0,1,0,87
9,66,53,6,1,0,0,0,59
1,34,18,1,0,0,0,0,14
9,50,54,5,1,0,0,0,53
15,86,82,6,1,0,1,0,89
12,68,72,5,0,0,0,0,62
6,29,39,2,0,1,1,0,28
4,34,10,0,0,0,1,0,20
17,80,87,7,1,0,0,0,89
5,67,40,1,0,0,1,0,49
11,79,52,5,1,0,0,0,51
18,83,82,5,1,0,1,0,90
1,3,4,0,0,0,0,1,7
27,92,94,8,1,0,1,0,94
3,28,13,1,0,0,0,0,12
2,18,1,1,0,1,0,0,3
12,82,75,5,1,0,0,0,76
5,55,52,4,0,0,0,0,48
13,63,63,4,0,0,1,0,51
17,60,77,4,0,0,0,0,68
19,83,72,6,1,0,1,0,75
2,5,5,1,0,1,0,0,0
4,24,30,3,0,1,0,1,24
2,15,4,0,0,0,0,1,4
1,36,15,1,0,1,0,0,11
6,34,33,0,0,0,0,1,27
14,65,54,5,0,0,1,0,51
27,92,100,7,0,0,0,0,94
2,27,7,0,0,1,1,0,3
7,39,48,1,0,0,1,0,36
1,18,18,0,1,0,1,0,7
6,51,30,3,0,0,1,0,33
12,84,76,5,0,0,1,0,73
6,54,48,2,1,0,1,0,38
23,85,87,8,0,1,1,0,89
12,53,56,6,1,0,1,0,51
8,70,50,5,0,0,1,0,55
12,55,56,4,1,0,0,0,59
1,9,7,0,0,0,1,0,1
10,56,54,2,0,0,0,1,52
24,86,83,7,0,0,0,0,89
5,43,21,0,0,0,0,0,29
15,83,89,5,1,0,1,0,83
1,16,18,1,1,0,0,0,9
18,85,89,9,1,0,1,0,88
23,95,95,9,1,0,1,0,93
12,80,79,4,0,0,0,0,62
7,34,37,4,1,0,1,0,33
23,99,94,9,1,0,1,0,98
0,1,12,0,1,0,0,0,9
8,33,42,4,1,0,0,0,40
21,93,88,8,1,0,1,0,81
13,67,71,4,1,0,1,0,61
13,55,67,3,1,0,0,0,57
9,51,51,2,0,0,0,0,53
11,74,68,5,0,0,1,0,51
11,82,68,5,0,0,0,0,70
13,72,54,3,1,0,1,0,58
10,68,50,2,0,0,0,0,45
5,30,44,1,0,0,0,1,39
15,76,73,7,0,0,0,0,73
3,36,23,0,0,0,0,1,20
4,13,29,1,0,0,0,0,14
2,46,36,2,0,1,0,1,23
12,71,73,5,1,0,1,0,64
21,95,96,8,1,0,1,0,98
5,62,52,3,1,0,0,0,46
14,53,66,3,0,0,1,0,56
2,11,13,1,0,1,0,0,10
24,83,89,5,0,0,1,0,83
12,76,78,6,1,0,1,0,76
3,39,26,1,0,0,0,0,17
12,71,62,4,0,0,1,0,51
1,4,1,0,0,0,1,0,9
26,90,100,7,0,0,0,0,96
4,22,26,3,0,0,0,0,30
21,91,80,8,1,0,0,0,88
1,38,11,0,0,0,0,0,16
11,65,70,5,0,0,0,0,62
24,90,82,6,1,0,0,0,82
1,22,26,2,1,0,0,1,18
3,42,42,3,0,0,0,0,39
16,81,62,3,0,0,1,0,61
9,43,56,2,0,0,0,0,46
29,99,95,10,1,0,1,0,94
3,33,28,2,0,1,0,0,29
15,71,74,6,0,0,1,0,74
3,16,26,0,1,0,0,0,19
10,73,50,3,0,0,1,0,57
8,50,67,2,0,0,1,0,53
8,32,34,2,1,0,0,0,34
0,8,5,1,1,0,0,0,2
5,64,50,1,1,0,0,0,43
16,82,71,4,1,0,1,0,66
10,63,60,2,0,0,1,0,58
13,61,67,3,0,0,1,0,51
3,39,38,1,0,0,0,0,34
4,33,37,3,1,0,0,1,29
1,8,9,0,0,1,0,0,3
2,31,13,2,0,0,1,0,11
11,64,53,5,1,0,1,0,45
25,90,91,9,0,0,1,0,96
4,26,12,2,0,0,0,1,15
15,68,74,6,0,0,0,0,67
1,25,16,0,0,0,1,0,6
13,77,62,6,0,0,0,0,54
8,48,43,4,1,0,1,0,43
30,97,96,7,1,0,0,0,98
10,76,63,5,0,0,0,0,66
13,53,57,5,0,0,0,0,60
25,92,94,8,1,0,0,0,95
30,96,99,9,1,0,1,0,95
23,92,91,9,1,0,1,0,94
11,57,50,4,0,0,0,0,56
2,18,10,0,0,0,0,0,4
1,34,27,2,0,0,0,0,16
13,66,76,3,0,0,0,0,65
5,45,39,1,0,0,0,1,25
21,87,81,9,0,0,0,0,81
14,61,67,7,0,0,1,0,69
4,13,28,0,0,0,0,0,14
9,58,69,3,1,0,0,0,58
19,93,89,8,1,0,1,0,85
8,78,56,3,1,0,0,0,59
5,24,39,1,0,0,0,0,22
18,82,72,5,1,0,0,0,78
7,58,39,4,1,0,1,0,37
2,0,13,0,0,0,0,0,2
10,68,70,5,1,0,1,0,61
23,80,89,9,0,0,0,0,81
8,51,34,3,0,0,1,0,40
2,2,1,0,0,0,0,0,8
11,68,51,5,0,0,0,0,46
4,58,42,3,0,0,1,0,31
8,55,45,1,0,1,0,0,47
20,98,94,10,0,0,1,0,92
2,39,26,2,0,1,1,0,11
5,41,41,4,0,1,0,0,38
4,44,39,1,0,1,0,0,33
4,37,25,2,0,0,0,1,20
16,65,69,7,1,0,0,0,68
6,40,43,1,0,0,0,0,39
17,84,85,8,1,0,1,0,82
11,72,65,4,1,0,1,0,61
6,46,42,5,0,0,1,0,41
13,77,62,3,0,0,1,0,61
21,81,82,6,1,0,0,0,72
3,32,11,1,0,0,1,0,12
16,68,62,6,0,0,0,0,68
1,11,11,1,0,0,1,0,2
6,20,28,3,0,0,0,0,23
15,74,77,5,1,0,0,0,79
4,20,38,2,0,0,0,0,23
19,87,88,9,0,0,1,0,84
15,84,80,5,0,1,0,0,83
2,29,20,0,0,0,1,0,23
8,51,44,3,0,0,1,0,50
13,70,67,5,0,0,1,0,62
19,83,80,9,1,0,0,0,84
8,38,45,4,0,0,0,0,38
30,97,91,9,1,0,0,0,98
22,91,89,6,1,0,0,0,90
27,98,91,7,1,0,1,0,99
5,57,58,2,1,0,0,0,42
1,10,21,2,0,1,0,0,16
15,93,88,6,1,0,1,0,88
7,69,49,3,0,1,1,0,46
10,56,59,3,0,0,0,0,41
2,26,33,0,0,0,1,0,24
3,34,10,0,0,0,0,1,12
15,67,63,4,1,0,1,0,70
9,68,68,6,1,0,1,0,58
6,66,56,1,0,0,0,1,42
5,58,47,3,0,1,1,0,32
6,52,33,3,0,1,0,0,34
6,38,23,3,0,1,0,1,29
19,79,83,6,1,0,0,0,79
4,30,21,1,0,0,0,0,18
20,82,83,6,1,0,0,0,87
16,74,84,7,0,0,0,0,74
8,41,53,3,0,0,0,1,49
13,77,74,3,1,0,0,0,64
15,64,73,3,0,0,0,0,70
0,23,5,0,0,1,0,0,6
2,36,26,2,1,0,0,1,22
12,53,68,6,1,0,1,0,51
29,92,94,8,0,0,1,0,91
5,34,25,0,0,0,0,0,24
4,38,27,2,0,0,0,0,18
4,52,33,4,0,0,0,0,37
9,52,46,2,1,0,0,0,42
7,65,47,2,0,0,0,0,42
12,73,53,2,0,0,1,0,60
24,84,88,8,1,0,1,0,87
0,14,5,1,0,0,1,0,0
0,7,15,0,0,0,0,1,3
26,100,93,8,1,0,0,0,99
20,90,80,6,1,0,0,0,86
11,73,79,7,1,0,0,0,69
20,95,91,8,1,0,0,0,91
10,60,51,1,0,0,0,0,43
3,23,11,1,0,0,0,0,13
23,90,100,9,1,0,1,0,97
1,27,12,2,0,0,0,0,17
17,83,88,6,1,0,0,0,81
17,71,79,4,1,0,0,0,71
25,90,95,9,1,0,0,0,97
4,29,10,0,0,0,0,1,15
27,95,90,9,0,0,1,0,95
12,61,52,5,0,0,1,0,52
5,21,26,2,1,0,1,0,22
13,63,67,3,0,0,0,0,65
27,96,90,9,1,0,0,0,100
15,71,75,7,1,0,0,0,76
6,40,22,0,0,0,1,0,30
18,88,78,6,1,0,0,0,72
4,49,27,0,0,0,0,0,27
20,92,97,10,0,0,0,0,91
6,32,38,3,1,0,0,0,38
6,33,37,1,0,1,0,1,28
2,10,29,2,0,1,0,0,13
6,46,32,1,0,0,1,0,29
6,64,56,4,1,0,1,0,47
29,95,93,8,0,0,1,0,92
30,92,90,8,1,0,1,0,91
9,50,47,4,0,0,1,0,45
20,78,81,4,0,0,1,0,76
13,75,62,3,0,0,1,0,66
25,93,99,8,1,0,0,0,98
6,59,33,3,0,0,0,0,32
22,84,82,5,1,0,0,0,84
15,73,73,6,0,0,1,0,76
5,46,46,1,0,0,1,0,34
4,21,16,0,1,0,0,1,13
2,26,14,1,0,0,1,0,2
5,45,57,4,1,0,1,0,50
1,34,10,0,0,1,0,0,19
2,17,20,0,0,0,0,1,20
14,75,77,3,1,0,1,0,62
25,94,92,10,1,0,1,0,99
8,50,59,5,1,0,1,0,54
10,70,57,2,1,0,0,0,59
13,63,68,3,1,0,0,0,59
18,78,82,6,0,0,0,0,79
20,97,98,8,1,0,1,0,91
4,17,15,1,0,0,1,0,17
13,71,72,4,0,0,1,0,73
2,13,9,0,0,0,0,0,9
25,90,100,9,1,0,1,0,94
17,66,69,5,1,0,0,0,64
8,30,46,3,0,0,0,0,40
5,51,53,1,0,0,0,0,44
11,62,48,5,1,0,1,0,50
2,25,37,2,0,1,1,0,24
9,54,61,2,0,0,0,0,55
5,33,34,4,1,0,1,0,38
2,35,20,1,0,1,0,0,17
8,68,47,2,0,0,1,0,48
28,99,96,7,0,0,1,0,94
11,75,51,6,0,0,1,0,60
0,27,11,1,0,0,0,0,1
21,84,76,8,1,0,0,0,77
21,100,97,7,1,0,1,0,93
8,66,54,4,1,0,1,0,58
24,80,85,8,1,0,0,0,89
12,88,75,6,0,0,1,0,77
2,16,13,0,0,1,0,0,16
14,64,62,6,0,0,1,0,52
28,90,90,7,0,0,1,0,97
13,73,68,2,0,0,1,0,57
18,86,85,5,1,0,1,0,87
11,72,69,5,0,0,0,0,57
17,88,83,9,1,0,1,0,85
15,64,63,7,1,0,1,0,68
24,99,91,8,1,0,1,0,93
22,91,87,5,0,0,1,0,88
13,77,59,4,1,0,0,0,57
23,95,96,9,1,0,1,0,96
0,5,17,0,0,0,0,1,8
4,47,31,3,0,0,0,0,39
15,88,86,8,1,0,1,0,89
23,83,88,7,1,0,0,0,84
1,14,14,1,0,0,0,1,0
24,98,99,10,1,0,1,0,97
1,7,7,0,0,0,1,0,7
16,65,71,6,1,0,1,0,68
24,100,95,8,0,0,0,0,96
5,46,41,1,0,0,0,0,32
0,26,4,1,0,0,1,0,9
16,81,60,7,1,0,1,0,70
29,94,93,10,1,0,1,0,96
24,94,100,8,1,0,1,0,98
7,54,38,2,0,0,1,0,36
10,64,53,3,1,0,1,0,44
13,88,70,6,1,0,0,0,76
19,70,79,6,0,0,1,0,79
1,5,8,1,0,0,0,1,8
13,56,51,2,0,0,0,0,56
27,92,98,7,1,0,1,0,97
22,95,94,8,1,0,0,0,91
21,88,85,5,0,0,0,0,83
3,19,17,2,0,0,1,0,15
6,21,36,2,0,0,1,0,30
2,1,12,0,1,0,0,0,6
6,58,41,1,0,0,0,0,36
2,9,8,1,0,1,0,0,2
14,74,63,3,1,0,1,0,60
11,43,58,1,0,0,1,0,46
9,60,52,2,0,0,0,0,60
3,38,37,1,0,0,1,0,28
4,47,38,3,0,0,1,0,29
11,52,53,5,0,0,0,0,54
3,13,28,0,0,0,0,0,13
20,92,87,9,1,0,0,0,83
12,83,62,3,0,0,0,0,70
6,42,56,2,1,0,1,0,41
18,90,85,8,1,0,0,0,89
4,36,43,1,0,0,0,0,33
13,80,75,4,0,0,1,0,78
27,91,95,7,1,0,1,0,95
17,88,87,7,1,0,1,0,88
30,93,97,7,1,0,1,0,96
23,97,98,8,0,0,1,0,100
2,19,5,1,0,0,0,1,10
4,57,35,4,1,0,0,0,32
6,29,34,1,1,0,1,0,25
10,41,54,2,0,0,0,1,48
7,33,36,1,0,0,0,0,33
1,6,15,1,1,0,0,0,0
17,86,80,7,0,0,0,0,72
2,18,19,1,0,0,0,0,4
7,44,56,4,1,0,0,1,41
11,58,68,4,1,0,0,0,57
1,12,29,2,0,0,1,0,16
3,43,33,4,0,1,1,0,34
2,2,17,0,0,0,0,0,1
17,79,77,5,0,0,1,0,64
11,56,40,1,1,0,1,0,44
3,37,28,3,0,0,0,0,29
15,90,88,8,0,0,1,0,89
11,52,46,1,1,0,0,0,49
2,34,35,1,0,0,0,1,26
6,44,40,3,1,0,0,1,32
16,81,88,6,1,0,1,0,90
22,90,84,8,1,0,0,0,82
24,88,89,7,0,0,1,0,82
13,75,58,5,1,0,1,0,54
14,71,73,4,0,1,0,0,77
13,79,54,4,0,0,1,0,54
6,35,21,1,0,0,0,1,25
16,87,78,6,0,0,1,0,71
12,58,55,5,0,0,0,0,57
16,82,76,7,1,0,1,0,71
14,52,53,4,1,0,0,0,52
10,46,52,5,0,1,0,0,45
20,73,70,5,0,0,0,0,73
2,12,14,0,0,0,0,1,0
21,75,71,4,1,0,0,0,72
11,70,64,3,1,0,0,0,63
11,57,50,3,1,0,1,0,46
2,14,16,0,0,0,0,0,10
4,33,27,3,0,1,0,1,21
1,26,17,1,0,0,1,0,3
20,100,91,8,0,0,0,1,100
4,53,31,4,0,0,1,0,36
6,45,32,3,0,0,0,1,25
10,73,65,6,1,0,1,0,52
7,62,47,4,0,0,1,0,44
20,72,80,5,1,0,0,0,74
27,96,96,8,0,0,1,0,94
8,36,38,4,0,0,1,0,32
16,77,78,7,1,0,1,0,72
12,78,82,8,0,0,0,0,74
16,74,72,3,0,0,0,0,64
21,98,91,10,1,0,1,0,100
8,47,49,3,0,0,0,0,39
4,11,15,0,0,0,0,0,19
20,83,73,5,0,0,1,0,75
3,21,26,0,0,0,0,0,23
1,34,14,0,1,0,0,0,15
30,95,91,9,1,0,0,0,91
10,83,73,6,0,0,0,0,61
23,92,83,8,0,0,1,0,89
26,94,90,10,0,0,0,0,95
16,87,88,8,0,1,1,0,90
11,56,59,2,0,0,0,1,51
21,98,98,8,0,0,0,0,98
8,36,42,4,0,0,1,0,35
12,84,77,3,1,0,0,0,65
10,55,54,4,1,0,0,0,54
27,91,99,7,1,0,1,0,95
4,40,24,0,0,0,0,1,22
11,69,54,4,0,0,0,0,50
20,92,84,6,0,0,0,0,89
7,50,45,3,1,0,0,0,35
15,60,62,5,0,0,0,0,66
1,12,11,0,0,0,1,0,6
23,90,94,7,1,0,1,0,92
17,73,83,4,1,0,1,0,73
19,81,81,7,1,0,0,0,87
10,54,64,3,0,0,0,0,54
9,61,57,5,0,0,0,0,48
11,62,57,1,0,0,1,0,49
16,82,80,5,1,0,0,0,86
12,68,53,4,0,0,1,0,55
16,81,78,7,1,0,0,1,76
4,27,28,1,0,0,1,0,16
5,43,38,1,1,0,0,0,40
12,68,57,4,1,0,0,0,55
8,34,38,2,0,1,1,0,34
2,27,20,0,1,0,0,0,11
3,45,42,1,0,0,0,1,39
4,46,20,1,0,0,0,0,26
14,81,81,5,0,0,0,0,80
14,70,73,4,1,0,1,0,79
21,87,83,8,1,0,1,0,88
19,78,80,7,1,0,0,0,78
6,44,32,0,1,0,0,0,23
29,90,91,7,1,0,1,0,98
7,43,56,1,0,0,0,0,50
11,79,66,5,0,0,0,0,70
18,88,70,4,0,0,1,0,71
5,59,41,1,0,0,1,0,43
2,20,38,3,0,0,1,0,24
13,84,77,8,1,0,0,0,75
23,84,85,6,0,0,0,0,87
25,93,94,7,1,0,1,0,91
1,9,0,0,0,1,1,0,5
7,47,40,5,1,0,0,0,44
12,62,53,2,0,0,1,0,55
8,76,63,2,0,0,0,0,55
11,67,64,4,0,0,1,0,52
14,71,50,6,0,0,1,0,51
23,85,84,8,1,0,1,0,86
10,42,49,1,0,0,1,0,42
4,37,21,2,0,1,0,1,15
12,68,69,6,0,0,1,0,61
10,60,56,4,0,0,0,0,55
8,52,56,5,1,0,1,0,51
2,26,5,1,0,1,1,0,3
6,36,45,2,0,0,0,0,39
8,79,63,5,1,0,0,0,58
9,40,43,1,1,0,1,0,46
0,8,2,1,0,0,0,0,5
8,63,45,3,0,0,0,0,43
12,60,65,4,0,0,0,0,56
2,36,36,3,1,0,0,0,28
2,12,26,2,0,1,1,0,20
2,35,28,0,0,0,0,0,22
3,34,24,2,0,0,1,0,11
8,64,59,6,0,0,0,0,56
13,80,72,5,1,0,0,0,76
10,66,56,5,0,0,1,0,51
12,78,60,7,1,0,1,0,67
4,33,21,1,0,0,0,0,18
21,89,70,8,1,0,0,0,74
4,20,37,0,0,0,1,0,28
0,0,2,0,0,1,0,0,1
2,14,14,0,0,0,0,0,9
5,68,55,4,0,0,0,0,47
8,41,43,5,0,0,1,0,48
5,41,31,1,0,0,1,0,21
2,25,17,2,0,0,0,0,20
14,86,72,7,1,0,1,0,76
2,30,23,1,1,0,0,0,23
25,97,90,9,0,0,1,0,96
22,91,94,7,1,0,1,0,99
11,76,73,5,1,0,1,0,70
2,42,38,1,1,0,0,0,26
11,62,66,2,0,0,0,0,51
23,88,86,5,1,0,1,0,85
2,22,21,1,0,1,0,1,27
11,66,55,4,0,0,0,0,46
0,6,4,1,0,1,0,0,7
3,14,11,0,0,0,0,1,11
6,21,37,0,0,1,0,0,21
11,53,69,2,0,1,1,0,60
4,23,26,1,1,0,0,0,30
4,11,26,2,1,0,1,0,12
2,23,38,0,1,0,0,1,28
3,37,49,4,0,0,1,0,35
1,32,28,2,0,0,0,1,19
6,46,43,1,1,0,0,0,42
12,65,79,5,0,0,0,0,61
23,83,83,9,0,0,1,0,85
2,23,7,1,1,0,0,0,2
22,99,92,9,1,0,1,0,95
14,88,80,7,1,0,0,0,73
13,76,79,6,1,0,1,0,77
2,21,7,1,0,0,1,0,9
22,91,94,10,0,0,1,0,93
5,41,38,3,0,0,1,0,40
11,45,56,5,0,1,0,0,41
11,42,50,4,0,0,0,1,47
3,24,23,2,0,0,0,0,13
5,68,51,2,0,0,1,0,49
14,51,56,3,0,0,0,0,60
0,20,12,1,0,0,0,0,3
12,77,71,4,1,0,0,0,61
5,63,51,3,0,0,0,0,43
3,46,28,2,0,1,0,1,30
3,49,29,3,0,1,1,0,21
21,89,84,4,0,0,0,0,77
30,100,95,7,1,0,0,0,96
15,83,80,7,0,0,0,0,85
8,47,41,4,1,0,1,0,41
28,100,100,9,1,0,1,0,93
5,44,22,3,0,0,0,1,30
24,90,94,7,0,0,1,0,95
3,46,38,0,0,0,0,0,22
1,10,12,1,1,0,0,0,13
5,48,43,1,0,0,1,0,31
17,82,86,5,1,0,1,0,89
28,94,100,7,1,0,1,0,100
18,89,83,8,0,0,1,0,80
5,45,51,2,0,1,0,1,41
19,91,85,5,1,0,1,0,87
10,74,52,4,1,0,1,0,52
16,84,88,5,1,0,0,0,84
2,34,24,0,0,0,1,0,23
2,7,17,0,0,0,0,1,9
2,36,12,1,1,0,1,0,14
5,40,42,3,0,0,1,0,43
0,14,12,1,0,0,0,0,3
4,39,33,1,0,0,0,1,30
20,90,82,5,0,0,0,0,87
21,92,85,6,0,0,1,0,81
4,32,24,0,0,0,0,0,20
4,31,17,2,0,1,0,0,11
8,54,40,5,0,0,1,0,48
21,70,84,5,0,0,1,0,76
27,99,99,10,1,0,1,0,99
4,44,33,4,0,0,0,0,40
4,23,34,2,0,0,0,0,28
4,30,40,4,0,0,0,1,37
23,92,84,5,0,0,1,0,82
24,92,81,5,0,0,1,0,87
5,37,36,1,0,0,1,0,23
0,28,11,1,0,1,0,0,0
5,46,42,1,0,0,1,0,38
24,95,91,10,1,0,0,0,91
1,3,13,1,0,1,1,0,2
30,100,100,10,1,0,1,0,96
3,29,20,2,0,0,0,0,13
1,13,9,1,0,1,0,0,3
5,54,58,3,0,0,0,0,46
9,63,41,1,0,0,1,0,46
17,82,85,8,0,0,0,0,85
16,86,84,5,1,0,0,0,86
3,21,15,2,0,1,0,0,16
14,66,69,6,0,0,1,0,61
5,31,28,0,0,0,1,0,22
24,93,98,8,1,0,1,0,95
3,59,49,1,0,0,0,1,32
21,91,94,9,0,0,1,0,96
6,42,33,3,0,0,0,0,37
3,15,16,0,0,0,0,0,19
3,22,14,2,0,0,0,0,19
3,33,22,2,0,0,1,0,12
30,90,90,8,1,0,0,1,100
19,75,75,5,1,0,1,0,80
5,44,25,1,0,0,0,0,26
8,54,48,3,1,0,1,0,48
1,20,20,0,0,0,0,0,12
12,65,66,3,0,0,0,0,55
2,23,28,3,0,1,1,0,26
1,28,19,1,0,0,0,1,0
11,44,53,1,0,0,0,0,45
13,66,53,3,1,0,0,0,58
12,56,53,5,1,0,1,0,56
1,6,15,1,0,1,0,0,3
3,27,22,1,0,0,1,0,28
13,75,74,7,1,0,0,0,70
17,88,73,5,1,0,0,0,73
4,31,42,3,0,0,0,1,33
17,61,61,5,1,0,0,0,65
11,55,45,1,0,0,0,0,46
1,36,26,1,0,0,1,0,18
23,100,92,10,1,0,1,0,98
2,16,13,1,0,1,0,0,4
11,68,79,3,0,0,0,0,62
20,78,81,4,0,0,0,0,77
8,51,46,3,0,0,0,0,47
16,92,83,9,1,0,1,0,81
11,42,45,4,0,1,0,0,43
16,94,85,7,1,0,1,0,90
16,82,60,5,0,0,0,0,67
9,68,63,2,1,0,1,0,59
0,9,4,1,0,1,0,1,9
0,12,12,0,0,0,0,0,6
9,69,58,5,1,0,0,0,52
6,58,42,1,0,0,0,1,43
0,12,8,1,0,0,0,1,6
16,80,81,8,1,0,0,0,77
19,83,84,7,1,0,1,0,72
5,28,20,1,0,0,0,0,29
2,28,12,0,0,0,0,1,19
5,44,58,4,0,0,0,0,46
28,100,94,10,0,0,0,0,94
12,69,61,5,1,0,1,0,61
13,61,69,6,1,0,0,1,62
1,18,12,0,0,0,0,0,10
6,36,24,1,1,0,0,0,21
2,21,22,0,0,1,1,0,18
22,81,85,7,0,0,1,0,85
2,2,17,1,0,0,1,0,6
3,30,27,0,0,0,0,0,18
24,85,80,8,1,0,1,0,82
1,25,0,0,0,0,0,1,10
19,89,75,4,1,0,1,0,78
1,16,10,1,1,0,0,0,14
14,74,56,3,0,0,1,0,53
30,91,96,10,0,0,1,0,95
6,44,24,2,0,0,0,0,28
21,85,78,4,0,0,0,0,71
26,90,91,9,0,0,1,0,92
12,63,73,6,1,0,0,0,61
29,97,90,9,0,0,1,0,98
4,52,45,1,0,1,0,0,37
6,45,40,3,0,0,1,0,46
14,70,84,6,1,0,0,0,72
15,90,85,7,1,0,0,0,89
12,69,63,7,0,0,0,0,63
23,94,98,9,0,1,1,0,100
3,29,31,2,0,0,0,0,21
20,79,79,7,1,0,1,0,76
23,86,81,6,0,0,0,0,90
5,48,30,1,1,0,0,1,23
3,30,23,3,0,0,0,0,24
4,19,12,1,0,0,1,0,11
11,59,59,2,0,0,0,0,41
3,37,33,1,0,1,1,0,23
8,60,55,2,0,0,1,0,58
2,26,16,1,0,0,0,0,10
23,94,83,7,0,0,0,0,86
16,67,64,4,0,0,1,0,63
5,33,40,4,0,0,0,0,33
3,46,31,0,1,0,1,0,23
5,33,32,2,0,0,0,0,34
13,74,83,4,1,0,1,0,75
10,49,42,1,0,0,0,0,43
24,98,92,8,1,0,1,0,96
30,90,99,8,1,0,0,0,91
12,88,73,8,1,0,1,0,71
13,89,73,7,0,0,1,0,76
16,82,69,4,0,0,0,0,66
26,90,93,7,1,0,0,0,93
23,91,98,7,1,0,1,0,100
7,62,57,4,0,0,0,0,49
13,70,58,2,1,0,0,0,59
5,43,35,0,0,1,0,0,27
12,75,74,4,0,0,1,0,77
4,45,33,2,0,0,0,1,24
8,58,58,5,0,0,1,0,48
28,94,92,7,1,0,1,0,100
3,34,43,3,1,0,0,0,31
12,85,73,7,0,0,0,0,76
12,58,68,2,0,0,0,0,56
19,70,72,7,1,0,1,0,79
13,70,62,2,0,0,1,0,51
13,65,57,4,0,0,0,0,56
6,55,42,2,0,0,1,0,45
3,30,29,3,0,1,0,0,26
10,66,51,5,0,0,0,0,42
2,23,3,1,0,0,0,1,9
7,50,44,2,0,0,1,0,34
1,2,4,0,0,0,0,0,3
9,52,49,5,1,0,1,0,44
26,90,93,8,0,0,1,0,96
15,81,85,8,1,0,1,0,85
24,80,85,6,1,0,1,0,82
14,68,66,5,1,0,1,0,57
9,74,65,2,0,0,0,0,59
28,99,90,9,1,0,1,0,92
2,20,0,1,0,0,0,1,8
8,52,51,2,0,0,0,1,42
6,29,34,2,0,0,0,0,22
8,56,41,1,0,0,0,0,48
18,86,89,5,1,0,0,0,85
4,32,44,1,0,0,0,0,38
14,75,75,4,0,1,0,0,68
13,66,66,2,0,0,1,0,52
7,36,39,4,0,0,1,0,33
16,79,82,7,0,0,1,0,79
14,63,75,3,0,0,1,0,61
7,30,37,2,0,1,1,0,31
23,91,92,7,1,0,1,0,93
4,20,33,0,0,0,0,0,25
2,29,16,1,0,0,0,1,1
8,50,45,3,0,0,0,0,46
2,23,25,3,0,0,0,0,26
17,87,80,8,1,0,0,0,81
21,90,82,9,1,0,1,0,86
4,42,35,3,0,0,0,0,30
16,69,71,3,0,0,1,0,69
7,48,48,4,0,0,0,0,31
17,83,78,4,1,0,0,0,77
6,40,47,4,0,0,1,0,45
25,100,90,8,1,0,0,0,94
1,39,28,2,0,0,0,0,15
15,92,84,8,1,0,0,0,89
4,58,48,1,1,0,0,0,39
19,77,80,7,1,0,0,0,75
1,17,10,2,0,1,1,0,15
7,53,40,1,1,0,0,0,43
0,5,18,1,0,0,0,0,7
8,40,34,2,1,0,1,0,33
8,42,34,1,0,0,1,0,40
27,99,100,9,1,0,1,0,98
3,37,29,2,0,0,1,0,16
16,81,75,6,0,0,0,0,65
2,14,4,0,0,1,0,0,6
1,32,25,2,0,1,0,0,16
7,65,59,3,0,1,0,1,42
27,95,95,7,1,0,0,0,92
8,30,32,4,1,0,0,0,33
10,77,63,3,1,0,1,0,57
0,0,16,0,0,0,0,1,0
4,53,41,3,0,0,0,0,31
11,62,46,3,1,0,0,1,47
14,78,81,4,1,0,1,0,76
2,12,8,0,0,0,0,1,9
5,24,39,1,0,0,0,0,29
3,49,40,3,0,0,1,0,33
9,53,59,3,1,0,0,0,48
4,30,30,2,0,0,1,0,36
12,70,62,2,1,0,0,0,53
6,69,44,4,1,0,1,0,48
5,53,55,3,1,0,1,0,45
10,50,55,1,1,0,1,0,42
5,55,43,4,0,0,0,0,37
11,66,66,3,1,0,0,0,63
17,82,79,3,0,0,0,0,65
4,15,28,0,0,0,1,0,11
6,34,30,1,0,0,0,1,21
1,16,29,0,0,0,1,0,17
6,56,39,2,0,0,0,0,38
2,1,1,0,0,0,1,0,6
1,39,17,1,0,0,0,0,20
23,98,96,7,1,0,1,0,95
19,83,76,7,1,0,1,0,73
11,65,59,3,0,1,0,1,55
9,49,40,5,0,0,1,0,45
7,68,46,3,0,0,1,0,43
14,73,77,7,1,0,1,0,75
4,38,14,1,1,0,0,1,11
3,29,24,2,0,0,1,0,15
17,70,67,5,0,0,1,0,62
17,82,84,8,1,0,0,0,90
2,22,33,3,0,0,1,0,28
2,38,17,1,0,0,0,0,16
1,10,13,0,1,0,0,0,18
5,59,56,1,1,0,1,0,42
20,89,82,8,0,0,1,0,76
12,71,61,5,1,0,1,0,69
3,20,28,0,0,0,0,0,15
4,21,26,1,0,0,0,0,27
2,49,24,1,0,0,0,0,29
1,14,20,0,1,0,1,0,11
5,21,26,1,0,0,0,0,29
8,65,54,3,1,0,1,0,52
23,96,93,7,1,0,1,0,93
2,31,14,2,0,0,0,0,19
2,16,15,1,0,0,0,0,2
1,25,21,0,0,0,0,1,12
3,31,46,3,0,0,0,0,31
10,56,51,1,1,0,0,0,45
27,96,100,9,0,0,1,0,98
15,81,87,7,1,0,1,0,89
11,49,56,2,0,0,1,0,47
1,29,18,0,0,1,0,0,0
1,29,28,2,0,1,0,0,15
5,40,47,1,1,0,0,1,36
13,87,76,4,0,0,1,0,73
29,97,90,10,0,0,1,0,93
9,64,56,1,0,0,0,0,49
9,43,53,5,1,0,0,0,43
23,89,87,9,1,0,1,0,87
2,29,3,0,0,0,1,0,0
8,54,48,1,1,0,0,0,32
15,80,84,9,1,0,1,0,81
3,24,29,2,0,0,0,0,16
1,32,23,0,0,0,0,1,11
7,33,37,1,0,0,1,0,31
3,37,22,2,0,0,0,0,25
10,60,77,3,1,0,1,0,65
6,38,22,2,0,1,0,0,23
2,16,20,1,0,0,0,1,15
2,12,12,2,0,1,0,1,15
12,79,74,3,1,0,0,0,66
3,23,22,0,0,1,0,0,15
11,60,40,4,1,0,0,0,44
2,29,17,1,1,0,0,0,18
14,71,82,4,1,0,0,0,72
23,84,88,7,0,0,1,0,84
2,23,14,1,1,0,0,0,17
10,83,76,4,1,0,0,0,69
2,8,18,1,0,0,0,1,10
6,30,47,4,1,0,0,1,31
14,86,82,6,0,0,1,0,78
6,43,30,4,0,0,0,1,39
9,64,57,1,0,0,0,0,44
12,77,71,7,1,0,1,0,72
1,20,27,0,0,1,0,0,12
1,32,22,0,0,0,1,0,19
7,53,34,1,1,0,1,0,34
2,12,18,0,0,0,1,0,4
11,57,48,3,0,0,0,0,49
19,92,87,5,0,0,0,0,87
5,45,44,3,0,1,1,0,45
23,94,84,8,1,0,0,0,86
4,36,47,2,0,0,1,0,36
7,47,38,4,0,0,1,0,34
16,87,88,7,1,0,1,0,90
20,90,85,8,0,0,1,0,89
21,100,98,8,0,0,1,0,96
21,86,78,4,0,0,1,0,72
5,41,45,4,0,0,0,0,33
8,54,58,3,0,0,0,0,49
4,35,40,1,0,1,0,0,40
4,28,34,1,0,0,1,0,24
15,83,71,4,1,0,0,0,71
6,49,22,0,0,0,0,1,21
24,93,90,10,1,0,1,0,94
8,50,57,2,0,0,1,0,58
6,30,29,0,1,0,1,0,23
18,77,78,5,1,0,1,0,72
8,39,31,1,0,0,0,0,35
10,63,52,3,1,0,0,0,53
3,12,22,1,1,0,0,0,19
12,89,73,6,0,0,0,0,80
21,86,77,8,1,0,0,0,73
17,84,86,5,1,0,1,0,82
15,94,89,7,0,0,1,0,87
12,55,54,3,1,0,1,0,55
9,51,56,2,0,0,0,0,54
12,87,74,5,1,0,1,0,80
2,25,22,1,0,0,0,1,12
15,81,77,8,0,0,1,0,75
11,49,48,4,1,0,0,1,45
0,11,7,1,1,0,0,0,3
17,80,89,8,0,0,1,0,87
1,7,0,1,0,1,0,0,6
8,59,66,3,1,0,1,0,60
12,79,71,7,1,0,0,0,66
5,37,31,3,1,0,0,1,26
8,69,50,3,0,0,1,0,55
8,45,47,1,0,0,1,0,42
6,62,54,4,0,0,0,0,44
2,28,22,0,0,0,0,1,24
28,91,98,7,1,0,1,0,99
2,26,39,3,0,1,0,0,30
2,38,28,1,0,0,0,0,21
10,57,55,1,1,0,1,0,50
6,47,41,5,0,0,1,0,49
10,65,71,4,1,0,1,0,70
4,13,10,1,0,0,0,0,19
0,9,6,0,0,0,0,1,1
22,90,92,7,1,0,0,0,97
28,92,96,7,0,0,0,0,95
15,86,87,5,0,0,0,0,82
5,47,33,2,1,0,0,0,29
11,56,60,5,0,0,0,0,58
15,80,75,4,0,0,1,0,63
22,82,81,7,1,0,0,0,89
14,81,69,3,0,0,1,0,64
0,21,4,1,0,1,0,1,0
2,15,27,1,0,0,0,0,14
4,36,30,2,1,0,0,0,39
4,16,25,2,0,0,0,1,20
11,56,56,6,0,0,1,0,58
17,80,77,4,1,0,0,0,66
2,14,11,1,0,0,0,1,6
2,30,23,2,0,0,0,0,13
2,26,28,3,0,0,1,0,27
3,39,32,0,0,0,1,0,27
4,40,42,3,0,0,1,0,39
19,82,87,8,1,0,1,0,86
11,61,78,7,1,0,0,0,63
15,72,75,4,1,0,0,0,75
21,87,87,8,1,0,0,0,81
13,78,70,4,0,0,1,0,63
24,95,100,10,1,0,0,0,93
4,35,24,1,0,0,0,0,17
23,82,82,7,0,0,1,0,85
4,21,31,3,0,0,0,0,30
7,34,49,3,0,0,1,0,31
19,86,82,6,0,0,1,0,76
26,95,97,7,0,0,0,1,91
5,45,32,1,1,0,1,0,31
6,50,47,5,1,0,0,0,50
2,1,16,1,0,1,1,0,10
7,45,45,4,1,0,0,0,32
6,34,23,2,1,0,0,0,23
11,54,54,4,0,0,0,0,55
27,90,96,10,1,0,0,0,91
1,10,15,0,0,1,0,0,7
22,91,95,9,1,0,1,0,96
0,2,10,0,1,0,1,0,4
3,31,26,0,1,0,0,1,28
2,15,17,0,0,0,1,0,1
14,51,65,4,0,0,1,0,57
15,81,83,4,1,0,0,0,76
4,29,19,2,0,0,1,0,11
16,80,78,7,0,0,0,1,67
13,70,57,3,1,0,1,0,51
4,35,10,2,0,1,0,0,18
17,88,84,4,1,0,1,0,76
30,93,98,8,1,0,0,0,95
20,79,83,7,0,0,1,0,74
16,85,83,7,1,0,0,0,81
23,94,89,8,1,0,1,0,88
1,21,18,0,0,1,0,1,8
19,71,81,8,0,0,1,0,72
16,73,84,5,0,0,1,0,75
25,100,93,9,1,0,1,0,98
1,17,10,1,0,0,0,0,20
2,9,11,1,0,0,0,1,7
10,76,69,7,0,0,0,0,62
15,91,87,9,0,0,1,0,89
8,69,54,3,0,0,0,0,45
16,70,61,5,0,0,1,0,63
4,40,48,2,0,0,0,0,37
20,85,70,6,0,0,0,0,75
2,25,24,0,0,0,0,1,27
5,58,41,4,1,0,1,0,48
4,25,35,2,0,0,0,0,24
10,70,73,4,0,0,0,0,62
13,70,71,5,1,0,0,0,70
13,63,68,4,1,0,0,0,57
3,47,30,2,1,0,0,1,25
3,31,34,1,0,0,0,1,33
4,35,31,3,0,0,0,0,32
9,60,41,3,0,0,0,0,48
1,27,18,1,0,1,0,0,4
20,77,81,4,1,0,1,0,77
2,25,13,1,0,1,1,0,1
3,25,15,1,0,0,0,0,20
5,46,40,1,0,0,0,0,32
7,57,34,1,0,1,0,1,35
4,36,44,3,1,0,0,0,38
1,11,14,1,0,0,0,0,8
11,77,65,4,0,0,0,0,66
2,26,21,3,1,0,0,1,22
20,86,84,5,1,0,1,0,72
12,82,73,6,0,0,0,0,69
2,13,12,0,0,0,0,0,2
3,21,16,2,1,0,0,0,13
2,26,24,1,0,0,0,1,23
0,12,17,0,0,0,0,1,4
5,45,31,4,0,0,1,0,38
15,87,84,4,0,0,0,0,80
1,31,28,1,0,1,0,1,18
29,97,96,7,1,0,1,0,91
11,75,51,2,1,0,1,0,53
21,97,94,7,1,0,1,0,97
11,55,59,6,1,0,0,0,58
7,51,30,1,0,0,0,1,31
15,94,88,6,1,0,0,0,85
4,47,38,3,0,1,0,0,25
3,13,18,2,1,0,0,0,14
10,65,55,3,0,0,0,0,59
3,41,31,1,1,0,0,0,40
8,32,39,1,0,0,0,0,39
24,91,90,9,0,0,1,0,99
10,81,63,3,0,0,1,0,64
9,60,49,4,0,0,0,0,41
1,6,3,1,0,1,1,0,9
3,32,20,1,1,0,0,1,16
9,56,51,3,0,0,1,0,49
9,61,58,2,0,0,0,0,54
5,34,25,3,0,1,1,0,21
22,85,88,7,0,0,1,0,90
21,85,82,5,0,0,1,0,85
21,71,82,6,0,0,1,0,75
22,97,91,9,1,0,1,0,98
5,28,35,0,0,1,1,0,21
2,16,26,0,0,1,0,0,18
6,60,42,4,1,0,0,0,42
13,55,53,4,0,0,0,0,57
2,41,29,0,0,0,0,0,23
8,58,69,6,1,0,1,0,58
8,51,59,3,1,0,1,0,48
15,86,87,5,1,0,0,0,84
23,97,94,8,0,0,1,0,99
16,82,82,8,0,0,0,0,77
10,61,48,4,0,0,0,0,45
13,55,58,4,0,0,1,0,59
6,42,42,3,1,0,0,0,37
21,90,97,10,1,0,1,0,99
4,31,44,3,0,0,0,0,31
7,34,32,1,0,0,0,0,35
3,23,28,0,0,0,0,0,15
30,90,100,9,1,0,0,0,93
5,30,34,1,0,0,0,0,24
3,31,40,3,1,0,0,0,37
1,36,16,2,1,0,0,0,12
8,78,63,2,0,0,0,0,54
1,8,3,1,0,1,0,1,9
10,52,58,3,0,0,0,0,56
23,93,99,8,0,0,0,0,95
2,30,37,2,0,0,1,0,30
15,69,63,5,0,0,0,0,69
12,82,60,5,0,0,0,0,65
0,13,17,0,0,0,0,1,9
10,47,54,2,1,0,0,0,44
1,20,13,1,0,1,0,0,1
8,63,58,2,1,0,1,0,53
8,44,52,3,1,0,0,0,43
1,20,9,1,0,1,1,0,5
26,95,98,9,0,0,1,0,99
4,31,13,1,0,1,0,0,16
0,11,6,1,0,1,0,0,4
24,92,89,6,1,0,1,0,81
29,96,95,7,1,0,1,0,96
7,67,54,2,0,0,1,0,44
27,94,100,9,1,0,1,0,98
15,90,88,7,0,0,0,0,89
23,100,93,10,1,0,1,0,93
14,73,74,5,0,0,0,0,65
20,96,91,10,0,1,1,0,94
12,62,52,6,1,0,1,0,57
13,74,81,7,1,0,1,0,72
12,64,60,5,0,0,0,1,61
6,37,29,3,0,0,0,0,25
13,84,75,5,1,0,0,0,77
8,46,58,1,0,0,0,0,45
11,62,76,3,0,1,1,0,64
4,32,18,0,0,1,0,0,20
23,94,84,6,1,0,1,0,84
2,19,23,1,0,0,0,0,12
7,67,48,5,0,0,1,0,45
28,91,93,10,1,0,1,0,96
27,98,97,7,1,0,1,0,100
12,81,72,8,1,0,1,0,76
17,74,68,5,0,0,1,0,67
9,41,53,1,0,0,1,0,47
6,38,39,3,0,0,0,0,27
4,34,16,2,0,0,0,1,19
9,41,41,2,1,0,1,0,45
4,28,24,0,1,0,1,0,14
2,17,16,0,0,1,1,0,6
16,84,71,6,1,0,0,0,75
8,54,36,4,0,0,0,1,40
6,21,30,3,0,0,0,0,26
14,80,72,5,1,0,1,0,66
8,70,62,3,0,0,1,0,60
2,23,6,0,0,1,0,0,1
24,93,87,6,1,0,0,0,85
2,2,5,0,0,0,0,1,1
14,86,80,7,1,0,1,0,73
6,54,42,2,0,0,1,0,43
4,35,37,3,1,0,0,1,30
0,14,11,0,0,0,0,1,8
6,69,55,2,1,0,1,0,44
27,98,96,10,1,0,0,0,97
4,25,27,2,0,0,0,1,27
23,86,81,7,0,0,1,0,85
8,73,66,6,0,0,1,0,53
11,59,64,4,1,0,0,0,52
21,70,73,7,1,0,1,0,74
5,44,44,2,0,0,0,1,40
14,73,57,6,0,0,1,0,52
3,36,45,1,0,0,0,0,34
20,72,82,4,1,0,0,0,77
2,16,14,0,0,1,0,1,6
5,53,41,2,0,0,1,0,33
6,38,39,2,1,0,1,0,21
7,39,43,4,0,0,0,0,37
25,92,90,8,1,0,1,0,100
7,45,50,5,0,0,1,0,42
13,77,77,7,1,0,1,0,62
1,0,18,1,0,0,0,0,1
3,27,20,2,0,0,1,0,13
28,92,94,9,1,0,0,0,94
13,83,68,7,0,0,1,0,63
13,61,59,6,0,0,1,0,60
29,95,92,9,1,0,1,0,93
8,75,61,4,0,0,1,0,56
8,43,58,5,1,0,1,0,43
0,11,16,1,0,0,1,0,9
0,25,15,0,1,0,0,1,5
26,95,90,8,0,0,0,0,92
8,50,53,2,0,0,0,0,49
21,99,95,10,1,0,1,0,98
8,52,37,3,1,0,0,0,34
3,23,15,1,0,0,0,1,16
3,33,28,1,0,0,0,0,24
2,29,7,0,1,0,0,0,3
2,18,18,2,0,0,0,0,19
26,99,95,8,0,0,0,1,95
7,56,52,1,0,1,1,0,47
20,93,98,10,1,0,1,0,93
1,33,28,0,1,0,1,0,13
5,33,41,1,0,0,0,0,36
8,50,31,3,1,0,1,0,34
6,58,49,5,0,0,0,0,49
6,34,34,3,0,0,0,0,31
16,71,77,4,0,0,1,0,75
4,15,19,2,1,0,0,0,12
4,21,16,1,0,1,0,0,19
2,13,29,1,1,0,0,0,12
28,95,98,7,1,0,0,0,99
7,41,47,4,0,0,0,0,40
20,86,71,6,1,0,0,0,72
9,58,60,6,1,0,1,0,54
1,27,13,1,0,0,0,1,9
1,24,15,0,0,0,0,0,6
5,50,45,1,1,0,1,0,42
2,30,10,0,0,1,0,0,18
3,29,23,2,0,0,0,0,21
12,57,59,5,1,0,1,0,55
23,92,100,10,1,0,1,0,94
11,49,54,2,1,0,1,0,46
17,79,67,7,1,0,0,0,67
12,88,75,5,1,0,1,0,73
0,18,0,0,0,1,0,0,9
21,90,96,8,1,0,1,0,99
3,33,18,0,0,0,0,0,19
2,24,24,3,0,0,0,1,22
6,22,31,0,0,0,0,0,28
13,60,58,4,0,0,1,0,51
1,10,11,1,0,0,0,0,0
10,47,55,5,1,0,0,1,47
0,0,8,1,0,0,0,1,0
13,75,52,2,0,0,0,0,59
6,40,56,5,0,0,0,0,46
4,35,32,3,0,0,0,1,26
2,33,36,1,0,0,0,0,21
18,91,87,5,1,0,1,0,83
4,37,23,1,0,0,0,0,14
15,63,79,4,0,0,0,0,64
4,42,41,2,0,0,0,0,36
2,20,4,0,0,1,0,1,9
4,48,39,2,0,1,0,1,22
27,97,91,10,1,0,1,0,98
4,26,13,1,1,0,0,1,19
27,90,93,9,1,0,1,0,96
20,87,72,5,1,0,0,0,75
3,18,25,2,0,0,0,0,19
4,48,35,1,0,0,0,0,23
27,90,97,9,1,0,0,0,93
8,75,55,2,0,0,0,0,60
20,92,99,8,1,0,0,0,96
6,32,32,0,0,0,0,1,23
6,62,40,1,1,0,0,0,42
6,22,20,2,1,0,0,0,28
1,18,16,2,1,0,0,1,13
13,62,59,5,0,0,1,0,52
23,83,84,8,1,0,1,0,83
20,87,81,6,0,0,0,1,77
2,22,28,2,0,1,0,1,14
1,23,21,2,0,0,0,1,16
6,34,41,2,0,0,1,0,35
2,21,3,1,0,0,0,1,4
11,63,57,3,0,0,0,0,41
5,58,48,1,1,0,1,0,49
6,64,56,3,0,0,0,0,45
5,59,34,4,1,0,0,1,39
17,89,88,5,1,0,0,0,88
15,87,82,5,1,0,0,0,83
5,64,50,5,0,0,0,1,50
15,62,60,6,1,0,1,0,62
3,34,39,0,1,0,1,0,26
19,79,78,6,1,0,0,0,73
1,17,6,0,0,0,0,1,4
5,21,23,3,0,1,0,0,22
23,84,85,7,1,0,0,0,84
8,45,47,5,1,0,1,0,48
14,74,54,2,0,0,1,0,53
2,6,19,1,1,0,0,1,1
17,79,69,3,0,0,0,0,65
23,99,97,10,1,0,1,0,98
4,45,21,1,0,1,0,0,26
4,22,11,1,0,1,0,0,18
28,98,98,10,0,0,1,0,91
10,70,54,4,1,0,1,0,53
27,98,93,7,1,0,1,0,98
23,90,85,7,1,0,1,0,90
20,90,90,7,1,0,0,0,93
3,39,17,2,0,0,0,0,18
6,34,35,1,0,0,1,0,33
1,11,10,1,0,0,0,1,10
14,83,84,4,0,0,1,0,72
3,28,20,1,1,0,0,0,25
20,88,82,4,1,0,1,0,72
5,60,40,5,0,0,0,0,41
19,81,72,6,1,0,1,0,71
6,36,24,1,0,0,0,1,26
2,27,11,1,0,0,0,1,6
1,18,0,1,1,0,1,0,2
17,80,71,4,1,0,1,0,79
28,100,94,9,1,0,1,0,98
7,60,50,2,0,0,1,0,47
4,21,22,2,0,0,0,0,26
7,53,47,2,0,0,0,0,40
2,21,28,1,0,0,0,1,12
8,61,44,5,0,0,1,0,49
17,91,82,5,1,0,1,0,83
1,0,0,0,0,1,1,0,5
4,23,28,3,0,0,0,0,23
1,25,10,0,0,0,0,1,2
16,94,87,5,0,0,0,0,83
26,100,94,7,1,0,1,0,92
1,33,16,2,0,0,0,0,12
6,32,25,3,0,1,1,0,27
25,92,96,7,0,0,1,0,100
28,91,93,7,1,0,0,0,94
2,39,27,1,0,1,0,0,29
16,71,79,6,1,0,1,0,64
12,75,79,4,1,0,1,0,78
4,10,24,0,0,0,1,0,19
4,42,48,2,0,0,0,0,36
6,60,52,3,1,0,0,0,42
2,23,11,0,0,1,0,1,16
6,58,45,4,0,0,1,0,32
12,71,63,6,1,0,0,0,67
30,98,95,8,1,0,1,0,98
14,76,83,5,1,0,1,0,73
14,64,64,6,1,0,1,0,64
20,98,93,10,1,0,0,0,97
11,68,68,6,1,0,0,0,63
27,98,91,8,1,0,0,0,94
11,76,60,6,0,0,0,0,51
5,63,47,1,0,0,1,0,41
28,97,95,8,1,0,1,0,91
5,26,31,3,0,0,1,0,22
20,90,97,8,1,0,1,0,99
4,23,16,0,0,1,0,0,20
2,10,14,2,0,0,0,1,14
4,49,32,2,0,1,0,0,30
3,24,27,1,0,0,1,0,16
14,72,50,3,0,0,0,0,56
15,70,72,3,1,0,1,0,64
18,84,86,5,1,0,0,0,85
15,73,78,5,1,0,0,0,69
0,16,14,0,0,0,0,0,1
22,91,96,7,1,0,1,0,94
22,86,85,7,1,0,1,0,89
10,84,77,7,0,0,0,0,65
18,86,82,9,1,0,0,0,87
5,33,46,1,0,0,0,0,31
22,97,94,9,0,0,1,0,95
7,32,49,3,0,0,0,1,38
19,81,82,9,1,0,1,0,87
1,16,16,2,0,1,1,0,14
0,17,15,1,0,0,0,1,1
30,95,97,8,1,0,0,0,95
14,50,54,6,0,0,1,0,54
25,90,96,7,1,0,1,0,97
18,81,80,9,0,0,1,0,89
21,89,85,8,1,0,1,0,82
0,3,15,0,0,0,0,0,2
8,31,48,4,0,0,1,0,33
5,47,30,1,0,0,0,1,29
7,36,49,2,0,0,0,0,32
1,6,1,1,0,0,0,0,6
2,6,8,1,0,1,0,1,4
16,82,81,7,0,0,1,0,82
22,82,81,9,0,0,0,0,90
3,25,29,3,0,0,0,1,30
23,82,83,9,0,0,0,0,87
14,56,65,5,0,0,1,0,56
2,3,4,1,0,0,1,0,0
14,83,68,4,0,0,0,0,65
7,35,41,3,1,0,0,0,32
26,98,93,9,0,0,1,0,93
6,51,37,2,1,0,0,0,40
11,43,55,4,1,0,1,0,43
24,80,85,6,1,0,1,0,83
9,75,63,4,0,0,1,0,54
6,42,40,2,0,0,1,0,31
23,100,90,9,0,0,1,0,96
19,71,82,8,1,0,1,0,80
2,18,12,1,1,0,0,1,16
11,52,62,3,1,0,1,0,58
0,23,11,1,1,0,1,0,1
18,94,81,5,0,0,0,0,84
12,68,62,6,1,0,0,0,63
4,34,20,1,1,0,0,0,16
12,61,53,2,1,0,1,0,54
8,43,33,4,1,0,1,0,37
14,82,63,3,0,0,0,0,67
6,68,44,5,0,0,0,0,47
2,26,36,3,0,0,0,0,30
12,61,77,3,0,0,0,1,62
10,61,42,4,0,0,0,0,41
12,76,77,6,0,0,1,0,64
7,64,55,4,1,0,1,0,49
2,11,11,1,0,0,1,0,20
1,27,19,0,1,0,0,1,10
22,82,82,7,1,0,1,0,83
2,26,14,1,1,0,1,0,17
1,10,28,1,0,1,0,0,20
3,25,39,2,0,1,0,1,29
1,2,0,1,0,0,0,0,0
1,8,12,0,0,1,0,1,3
4,56,31,2,1,0,0,0,33
10,71,79,3,0,0,1,0,68
6,31,34,3,1,0,1,0,39
19,89,83,8,1,0,0,0,87
6,69,57,4,0,1,0,0,48
21,92,80,8,1,0,1,0,81
4,30,14,2,0,1,0,0,15
1,13,29,2,0,0,0,0,13
0,9,17,0,0,1,0,0,5
22,92,95,7,0,0,0,0,96
6,49,58,3,0,0,1,0,45
1,0,14,0,0,1,1,0,5
11,65,68,4,0,0,1,0,59
20,99,94,10,1,0,0,0,95
24,98,92,7,1,0,1,0,99
3,31,21,1,0,1,0,0,16
6,26,39,3,0,0,1,0,25
26,97,98,9,0,0,1,0,93
6,51,37,2,1,0,0,1,33
16,80,64,6,0,0,0,0,64
14,77,71,6,1,0,1,0,75
22,93,91,8,1,0,0,0,100
10,66,63,4,0,1,1,0,67
21,93,83,8,0,0,0,0,81
5,51,49,2,0,1,0,0,37
3,48,32,3,0,1,1,0,26
6,58,53,4,0,0,1,0,48
21,81,76,5,0,0,1,0,79
21,91,83,9,1,0,1,0,83
23,92,83,6,1,0,1,0,81
20,97,92,9,1,0,0,0,100
16,72,78,5,1,0,1,0,68
4,41,36,1,1,0,1,0,26
13,72,64,6,0,0,1,0,65
4,33,43,3,0,0,1,0,35
10,58,54,5,0,1,1,0,45
12,61,62,6,0,0,1,0,55
3,51,38,2,1,0,1,0,38
2,16,9,0,0,0,0,1,7
6,65,50,1,0,0,0,0,49
17,69,67,5,1,0,0,0,67
2,11,13,2,0,0,0,0,20
1,22,3,1,0,1,0,0,8
2,32,13,0,0,0,0,0,18
1,1,11,1,0,0,0,0,0
13,76,57,4,0,0,1,0,57
6,53,50,2,0,0,0,0,46
18,93,88,8,0,0,1,0,85
4,59,32,1,1,0,0,0,40
3,46,37,3,0,0,1,0,29
12,65,72,6,0,1,0,0,64
20,78,74,6,0,0,1,0,74
2,3,7,0,0,0,1,0,7
13,83,70,3,0,0,1,0,65
21,97,92,8,0,0,0,0,91
3,37,28,1,0,0,1,0,13
12,74,70,7,0,0,1,0,66
2,25,26,0,1,0,0,0,19
28,94,98,9,1,0,1,0,91
1,9,6,0,0,1,0,0,8
6,50,46,1,1,0,1,0,36
18,89,82,7,1,0,1,0,89
2,25,10,0,1,0,1,0,16
4,37,24,1,1,0,0,0,15
17,77,65,4,1,0,1,0,62
2,15,16,1,0,0,1,0,11
8,58,33,3,0,0,0,0,33
13,66,61,3,0,0,0,1,66
0,8,4,0,0,1,0,1,2
18,87,89,7,1,0,0,0,82
1,20,8,0,0,0,0,0,3
24,90,100,9,0,0,1,0,94
18,88,81,5,1,0,0,0,76
7,49,52,2,1,0,1,0,49
14,81,72,5,0,0,0,0,75
3,21,20,2,0,0,0,1,12
14,83,77,3,0,0,0,0,69
8,67,53,3,1,0,0,0,44
2,6,7,1,1,0,0,0,0
22,94,81,8,1,0,1,0,90
18,82,78,6,0,0,0,0,80
3,20,22,0,0,0,1,0,23
25,99,94,7,0,1,1,0,97
15,81,84,8,1,0,1,0,83
0,12,19,0,0,1,0,0,1
1,28,9,1,0,0,0,1,0
7,44,49,2,0,0,0,0,31
0,12,14,1,0,1,0,0,9
6,32,25,2,0,0,0,1,22
21,97,96,8,0,0,1,0,91
6,48,33,0,0,0,0,0,29
11,76,61,4,0,0,0,1,59
10,67,64,2,1,0,0,0,51
4,24,35,0,0,0,1,0,26
15,78,62,5,0,0,1,0,62
17,83,84,5,0,0,0,0,84
0,21,16,1,0,0,0,0,8
24,83,86,8,1,0,1,0,85
1,18,26,2,0,0,0,0,20
3,34,24,0,0,0,0,1,16
0,18,13,0,0,0,1,0,4
5,41,33,4,0,1,0,0,35
7,40,43,1,0,0,0,0,46
3,31,14,0,0,0,1,0,13
9,68,60,2,1,0,0,0,57
3,21,14,2,0,1,1,0,16
1,29,16,1,0,0,1,0,14
8,53,36,3,1,0,0,0,38
11,70,53,3,0,0,0,0,56
28,99,92,10,1,0,0,0,96
1,27,6,1,0,0,0,0,8
2,26,13,1,0,0,1,0,20
5,52,32,3,1,0,1,0,35
15,83,75,6,1,0,0,1,73
12,76,73,7,1,0,1,0,74
11,69,46,4,0,0,0,0,46
22,97,91,9,1,0,1,0,98
9,54,60,2,1,0,0,0,57
4,35,29,0,0,0,0,0,20
6,39,42,4,0,0,1,0,39
16,72,78,3,1,0,0,0,70
6,42,39,3,0,0,1,0,24
17,86,82,7,1,0,0,0,82
22,94,96,8,1,0,0,0,97
11,68,78,6,0,1,0,0,64
6,50,48,4,0,0,1,0,49
8,50,58,4,0,0,0,0,58
10,67,44,2,0,0,0,0,50
6,41,48,1,0,0,0,0,46
14,78,71,6,0,0,0,0,73
9,50,53,2,1,0,0,1,60
5,34,38,1,0,0,0,0,38
3,25,14,1,1,0,0,0,20
15,71,68,6,0,0,0,0,68
14,79,70,6,0,0,1,0,66
16,82,71,5,1,0,1,0,80
5,25,27,2,0,0,0,1,29
11,62,56,5,1,0,0,0,42
15,71,71,7,0,0,0,0,65
27,95,98,7,1,0,0,0,92
1,21,26,1,0,0,1,0,12
13,76,61,6,0,0,0,1,60
2,28,37,1,0,0,0,1,26
4,33,11,2,0,1,0,0,16
22,91,98,9,1,0,1,0,93
1,25,14,0,0,0,0,1,9
0,26,4,1,0,1,0,0,8
9,66,45,4,0,0,1,0,49
0,19,4,0,0,0,0,1,7
9,50,69,4,1,0,0,0,57
10,63,63,4,0,0,1,0,67
3,48,31,3,0,0,0,0,23
17,69,76,6,0,0,0,0,69
14,56,54,6,0,0,1,0,51
5,26,38,3,1,0,0,0,22
6,69,52,4,0,0,0,0,50
26,98,99,7,1,0,1,0,96
16,86,70,5,0,0,1,0,75
21,94,98,10,0,1,0,0,95
5,50,40,2,0,1,1,0,47
16,80,66,4,0,0,0,0,70
18,92,81,8,0,1,1,0,82
14,75,55,2,1,0,1,0,53
30,90,96,9,1,0,1,0,97
16,81,88,6,0,0,1,0,90
15,93,82,6,1,0,1,0,85
7,68,50,2,0,0,1,0,46
23,85,83,9,0,0,0,0,83
11,46,42,4,1,0,1,0,50
2,12,6,0,1,0,0,0,8
4,19,22,2,0,0,0,0,12
6,36,27,3,0,0,0,0,28
20,99,91,7,1,0,1,0,95
8,38,41,1,1,0,0,0,39
8,36,47,3,0,0,0,1,34
4,18,22,1,0,0,0,0,12
0,13,6,0,0,1,0,0,1
6,34,23,0,0,0,0,1,26
4,46,36,2,1,0,1,0,36
16,75,67,3,0,0,1,0,65
7,52,44,4,0,0,0,1,45
2,40,23,1,0,0,1,0,26
16,78,72,5,1,0,1,0,75
26,90,92,10,1,0,0,0,91
10,52,50,5,0,0,0,1,43
1,22,3,0,0,0,0,0,4
11,64,73,6,0,0,1,0,64
13,58,67,6,0,0,0,0,52
15,88,74,7,0,0,0,0,71
0,9,1,0,0,0,0,0,0
15,60,64,5,1,0,0,0,63
12,65,61,3,0,0,1,0,58
10,67,68,2,0,0,1,0,56
8,52,61,2,1,0,0,0,51
30,90,94,9,1,0,0,0,100
19,80,82,5,0,0,1,0,80
2,25,23,1,0,0,0,1,25
3,59,41,3,1,0,1,0,33
0,28,4,0,0,1,0,1,4
21,90,93,8,1,0,1,0,92
21,98,91,8,0,0,0,0,95
13,85,80,5,1,0,0,0,76
26,100,100,7,0,0,0,1,97
12,71,78,5,1,0,1,0,65
29,91,99,7,1,0,1,0,95
2,21,10,0,0,1,0,1,19
23,100,91,7,1,0,0,0,96
0,15,4,1,0,0,0,0,2
1,22,18,1,0,1,0,0,0
9,58,58,4,0,0,0,0,46
22,83,87,9,0,0,1,0,87
16,82,81,9,0,0,0,0,90
3,49,34,3,0,0,0,0,23
1,23,27,0,0,0,0,0,14
4,39,32,1,0,0,0,0,28
24,95,93,10,1,0,0,0,93
12,77,57,2,1,0,0,0,58
15,72,73,4,0,0,1,0,68
20,89,83,7,1,0,1,0,79
9,45,49,4,0,0,0,0,44
20,81,76,7,1,0,1,0,74
5,50,35,1,1,0,1,0,35
11,77,60,3,1,0,0,0,66
6,42,23,3,0,1,0,1,21
4,26,25,3,0,0,0,1,22
3,53,30,4,0,1,0,0,38
14,70,54,2,0,0,1,0,59
0,28,5,1,0,0,0,0,5
14,60,60,6,0,1,0,0,63
12,77,73,3,0,0,0,0,67
17,76,83,7,0,0,0,0,72
2,27,21,1,0,1,0,1,14
15,80,89,8,1,0,0,0,84
6,55,31,3,0,0,0,1,33
6,63,48,1,0,0,1,0,45
20,82,71,7,1,0,1,0,79
17,69,75,3,1,0,1,0,66
13,57,64,3,1,0,1,0,57
23,86,86,6,0,0,0,0,90
15,85,76,6,0,0,0,0,72
6,45,44,2,1,0,1,0,49
8,49,40,2,0,0,0,0,44
6,46,50,1,0,0,1,0,44
5,37,32,1,0,0,0,0,27
15,72,76,5,1,0,0,0,73
13,73,58,6,0,0,0,0,54
1,7,17,0,0,0,1,0,9
7,43,44,2,1,0,1,0,45
7,49,41,3,1,0,0,1,46
3,36,39,2,0,0,0,0,24
2,27,3,1,0,0,1,0,3
4,35,15,0,0,0,0,0,17
2,21,13,0,0,0,1,0,15
20,95,93,7,0,0,1,0,100
23,98,95,10,1,0,1,0,97
0,10,2,1,0,0,0,1,8
1,29,13,0,0,0,1,0,9
15,81,78,5,1,0,0,1,71
6,49,35,3,0,0,0,1,29
21,83,75,8,1,0,1,0,76
3,23,32,0,0,0,0,0,28
6,37,37,0,0,0,0,0,22
2,22,27,2,0,0,1,0,30
20,92,87,6,0,0,1,0,83
27,96,96,7,1,0,1,0,94
10,69,75,7,0,0,0,0,69
8,42,42,4,0,0,0,0,34
6,61,49,4,1,0,0,0,46
2,22,26,2,0,0,0,0,21
1,26,25,2,0,0,0,0,13
10,62,46,1,0,0,1,0,46
0,14,11,0,0,0,0,0,9
1,29,14,0,0,1,0,0,18
10,53,43,2,0,0,0,1,46
28,100,92,7,1,0,0,0,91
14,65,53,6,0,0,1,0,58
2,10,18,0,0,0,1,0,9
27,98,92,10,1,0,0,0,91
3,51,45,2,0,1,0,0,32
12,64,60,3,0,1,0,0,67
20,90,88,7,1,0,0,0,83
16,60,75,6,1,0,1,0,70
5,65,44,2,1,0,0,0,49
17,74,70,7,0,0,0,1,68
19,90,80,7,0,0,1,0,85
2,21,8,0,0,0,0,0,5
16,83,70,6,0,0,0,1,64
0,23,16,0,0,0,0,1,5
2,15,1,1,0,1,0,0,5
5,42,23,1,0,0,1,0,26
0,16,15,1,0,1,0,0,6
3,29,20,1,0,0,0,0,16
21,77,71,4,1,0,0,0,78
16,64,65,3,0,0,0,0,70
5,53,54,1,0,0,0,0,44
10,74,62,3,0,0,1,0,51
12,60,76,7,1,0,0,0,62
2,21,10,1,0,0,0,0,20
3,43,24,1,1,0,0,0,29
11,78,62,5,1,0,0,0,60
28,100,100,8,0,0,1,0,92
4,14,24,1,0,0,0,0,13
13,80,76,6,1,0,1,0,70
15,62,79,7,1,0,1,0,67
2,17,22,2,0,0,0,0,11
2,45,37,1,0,0,1,0,23
5,43,44,2,0,0,0,0,38
21,80,81,7,0,0,0,0,90
4,32,10,1,0,0,0,1,19
7,64,56,3,0,0,0,0,49
23,100,92,10,0,0,0,0,100
24,82,84,7,1,0,1,0,88
15,84,72,8,1,0,1,0,71
5,42,46,3,0,1,0,1,47
25,93,100,10,1,0,0,0,100
16,63,64,5,0,0,1,0,64
8,45,45,4,0,0,0,0,32
2,28,3,0,0,0,1,0,4
18,70,70,5,0,0,1,0,79
2,36,29,1,1,0,0,1,20
19,85,84,7,1,0,1,0,78
8,61,51,5,0,1,0,0,53
0,17,10,1,0,0,0,1,3
6,50,46,1,0,1,0,0,44
0,17,0,1,0,0,1,0,8
13,55,68,3,0,0,1,0,57
12,71,72,5,0,0,0,1,62
1,27,11,0,0,1,0,0,7
5,33,31,4,1,0,0,1,40
5,29,25,3,0,0,0,0,30
20,95,100,8,1,0,1,0,94
2,1,5,0,0,1,0,0,3
4,57,43,1,0,1,0,1,35
11,56,54,4,0,0,0,0,53
24,81,83,7,0,0,0,0,87
8,62,50,5,1,0,0,0,42
6,39,25,0,0,0,1,0,23
8,51,35,3,1,0,0,0,40
1,18,10,1,0,0,1,0,15
0,12,0,1,0,1,1,0,0
19,94,89,8,1,0,0,0,83
10,61,42,2,0,0,1,0,48
7,47,46,2,1,0,1,0,37
6,59,51,2,0,0,1,0,44
9,66,48,5,0,0,0,0,49
10,64,53,3,0,0,0,0,46
11,73,52,4,0,0,1,0,51
21,86,77,5,0,0,1,0,71
3,32,46,2,0,0,0,0,38
18,90,88,8,0,0,1,0,81
4,53,37,4,0,0,1,0,33
22,90,88,9,0,0,1,0,88
2,11,13,1,0,1,1,0,5
6,40,49,3,0,1,0,0,32
2,12,9,0,0,0,1,0,7
21,91,92,8,1,0,1,0,98
11,63,76,3,0,0,1,0,65
21,81,87,5,1,0,0,0,86
6,26,29,1,0,0,0,0,29
8,73,68,4,0,0,1,0,56
12,66,63,3,1,0,1,0,66
29,96,98,8,1,0,0,0,96
15,83,77,4,1,0,1,0,80
8,45,40,4,1,0,0,0,46
14,66,69,2,0,0,0,0,55
10,59,44,2,0,0,0,1,41
20,78,74,8,0,0,0,0,75
8,57,43,4,0,0,0,0,37
1,27,20,2,0,0,1,0,11
20,87,83,5,1,0,0,0,84
5,34,36,2,0,0,1,0,23
7,58,42,4,0,0,0,0,48
3,21,15,1,0,0,0,0,19
10,51,57,3,1,0,1,0,52
14,75,77,3,1,0,0,0,64
0,18,11,0,0,0,0,0,8
4,21,33,1,1,0,0,0,29
12,79,58,5,0,0,0,1,57
2,24,0,0,0,1,0,0,5
11,54,47,4,1,0,0,0,44
20,86,81,6,1,0,1,0,82
19,93,86,8,0,0,0,0,82
20,88,85,9,1,0,1,0,81
20,74,75,8,0,0,1,0,79
4,30,18,0,0,0,0,0,17
2,16,11,1,0,0,1,0,6
2,28,17,0,0,0,0,1,4
5,48,38,2,0,0,0,0,34
2,17,18,1,0,1,1,0,6
2,45,36,3,0,0,0,0,30
14,58,57,5,0,0,1,0,59
10,66,40,5,0,0,0,0,42
3,17,19,1,0,0,1,0,13
2,23,21,2,1,0,1,0,22
3,28,23,2,0,1,0,0,12
4,29,25,2,0,1,1,0,26
12,63,74,4,0,0,1,0,69
11,56,63,6,0,0,0,0,53
2,34,23,0,0,0,0,1,18
18,94,87,5,1,0,0,0,84
17,68,67,6,0,0,1,0,61
23,87,83,5,1,0,1,0,81
11,77,71,7,0,0,0,0,61
22,97,91,9,1,0,0,0,95
15,80,82,8,1,0,1,0,89
17,77,84,8,0,0,0,0,77
4,28,26,2,0,0,0,1,11
3,51,36,1,0,1,0,1,33
28,97,96,9,0,0,1,0,93
5,49,20,0,0,0,0,0,30
5,29,20,0,0,0,0,0,30
14,82,77,4,0,0,1,0,70
8,67,51,1,1,0,0,0,44
22,91,94,7,1,0,1,0,99
4,59,37,1,0,0,0,0,32
1,22,7,1,0,0,0,1,2
13,70,69,3,1,0,0,0,65
12,73,54,5,0,0,1,0,51
14,78,80,7,0,0,0,0,74
25,95,92,9,1,0,1,0,99
7,51,30,2,0,0,1,0,34
1,14,17,0,1,0,0,1,8
2,39,21,0,0,1,0,0,30
26,95,98,9,0,0,1,0,92
17,79,81,6,0,1,0,0,78
19,72,78,7,0,0,1,0,77
27,98,100,7,1,0,1,0,91
5,40,26,2,0,0,0,0,26
9,64,54,2,0,0,1,0,43
17,64,79,3,1,0,0,0,65
5,46,47,2,0,0,0,1,38
13,73,65,7,0,0,1,0,66
2,28,12,1,0,0,0,0,0
5,60,56,2,1,0,1,0,49
1,0,12,1,0,0,0,0,9
2,3,0,0,0,0,0,0,4
26,95,97,8,1,0,1,0,96
1,13,24,0,0,0,0,0,13
12,67,56,2,1,0,1,0,58
30,99,94,8,0,0,1,0,95
19,70,76,4,1,0,0,0,75
5,45,49,3,0,0,1,0,39
10,76,77,6,0,0,0,0,70
11,49,47,2,0,0,0,0,46
2,29,16,2,0,0,0,1,20
4,18,23,0,1,0,0,0,13
19,86,81,9,0,0,1,0,83
26,93,98,7,1,0,1,0,98
17,94,81,5,0,0,0,0,86
8,60,52,2,1,0,1,0,58
14,78,70,6,0,0,1,0,63
4,40,42,4,0,0,0,0,34
1,15,7,0,0,0,0,1,1
10,73,60,2,1,0,1,0,56
3,32,37,0,0,1,0,1,26
3,50,45,2,1,0,0,0,34
16,73,77,5,0,0,0,0,64
16,93,83,9,0,0,0,0,86
1,23,12,2,0,0,0,1,18
4,13,12,2,0,0,0,1,18
2,44,29,2,1,0,1,0,22
2,17,6,0,0,0,0,1,6
15,89,89,5,1,0,1,0,85
6,45,46,5,1,0,1,0,46
3,42,47,3,0,1,0,0,31
1,2,1,0,0,1,0,1,4
30,97,100,10,1,0,1,0,96
0,1,15,0,0,1,0,1,8
6,30,45,2,1,0,1,0,38
13,83,78,5,0,0,1,0,66
4,35,22,0,0,0,1,0,28
22,81,82,5,1,0,1,0,86
13,86,76,6,1,0,1,0,73
1,12,17,2,1,0,0,0,18
10,59,51,2,1,0,0,1,47
5,40,20,2,1,0,0,0,26
13,74,79,5,1,0,1,0,72
14,66,58,3,0,0,0,0,59
8,55,40,2,0,0,0,0,31
2,9,12,1,0,0,0,0,3
4,39,13,1,1,0,0,0,11
12,54,59,6,0,1,0,1,56
4,43,28,2,0,1,0,0,26
14,68,67,5,0,0,1,0,66
27,99,97,8,0,0,1,0,95
9,57,48,3,0,1,0,0,42
1,14,12,1,0,1,0,1,9
2,48,34,0,0,0,0,1,25
16,69,63,3,0,0,0,0,67
7,41,45,1,0,1,0,0,48
18,92,82,7,1,0,1,0,87
2,10,16,0,0,0,0,0,0
17,79,65,4,0,1,1,0,70
19,73,72,5,0,0,1,0,78
3,31,17,0,0,0,0,0,18
5,42,28,1,0,0,0,1,29
9,56,58,5,0,1,0,1,53
22,84,89,8,0,0,0,0,81
14,64,76,4,1,0,1,0,61
2,39,27,3,1,0,0,1,24
3,24,29,2,0,0,0,1,11
11,83,61,7,0,0,0,0,62
11,44,54,2,0,0,0,0,47
23,89,81,5,1,0,1,0,82
3,23,34,1,0,0,1,0,25
8,54,45,3,0,0,1,0,48
20,84,81,8,1,0,0,1,71
16,60,63,4,0,0,1,0,63
18,76,81,7,0,1,1,0,80
19,72,72,4,0,0,1,0,73
11,81,63,5,0,0,0,0,64
14,73,77,6,1,0,0,0,65
1,37,18,1,0,0,0,0,12
29,90,91,7,0,0,1,0,92
16,76,78,6,0,0,0,0,64
14,72,54,3,1,0,1,0,57
8,42,40,3,0,0,1,0,47
10,71,67,2,0,0,1,0,52
2,20,19,2,1,0,1,0,11
14,80,73,4,1,0,1,0,78
4,14,23,1,0,1,0,0,17
23,99,99,7,1,0,1,0,96
2,22,18,0,0,1,0,1,0
25,99,92,10,1,0,0,0,92
18,93,88,5,0,0,1,0,85
15,89,72,8,1,0,1,0,78
4,31,47,4,0,0,0,0,31
15,82,86,6,1,0,1,0,83
8,64,44,2,1,0,0,0,48
14,57,68,2,0,0,0,0,59
4,35,33,1,0,1,1,0,29
21,94,99,9,1,0,1,0,97
2,24,14,2,0,0,0,1,18
5,25,32,0,0,1,1,0,24
11,57,69,2,0,0,0,0,52
1,26,17,0,0,0,0,1,1
7,46,31,2,0,0,1,0,33
14,61,54,4,0,0,0,0,52
16,89,84,4,0,0,0,0,71
8,58,50,2,0,0,0,0,53
11,70,68,4,0,0,1,0,64
6,48,26,0,0,0,0,0,22
10,66,50,4,0,0,1,0,53
0,21,14,1,0,1,1,0,4
10,79,67,6,0,0,0,0,57
14,63,50,3,1,0,0,0,53
10,72,64,6,0,0,0,1,66
18,85,82,6,0,0,0,0,74
24,87,80,6,1,0,1,0,90
13,80,78,4,1,0,1,0,70
12,82,70,4,1,0,0,0,71
3,28,23,2,0,0,0,1,27
12,78,61,7,1,0,0,0,65
2,9,9,0,0,0,0,1,6
8,69,69,3,0,0,0,0,54
1,18,20,2,0,1,0,1,18
9,59,61,4,0,0,1,0,58
12,84,80,4,0,0,0,0,74
14,79,67,6,0,0,1,0,58
8,74,62,2,0,0,1,0,51
2,37,21,3,0,0,0,0,28
10,66,77,7,0,0,1,0,66
16,70,76,7,0,0,1,0,67
27,98,100,10,0,0,0,0,91
30,95,100,10,1,0,0,0,96
0,11,15,1,0,0,0,1,1
2,13,13,0,1,0,0,1,19
17,81,60,7,0,0,1,0,65
21,79,83,5,1,0,1,0,71
19,80,83,4,1,0,1,0,80
6,54,44,1,0,1,0,1,34
18,92,85,9,1,0,1,0,84
21,97,100,8,0,0,0,0,92
5,45,52,1,0,0,0,0,48
4,37,46,3,0,0,1,0,31
12,77,54,2,0,0,0,0,52
0,17,15,0,0,1,0,0,10
11,45,42,1,0,0,0,1,46
12,80,81,8,0,0,1,0,72
20,73,79,8,0,0,1,0,80
8,56,68,3,1,0,1,0,53
13,76,68,6,0,0,0,0,67
20,92,100,10,0,0,1,0,96
4,43,20,1,0,1,1,0,27
1,12,7,1,0,0,0,1,8
7,52,34,3,0,0,0,1,34
4,46,31,3,0,0,0,0,39
2,38,20,1,0,1,1,0,16
16,79,71,3,0,0,0,0,67
1,23,16,1,0,1,1,0,8
12,75,79,7,1,0,1,0,79
15,73,75,4,1,0,0,0,67
12,61,60,7,0,0,1,0,61
11,79,52,6,0,0,0,0,54
10,65,50,2,1,0,0,0,41
8,49,53,2,0,0,1,0,46
4,56,41,2,1,0,1,0,32
4,37,24,1,0,0,0,0,20
24,85,81,8,1,0,1,0,89
5,26,29,2,1,0,0,1,29
8,38,45,1,0,0,1,0,37
20,77,82,6,1,0,1,0,75
10,63,43,4,0,0,1,0,47
26,98,92,7,1,0,1,0,95
14,89,71,4,0,0,0,0,72
11,77,72,7,0,0,0,0,66
7,44,42,2,0,0,0,0,48
14,71,58,5,0,0,1,0,53
0,28,19,1,0,0,0,0,10
13,64,61,3,0,0,0,0,56
15,62,65,3,1,0,0,0,68
17,80,83,5,0,0,0,0,81
16,84,81,5,1,0,1,0,87
6,25,25,0,0,0,0,1,29
3,45,20,1,0,0,0,0,24
10,62,76,7,0,0,0,0,61
2,16,3,1,0,0,0,1,5
18,73,78,5,0,0,1,0,74
30,97,93,8,1,0,0,0,95
6,36,38,2,0,0,0,1,27
13,76,69,6,1,0,0,0,69
5,41,34,1,1,0,0,1,36
10,73,67,5,0,0,1,0,70
10,81,76,5,0,0,1,0,65
17,78,72,6,0,0,0,0,80
9,74,56,5,0,0,1,0,60
0,25,9,1,0,0,0,0,2
15,93,84,7,1,0,1,0,83
9,64,53,4,0,0,1,0,57
6,65,48,5,1,0,1,0,49
21,84,80,5,1,0,1,0,83
22,94,93,9,1,0,1,0,92
3,28,22,1,0,0,0,0,18
2,6,15,0,0,0,0,0,4
12,77,78,3,1,0,1,0,70
1,27,26,0,0,0,0,0,19
12,73,71,4,1,0,1,0,76
8,55,41,1,1,0,1,0,48
8,75,65,6,1,0,0,0,52
4,41,24,3,0,0,1,0,28
14,58,67,3,0,0,1,0,55
17,63,77,5,1,0,1,0,66
29,92,94,8,1,0,0,0,92
4,27,11,1,0,0,0,0,19
10,61,64,6,0,0,0,0,68
25,91,95,8,0,0,1,0,92
10,76,75,4,0,0,0,0,70
1,23,28,0,0,0,1,0,11
24,100,96,7,0,0,1,0,100
11,40,50,5,1,0,0,0,48
19,87,80,6,1,0,0,0,78
1,23,3,0,1,0,0,1,2
2,37,11,2,0,0,0,1,19
10,53,60,5,0,0,0,0,53
4,48,37,1,0,0,1,0,32
23,97,95,8,1,0,1,0,99
1,36,27,1,0,0,0,0,18
21,83,89,9,1,0,0,0,85
2,28,29,1,0,0,0,0,22
1,19,17,0,0,1,1,0,11
8,59,35,4,0,0,0,0,32
0,5,19,0,0,0,1,0,5
16,80,73,5,0,0,1,0,64
11,65,68,6,1,0,0,0,56
21,87,89,6,0,0,0,0,86
24,97,98,7,0,0,1,0,93
17,60,76,7,1,0,0,0,66
11,64,74,7,0,0,0,0,62
10,61,40,4,0,0,0,0,50
24,81,89,8,0,0,0,0,81
6,23,26,3,1,0,0,1,27
18,90,88,6,0,0,0,0,85
12,74,72,7,0,0,0,0,68
2,14,20,0,0,0,1,0,13
13,63,66,4,1,0,1,0,65
15,92,89,9,1,0,1,0,81
28,99,95,9,1,0,1,0,100
2,19,23,2,0,0,0,1,12
5,54,33,3,0,0,1,0,36
15,75,70,6,0,0,0,1,77
9,51,50,2,0,0,1,0,55
22,97,96,7,0,0,0,0,95
16,79,64,6,0,0,0,0,69
7,40,37,4,0,0,1,0,35
13,74,79,3,0,0,0,0,61
24,83,82,7,1,0,1,0,90
19,75,71,5,1,0,1,0,72
14,76,62,4,1,0,1,0,64
16,66,75,4,0,0,0,0,67
2,33,23,1,0,0,0,0,12
8,68,41,4,0,0,0,0,50
11,80,77,4,1,0,0,0,68
12,71,56,5,0,0,0,0,52
0,8,17,0,0,0,1,0,4
6,22,22,0,0,0,0,0,30
11,61,53,2,1,0,0,0,41
22,92,83,5,0,0,0,0,89
14,58,65,5,0,1,0,0,52
22,91,98,8,1,0,1,0,99
3,23,19,2,0,0,1,0,13
24,80,80,8,0,0,1,0,87
14,89,83,4,1,0,0,0,72
19,77,73,8,0,0,0,0,78
17,61,61,3,1,0,0,0,65
9,57,56,4,0,0,0,0,49
13,77,75,5,1,0,0,1,69
12,70,82,5,1,0,1,0,76
10,80,61,6,0,0,1,0,69
12,58,66,6,1,0,0,1,55
13,50,69,5,1,0,0,0,54
10,83,64,4,0,0,0,0,66
8,53,44,2,1,0,1,0,47
22,80,85,5,1,0,1,0,89
9,52,53,4,0,0,1,0,54
13,68,75,4,1,0,1,0,65
3,33,33,4,0,0,0,0,35
22,87,81,6,1,0,0,0,86
6,37,46,4,0,0,1,0,32
3,31,19,0,0,0,0,0,17
0,19,7,1,0,1,0,0,6
2,26,20,3,0,1,0,0,26
13,67,57,5,1,0,1,0,59
14,79,64,4,0,0,1,0,60
3,20,31,2,0,0,0,0,22
23,94,100,8,0,0,1,0,97
12,80,61,4,1,0,0,0,61
7,49,43,2,1,0,0,1,32
8,56,37,4,0,0,0,0,37
2,35,12,0,0,0,0,1,17
4,37,15,1,0,0,1,0,15
20,89,84,6,0,0,1,0,75
10,78,73,4,0,0,1,0,63
7,47,44,1,0,0,0,0,39
1,17,16,2,0,0,0,0,11
1,25,27,0,0,0,1,0,20
19,88,88,9,1,0,1,0,88
13,55,64,5,1,0,1,0,58
7,37,37,4,0,0,0,0,40
26,96,93,10,1,0,0,0,98
13,78,79,8,1,0,0,0,73
11,59,54,4,0,0,0,0,52
14,78,65,6,0,0,0,0,68
20,74,82,5,0,0,1,0,72
4,26,12,0,1,0,0,1,19
7,40,55,2,1,0,0,0,44
4,49,29,0,0,0,0,0,26
5,52,51,4,1,0,0,0,50
20,94,88,5,0,0,0,0,87
11,50,55,2,0,0,0,1,54
2,26,7,1,0,1,0,0,3
23,89,81,9,1,0,0,0,85
20,97,93,9,0,0,1,0,93
8,58,53,6,0,0,0,1,59
3,46,48,2,0,0,0,0,38
2,31,10,1,0,0,0,0,14
1,19,11,1,0,0,0,1,12
0,14,7,1,0,0,0,1,9
21,94,81,8,1,0,1,0,82
1,0,13,0,0,0,0,0,6
3,42,31,3,1,0,1,0,31
1,15,14,1,0,1,0,1,7
1,6,2,0,0,1,0,1,9
3,30,23,1,1,0,1,0,29
28,90,94,9,1,0,0,0,96
2,19,11,0,0,0,0,0,5
29,94,98,9,1,0,1,0,92
11,68,67,5,0,0,0,0,69
24,92,85,5,1,0,0,0,81
2,27,28,2,0,1,0,0,16
17,93,86,5,0,1,1,0,84
3,39,27,0,0,0,0,0,23
17,62,79,6,1,0,0,0,62
13,51,67,3,0,0,1,0,54
0,21,2,1,1,0,1,0,8
2,33,29,0,0,0,0,0,14
0,27,17,1,1,0,1,0,4
10,64,60,3,0,0,0,0,55
11,64,46,5,0,0,0,0,48
8,30,42,2,0,1,1,0,36
13,67,62,4,1,0,0,0,66
26,95,97,8,1,0,1,0,98
3,51,31,3,0,0,0,0,40
9,54,60,2,1,0,1,0,59
10,65,62,5,0,0,0,0,65
3,19,22,1,0,0,0,1,13
2,18,18,1,0,0,0,0,7
6,47,22,0,0,0,0,1,22
20,82,70,7,0,0,0,0,80
2,28,13,1,0,0,1,0,9
6,33,32,1,0,0,0,0,22
12,56,54,6,0,0,0,0,58
8,55,61,6,0,0,1,0,52
3,59,38,4,0,0,1,0,36
12,78,73,4,0,0,1,0,77
7,45,34,4,0,0,1,0,32
4,40,34,3,1,0,0,1,29
22,99,91,10,0,0,1,0,92
8,43,40,1,1,0,1,0,42
12,76,71,5,0,0,1,0,70
4,47,33,3,0,0,0,1,34
0,5,0,0,1,0,0,0,10
4,33,37,2,0,0,0,0,34
2,0,8,1,0,1,0,1,0
2,27,9,1,0,0,1,0,4
27,97,96,10,0,0,1,0,98
10,43,40,3,1,0,1,0,49
15,81,64,4,0,0,0,0,68
8,39,37,2,0,0,0,0,40
10,65,64,4,0,1,0,0,57
16,82,81,7,1,0,1,0,82
3,30,35,2,0,1,0,0,23
0,14,5,1,0,0,0,1,10
9,73,50,6,0,0,0,0,60
24,89,87,7,0,0,1,0,82
12,87,83,4,1,0,1,0,77
16,89,83,9,1,0,1,0,85
3,17,10,0,0,0,0,1,11
19,81,72,5,0,0,1,0,75
23,92,93,10,1,0,1,0,98
9,63,57,5,0,0,1,0,53
1,32,16,0,1,0,0,0,20
11,51,56,4,1,0,0,0,51
11,73,74,3,1,0,0,0,61
1,33,23,0,0,0,0,0,13
5,44,22,2,0,0,1,0,26
3,25,12,2,0,0,1,0,20
4,36,32,2,0,0,0,0,33
7,44,40,3,1,0,0,0,47
3,38,28,0,1,0,1,0,12
20,91,82,5,1,0,1,0,86
1,11,27,0,0,0,0,0,19
20,91,85,7,0,0,1,0,82
14,81,74,4,0,0,0,0,69
2,20,15,0,0,0,1,0,2
21,90,95,8,1,0,1,0,100
13,84,61,4,0,0,1,0,64
13,69,55,5,1,0,1,0,57
4,23,31,2,0,0,0,1,28
0,16,0,1,0,0,0,1,5
7,34,42,4,0,0,1,0,35
3,30,29,1,0,1,1,0,12
22,92,83,9,1,0,1,0,87
28,98,95,10,1,0,0,0,99
10,69,66,6,1,0,0,0,64
4,17,10,2,0,0,0,1,12
17,66,67,5,1,0,1,0,69
6,59,45,4,1,0,1,0,39
2,24,3,1,0,1,0,1,8
0,22,1,0,0,1,0,0,1
18,80,84,5,1,0,0,0,89
14,77,66,2,0,1,0,1,56
5,46,30,2,0,0,0,1,24
5,39,42,3,0,0,1,0,34
20,82,86,9,0,0,1,0,83
14,75,77,3,1,0,0,0,65
13,77,69,3,1,0,1,0,51
2,23,10,1,0,0,0,0,18
12,68,58,3,0,0,1,0,60
30,100,97,8,0,0,1,0,100
10,71,54,4,0,0,1,0,53
5,50,30,1,1,0,0,0,34
16,84,87,7,0,0,0,0,89
16,84,84,4,1,0,1,0,71
14,61,76,6,0,0,0,0,67
0,2,11,0,0,0,0,1,5
30,94,94,9,1,0,1,0,93
5,49,26,3,1,0,0,0,27
7,42,52,4,1,0,1,0,46
8,59,54,5,0,0,0,0,59
30,99,100,9,0,0,1,0,96
10,51,64,4,0,0,0,0,56
21,82,83,7,0,0,1,0,81
17,92,81,9,1,0,1,0,89
3,37,30,4,0,0,0,0,33
13,67,78,4,0,0,1,0,64
7,54,30,1,0,0,1,0,31
26,98,96,9,0,0,1,0,96
4,12,23,2,0,0,1,0,12
7,58,40,2,0,0,0,1,48
11,84,78,3,0,0,1,0,64
16,92,86,9,0,0,1,0,81
18,73,83,6,0,0,1,0,78
23,95,99,7,1,0,1,0,100
5,41,40,5,1,0,1,0,49
7,41,59,4,0,0,1,0,41
23,86,81,5,0,0,0,0,90
5,34,45,3,0,0,1,0,32
1,31,27,2,1,0,1,0,14
16,92,89,8,1,0,1,0,84
21,92,91,9,1,0,0,0,97
11,66,78,4,1,0,0,0,70
8,36,32,3,0,1,0,0,39
20,80,82,6,0,0,0,0,80
7,31,42,2,0,0,0,0,36
22,88,87,8,1,0,1,0,90
9,55,59,2,0,0,0,0,49
3,30,17,2,0,1,1,0,17
1,5,7,1,0,1,0,0,0
14,84,69,3,0,0,1,0,70
6,50,46,5,1,0,0,0,45
12,77,68,5,0,0,0,1,55
2,30,12,2,1,0,0,1,17
2,15,16,0,0,0,1,0,7
0,18,14,0,0,0,0,0,8
2,16,7,1,0,1,0,1,8
2,4,16,0,1,0,0,0,1
5,48,43,5,0,0,0,0,44
2,16,24,2,0,0,0,0,17
8,77,62,6,0,0,1,0,55
7,52,40,1,0,1,1,0,41
16,90,88,9,1,0,0,0,81
3,30,22,0,1,0,0,0,24
12,79,71,4,1,0,1,0,74
13,76,84,5,0,0,0,0,79
14,73,82,6,1,0,0,0,72
7,69,47,1,1,0,0,0,50
15,81,78,7,1,0,1,0,74
2,23,34,3,0,0,0,1,21
10,51,43,3,0,1,1,0,44
5,32,38,0,0,0,0,1,27
2,7,0,0,0,1,1,0,5
6,32,35,2,1,0,1,0,24
3,21,30,0,0,0,0,0,28
1,29,27,2,0,1,0,0,18
16,67,71,7,0,0,0,0,68
12,81,82,5,0,0,1,0,80
21,94,97,7,0,0,1,0,93
6,33,46,1,1,0,0,0,36
20,89,82,5,1,0,1,0,78
13,69,55,3,1,0,0,0,60
4,44,33,3,1,0,0,0,34
0,0,16,0,0,1,1,0,3
2,41,25,2,0,0,0,0,25
13,56,51,2,0,0,0,0,59
13,60,63,4,0,0,0,0,66
15,81,86,8,1,0,1,0,86
15,61,67,5,0,0,0,1,63
16,77,83,4,0,0,0,0,77
12,53,62,2,1,0,0,0,60
19,80,70,4,1,0,1,0,74
26,99,96,10,1,0,1,0,92
5,42,37,0,1,0,1,0,28
16,68,76,5,1,0,0,0,62
16,67,75,6,1,0,0,0,67
1,29,28,0,0,1,1,0,18
17,90,83,6,1,0,1,0,81
2,5,16,1,0,1,1,0,4
9,78,53,4,0,0,0,0,54
7,54,47,3,0,0,1,0,48
2,16,8,1,0,1,0,0,8
11,65,49,4,0,1,0,0,45
2,45,39,0,0,0,0,1,24
24,90,97,9,0,0,1,0,99
12,64,50,2,1,0,0,0,52
8,41,58,4,0,0,0,1,48
14,77,64,3,0,0,0,1,51
3,54,39,2,0,0,1,0,38
5,54,30,3,1,0,0,0,34
27,96,95,9,1,0,1,0,91
13,75,76,7,0,0,0,0,61
10,60,56,2,1,0,0,0,52
6,43,35,1,0,1,1,0,25
0,19,10,0,0,0,0,1,10
23,88,81,5,1,0,1,0,87
3,10,27,0,0,1,0,0,12
22,97,97,7,1,0,0,0,96
9,57,56,4,0,0,0,1,41
20,86,85,7,1,0,1,0,82
3,48,42,2,0,0,0,0,36
4,49,20,2,1,0,0,0,28
26,94,93,8,1,0,1,0,94
12,79,66,3,0,0,0,0,61
1,25,13,1,0,0,0,0,16
17,85,89,7,0,0,0,0,89
25,95,96,9,1,0,1,0,98
10,78,65,5,0,1,0,0,55
9,70,51,2,0,0,0,0,55
20,87,83,6,1,0,0,0,77
11,56,51,2,1,0,0,0,52
24,95,99,7,1,0,1,0,95
6,56,45,2,0,1,0,0,33
6,33,40,3,1,0,1,0,38
6,59,51,1,0,0,1,0,47
6,35,33,2,0,0,0,0,21
20,99,93,7,0,0,0,0,100
16,67,61,4,1,0,1,0,68
19,80,81,7,1,0,1,0,77
16,75,72,7,1,0,0,0,75
11,65,64,4,0,0,0,0,53
21,91,92,8,1,0,1,0,95
20,79,76,4,0,0,0,0,76
4,10,18,0,1,0,0,0,13
17,87,84,6,1,0,0,0,87
13,52,59,2,0,0,0,0,60
11,63,53,2,1,0,0,0,56
6,38,28,2,0,0,0,0,24
0,1,0,1,1,0,0,1,0
2,14,28,1,0,1,1,0,17
12,53,59,4,0,0,1,0,54
13,82,63,3,1,0,0,1,62
11,72,69,3,0,0,0,0,65
17,81,73,5,0,0,1,0,72
30,95,90,7,1,0,1,0,91
8,42,31,3,0,0,0,0,35
24,92,99,10,1,0,1,0,95
4,32,43,1,0,0,0,1,38
9,61,58,1,1,0,0,0,49
12,85,73,5,1,0,0,0,74
6,43,46,3,0,0,0,1,32
12,77,57,6,1,0,0,0,58
2,31,35,1,0,0,0,0,28
18,82,71,7,0,0,1,0,72
6,52,41,5,1,0,0,0,43
2,12,23,0,1,0,0,0,16
5,30,32,2,0,0,0,0,39
14,68,79,3,1,0,0,0,63
19,72,74,6,0,0,1,0,73
0,18,19,1,0,0,0,0,8
2,24,31,3,1,0,0,0,27
6,26,39,1,0,0,0,0,23
20,86,72,7,1,0,0,0,74
4,50,36,1,0,0,0,0,38
2,34,36,2,1,0,0,1,23
13,58,66,2,1,0,1,0,51
5,65,54,1,1,0,0,0,41
3,35,22,2,0,0,0,0,15
21,85,81,8,1,0,1,0,71
5,43,39,2,0,1,0,1,21
12,58,61,3,0,0,1,0,53
7,46,43,1,1,0,1,0,36
20,89,87,9,1,0,1,0,90
19,80,81,8,0,0,0,0,73
12,51,50,5,0,0,1,0,54
4,24,26,2,0,0,1,0,20
13,67,64,4,1,0,0,0,51
2,3,17,0,1,0,0,0,4
8,56,30,4,1,0,1,0,39
2,29,0,1,0,1,0,0,5
2,2,9,1,0,0,0,1,0
5,43,37,0,0,0,1,0,28
30,91,93,10,1,0,1,0,97
1,18,19,1,0,1,0,0,3
8,70,68,6,1,0,1,0,59
10,62,51,2,0,1,0,1,46
1,18,9,0,0,0,0,0,9
7,46,53,2,0,0,0,0,44
10,79,67,2,0,0,0,0,52
3,59,32,1,0,0,1,0,31
4,36,26,2,0,0,0,0,23
14,67,52,5,0,0,0,0,57
2,27,22,2,0,1,0,0,27
14,80,63,4,0,0,0,0,66
10,79,66,6,1,0,0,0,58
17,85,73,6,1,0,1,0,73
7,40,55,2,0,0,0,1,50
6,62,41,1,1,0,0,0,43
20,100,100,7,1,0,1,0,92
6,29,24,3,0,0,0,1,28
1,37,11,1,0,1,0,0,15
21,87,87,9,1,0,1,0,83
0,14,11,0,0,0,1,0,9
1,39,19,0,0,0,0,0,11
5,50,49,3,0,0,1,0,36
6,47,34,0,0,0,0,1,22
17,82,83,4,1,0,1,0,71
10,59,50,2,0,1,0,0,44
26,93,96,7,1,0,1,0,98
8,61,65,4,0,0,0,0,55
8,48,52,3,0,0,0,1,47
12,66,67,4,0,0,0,1,61
17,92,85,5,1,0,0,0,84
5,59,45,5,0,0,0,0,47
16,84,83,7,0,0,0,0,82
20,82,83,7,0,0,0,0,74
2,35,27,2,0,0,1,0,22
14,54,66,4,0,0,0,0,56
20,90,95,10,1,0,1,0,95
13,75,80,6,0,0,0,0,73
3,37,25,0,1,0,1,0,11
21,73,79,7,1,0,0,0,73
23,85,81,7,1,0,1,0,81
20,85,84,9,0,0,1,0,88
0,14,16,0,0,0,0,0,5
16,82,80,7,1,0,1,0,87
4,21,13,2,0,0,1,0,14
16,74,61,5,0,0,1,0,66
11,63,64,5,0,0,1,0,62
20,92,87,6,1,0,1,0,85
5,60,44,1,1,0,0,0,45
0,12,10,1,0,1,0,1,3
2,10,12,0,0,0,0,0,8
17,72,79,4,1,0,1,0,76
13,62,60,2,1,0,0,0,52
9,64,57,4,1,0,0,0,49
3,42,22,0,0,1,1,0,22
21,78,70,8,1,0,0,0,80
6,45,24,3,0,0,0,1,24
4,14,21,2,0,0,0,1,14
21,90,89,6,0,0,1,0,87
4,30,30,2,0,0,0,0,31
27,93,97,7,1,0,1,0,92
20,91,83,6,1,0,0,0,83
18,81,74,4,0,0,0,0,73
14,80,73,3,1,0,0,0,64
6,58,46,1,0,0,0,0,43
14,77,58,5,0,0,0,0,60
5,46,44,1,0,0,0,0,40
9,54,42,5,1,0,0,0,42
18,90,82,9,1,0,0,0,83
10,67,59,5,0,0,0,1,43
9,68,48,4,0,0,1,0,49
13,53,60,4,1,0,1,0,51
8,38,40,3,1,0,1,0,35
13,67,63,3,1,0,0,0,56
5,51,47,1,1,0,1,0,49
7,41,51,1,0,1,0,1,45
1,0,11,0,1,0,0,1,8
20,88,83,6,0,0,0,0,83
23,88,84,8,1,0,1,0,90
3,23,25,0,0,0,0,0,25
8,55,46,3,1,0,0,1,33
6,40,38,2,0,0,0,1,30
24,94,91,8,1,0,0,0,97
5,48,53,3,1,0,0,0,46
6,48,34,1,0,0,0,0,27
1,25,18,1,0,0,0,0,3
6,36,31,2,0,0,0,0,24
10,67,68,4,0,0,0,0,52
19,85,83,9,0,0,0,0,87
17,93,81,7,0,0,0,0,84
11,61,78,3,1,0,1,0,67
1,6,13,1,0,0,0,0,3
21,94,89,7,1,0,0,0,81
6,39,37,3,1,0,1,0,30
0,18,17,1,0,0,0,1,10
7,58,48,1,0,1,1,0,38
14,81,80,6,1,0,1,0,75
2,15,23,0,0,0,0,0,13
20,99,93,10,0,0,1,0,95
24,90,99,10,1,0,1,0,94
2,15,24,1,0,0,0,1,14
24,98,99,10,1,0,0,0,91
9,63,60,4,0,0,1,0,57
1,26,3,0,0,0,1,0,8
11,48,59,4,0,0,0,1,47
10,63,78,6,0,0,1,0,67
20,79,80,7,1,0,0,0,78
0,19,7,1,0,1,0,1,1
5,46,28,0,0,0,1,0,23
16,81,72,4,0,0,0,0,80
13,64,69,7,1,0,1,0,64
4,40,30,2,0,0,0,1,39
10,59,50,2,0,0,1,0,55
22,90,82,8,0,0,0,0,87
1,29,5,1,1,0,0,1,5
11,75,71,4,1,0,1,0,66
3,39,12,2,0,0,0,0,13
4,53,49,1,0,0,0,1,32
11,48,50,2,0,0,1,0,44
6,24,39,1,0,0,0,0,26
8,54,31,2,0,0,0,1,33
2,26,17,1,0,0,0,0,5
22,94,85,7,0,0,0,0,81
17,84,82,8,0,0,1,0,89
5,49,34,1,1,0,0,1,33
5,44,35,1,0,0,0,0,32
24,91,96,7,1,0,1,0,91
2,24,14,1,0,1,0,1,16
11,66,52,6,0,0,1,0,58
23,94,95,8,0,0,1,0,98
4,52,36,2,0,0,0,0,36
4,17,19,0,0,0,0,1,17
23,96,96,9,1,0,0,0,98
14,61,54,6,0,0,1,0,53
1,10,18,1,0,0,1,0,18
11,76,57,4,0,0,1,0,55
5,66,55,5,0,0,1,0,43
12,75,74,6,1,0,0,0,70
1,13,10,1,0,0,0,0,18
2,22,7,0,0,0,0,1,4
21,87,84,8,1,0,0,1,82
17,80,76,7,1,0,0,0,74
0,28,3,1,0,0,0,1,3
11,73,67,3,1,0,0,0,61
3,47,36,1,0,0,0,0,23
5,55,35,2,0,0,1,0,36
4,29,20,2,0,0,1,0,30
18,71,78,4,1,0,0,0,79
4,21,22,1,0,0,0,0,25
14,63,77,6,0,1,0,0,66
8,76,69,3,0,0,0,0,57
1,25,6,1,1,0,0,0,9
4,37,36,0,0,0,0,0,28
21,77,83,7,1,0,0,0,72
2,13,21,1,0,0,0,0,12
15,87,86,5,1,0,0,0,81
11,76,63,5,0,0,0,0,67
0,5,16,0,0,0,0,0,2
24,94,85,7,1,0,0,0,87
21,86,86,5,0,0,1,0,88
17,79,82,6,1,0,1,0,73
15,88,86,8,1,0,1,0,83
5,38,43,4,0,0,0,0,37
23,95,100,10,1,0,0,0,94
0,28,16,0,0,1,0,0,8
4,48,39,4,1,0,0,0,37
3,47,39,0,1,0,0,0,28
14,74,61,3,0,0,0,1,59
12,67,66,7,1,0,0,0,63
2,41,24,2,0,0,1,0,22
16,84,72,6,1,0,1,0,76
16,85,73,8,0,0,0,0,80
11,83,62,4,0,0,1,0,69
13,79,74,7,0,0,1,0,63
10,74,76,5,1,0,1,0,69
14,80,81,8,1,0,1,0,79
15,94,85,5,0,0,0,0,81
3,19,15,1,0,1,1,0,19
6,40,36,2,0,0,0,1,22
10,63,60,6,0,0,0,0,70
25,92,97,8,1,0,1,0,97
13,75,79,7,1,0,0,0,65
27,92,100,7,1,0,1,0,94
5,41,53,4,0,0,1,0,41
21,91,83,9,1,0,1,0,87
14,81,72,5,1,0,0,0,63
12,63,65,4,1,0,0,0,58
9,66,65,6,0,0,0,0,54
11,48,51,4,0,0,1,0,43
5,35,46,3,0,0,0,0,40
23,95,99,8,1,0,1,0,96
8,50,52,6,0,0,1,0,51
5,48,32,2,0,1,0,0,36
9,74,51,4,1,0,1,0,53
19,92,80,5,1,0,0,0,84
18,73,76,6,1,0,1,0,72
20,97,96,7,1,0,1,0,97
4,16,15,1,0,0,0,1,15
25,94,93,8,1,0,1,0,92
14,71,76,5,1,0,1,0,70
23,98,95,9,1,0,1,0,97
18,82,84,5,0,0,1,0,82
2,14,26,2,0,0,0,0,19
22,85,81,7,1,0,1,0,89
22,97,91,9,1,0,1,0,92
4,28,33,3,0,1,0,1,29
20,84,82,7,1,0,1,0,84
1,37,29,1,1,0,0,1,11
2,24,15,0,0,0,0,1,0
27,91,96,10,1,0,1,0,91
10,67,60,7,0,1,0,0,69
21,92,95,9,1,0,1,0,100
1,23,14,0,0,0,0,1,10
2,20,7,1,0,1,0,1,2
30,90,93,8,1,0,1,0,95
8,68,55,6,0,0,1,0,52
13,78,72,4,0,1,1,0,72
9,54,62,6,1,0,0,1,59
8,68,56,5,0,0,1,0,46
30,95,92,8,1,0,0,0,99
9,73,62,4,0,0,1,0,51
9,68,43,3,0,0,0,0,44
5,66,41,5,0,0,1,0,43
5,41,39,2,0,1,0,1,23
9,51,49,1,0,1,0,0,41
8,57,67,2,0,1,0,0,54
13,62,67,2,0,1,1,0,54
5,62,55,5,0,0,0,0,41
11,64,61,4,1,0,1,0,66
6,26,35,1,0,1,1,0,25
17,76,79,6,0,0,1,0,72
2,0,12,0,0,0,0,0,5
7,57,41,5,0,0,0,0,42
28,95,90,8,0,0,1,0,100
6,34,24,3,0,0,0,0,25
14,64,54,4,1,0,1,0,58
20,99,99,7,1,0,0,0,96
13,71,55,5,0,0,1,0,53
1,0,6,1,0,0,0,0,6
24,94,85,9,1,0,0,0,84
19,84,71,4,1,0,0,0,79
12,68,62,6,1,0,1,0,54
15,82,78,7,0,0,1,0,68
12,71,60,6,0,0,0,0,53
3,40,37,1,1,0,0,0,38
21,99,92,9,1,0,0,0,100
4,45,34,2,0,0,1,0,35
23,85,86,6,1,0,1,0,87
6,47,36,3,0,0,0,0,28
8,68,58,4,1,0,0,0,42
21,93,80,7,0,0,1,0,87
8,48,36,4,0,0,0,0,32
0,12,7,1,0,0,0,0,6
10,74,76,6,0,0,1,0,64
5,41,39,0,1,0,0,0,22
6,33,28,0,0,0,0,0,26
6,48,44,3,1,0,0,0,35
14,69,59,4,1,0,1,0,60
2,26,27,2,0,0,0,1,14
17,77,82,6,1,0,0,0,80
17,83,72,6,1,0,1,0,78
1,22,2,1,1,0,0,0,8
23,89,86,9,0,0,1,0,87
13,76,65,2,1,0,1,0,53
29,97,95,7,1,0,1,0,91
2,26,18,1,0,0,1,0,3
17,87,73,7,1,0,0,1,71
2,11,6,0,0,0,1,0,5
21,82,77,8,0,0,1,0,78
15,82,87,8,1,0,0,0,89
9,68,63,3,0,0,0,0,53
6,56,44,1,0,0,0,1,37
21,74,81,5,0,0,0,0,71
18,85,76,4,0,0,1,0,78
16,61,62,4,1,0,1,0,63
0,29,10,0,0,0,0,0,10
27,100,99,10,1,0,1,0,95
17,62,69,7,1,0,0,0,70
10,80,63,6,1,0,0,0,63
8,50,64,3,0,0,0,0,54
2,11,13,0,0,0,0,1,11
17,80,87,6,0,0,0,0,85
11,80,77,7,1,0,1,0,65
4,43,34,0,1,0,0,0,23
22,93,86,5,0,0,0,0,81
3,27,20,1,0,0,0,0,13
23,80,85,6,1,0,1,0,82
11,69,57,4,1,0,1,0,59
17,84,77,5,1,0,1,0,75
13,88,73,4,1,0,1,0,73
4,31,26,1,0,0,1,0,22
17,83,68,4,0,0,1,0,65
0,16,11,1,0,0,1,0,3
3,47,20,1,0,0,1,0,28
5,26,33,3,0,0,0,0,23
24,90,88,9,1,0,1,0,88
20,81,84,7,1,0,1,0,80
4,45,26,0,0,0,0,0,22
10,65,54,2,0,0,1,0,60
2,35,11,2,0,0,0,0,14
0,9,15,1,1,0,0,0,7
17,65,72,5,0,0,0,0,66
12,85,71,8,1,0,1,0,73
4,25,29,2,0,0,0,0,28
7,60,57,3,0,0,1,0,48
1,33,23,0,0,1,0,1,17
6,46,40,4,0,1,0,0,41
27,99,95,8,1,0,0,0,97
12,68,73,7,1,0,0,0,67
1,19,2,0,1,0,1,0,2
12,77,83,7,0,0,0,0,73
8,62,52,6,0,0,1,0,58
7,45,47,4,1,0,0,0,40
10,72,65,5,0,0,0,0,61
12,81,71,5,1,0,1,0,78
13,79,75,7,1,0,0,0,75
17,75,68,4,0,0,0,0,62
13,79,63,7,0,0,1,0,70
21,81,82,8,1,0,1,0,88
17,85,84,9,0,0,1,0,89
5,36,29,1,0,1,0,0,24
7,51,45,3,0,0,1,0,39
3,34,34,2,0,0,1,0,23
1,3,14,1,0,0,0,1,7
15,86,78,6,0,0,1,0,73
11,58,52,6,0,0,0,0,60
9,61,60,6,0,0,0,1,58
0,4,14,1,0,0,1,0,0
22,80,80,5,0,0,0,0,87
21,93,97,9,0,0,0,0,92
4,24,34,2,0,0,1,0,25
20,95,94,10,1,0,1,0,91
19,94,87,6,1,0,1,0,86
1,22,18,0,0,1,1,0,1
26,100,98,7,0,0,1,0,94
12,79,53,5,0,0,1,0,60
12,70,61,2,0,0,0,0,59
4,27,16,2,0,0,0,0,20
2,4,19,1,0,1,0,1,7
2,36,29,1,0,0,1,0,23
8,57,64,5,1,0,0,0,52
6,48,30,4,0,1,0,1,38
18,82,85,5,1,0,1,0,89
4,50,33,4,0,0,1,0,34
3,32,22,0,0,0,0,0,28
18,92,88,6,0,0,1,0,86
8,64,57,4,0,0,0,0,44
10,75,67,7,0,0,0,0,65
2,22,17,0,0,0,0,0,2
21,70,70,6,0,0,1,0,75
13,63,56,5,0,0,0,0,52
28,95,90,10,1,0,1,0,96
14,81,61,5,0,0,1,0,69
4,46,35,2,0,1,1,0,27
2,12,12,0,0,0,1,0,5
4,31,12,1,0,0,0,0,12
15,66,76,6,1,0,0,0,70
6,35,33,3,1,0,0,1,25
1,23,16,0,1,0,0,1,1
14,67,79,5,0,0,0,0,63
0,24,11,1,0,0,0,0,6
14,61,57,6,1,0,0,0,57
13,86,79,7,0,0,1,0,71
3,52,48,4,0,0,0,0,39
1,0,0,1,0,1,0,1,6
21,93,82,5,0,0,0,0,84
4,54,40,2,1,0,1,0,35
10,47,42,4,0,0,1,0,43
3,26,26,0,1,0,0,0,14
14,76,61,6,0,0,1,0,69
4,23,24,1,0,1,0,1,30
1,24,22,1,0,1,0,0,15
5,41,26,3,1,0,0,0,26
5,49,20,3,0,0,1,0,22
10,60,42,5,0,0,1,0,46
9,55,67,5,0,0,1,0,60
15,81,87,5,1,0,0,0,86
19,90,84,8,0,0,1,0,81
26,100,92,8,1,0,0,0,96
1,1,2,1,0,0,1,0,2
2,14,12,1,0,1,0,0,8
0,2,5,1,0,1,1,0,9
7,32,38,3,0,0,0,0,33
0,5,16,1,0,0,0,0,3
2,28,18,2,1,0,0,1,13
3,13,25,0,0,0,0,1,11
17,66,74,3,1,0,0,1,66
4,13,23,1,0,0,0,0,11
12,73,54,3,0,0,1,0,53
7,44,47,1,1,0,1,0,40
5,43,30,2,0,0,0,0,22
14,55,55,3,1,0,1,0,52
8,65,42,4,0,0,0,0,42
17,60,66,5,0,0,0,0,63
12,70,73,7,1,0,0,0,72
4,12,17,1,0,0,0,0,19
15,83,87,7,1,0,1,0,84
2,38,20,1,0,1,0,0,20
2,14,13,1,0,0,0,0,15
23,93,88,7,1,0,0,0,87
21,90,94,7,0,0,1,0,91
2,30,15,2,1,0,1,0,13
18,88,74,6,1,0,0,0,75
28,92,99,7,1,0,1,0,91
1,10,14,0,1,0,0,0,14
4,54,49,1,0,0,0,0,31
8,47,40,2,1,0,1,0,34
13,75,60,4,1,0,0,0,54
22,90,87,5,1,0,1,0,87
4,33,38,1,0,1,0,0,27
11,64,70,4,1,0,1,0,68
13,76,54,6,1,0,0,1,58
2,38,35,3,1,0,0,0,30
25,99,98,10,0,0,1,0,95
12,61,53,3,0,0,0,0,57
6,23,24,1,1,0,1,0,23
14,62,67,4,1,0,1,0,53
14,74,77,5,0,0,1,0,77
8,59,54,6,0,0,1,0,55
12,62,68,2,0,0,0,0,60
17,86,72,7,1,0,1,0,76
2,8,10,1,0,0,0,1,3
3,33,21,2,0,0,1,0,24
14,72,51,3,1,0,0,0,53
5,46,20,0,1,0,0,0,29
6,57,41,2,1,0,1,0,38
8,71,69,6,0,0,1,0,60
5,47,23,0,0,0,0,0,25
8,46,47,1,1,0,0,0,49
16,63,73,4,1,0,1,0,67
16,60,68,7,1,0,1,0,61
3,31,29,2,0,0,0,1,27
21,83,89,5,1,0,1,0,84
3,46,44,4,0,0,0,0,38
1,26,16,0,0,1,0,1,4
22,93,84,6,1,0,1,0,89
13,86,72,5,1,0,1,0,72
19,83,87,8,0,0,1,0,81
16,77,74,8,1,0,1,0,76
17,94,84,6,0,0,1,0,85
7,64,40,1,1,0,0,0,49
19,86,86,9,1,0,0,0,87
11,59,47,1,1,0,0,0,42
12,71,53,6,1,0,1,0,57
1,11,29,0,0,0,0,0,12
2,12,20,2,0,0,1,0,13
30,91,100,9,1,0,0,0,93
10,69,48,2,0,0,1,0,42
12,63,77,4,0,0,0,0,62
2,33,15,1,0,0,0,0,16
14,73,80,6,0,0,0,0,75
8,40,56,1,0,1,1,0,42
2,37,31,2,0,0,0,0,26
11,77,52,6,0,0,1,0,51
2,24,1,0,0,0,1,0,10
20,76,70,6,1,0,1,0,73
2,39,24,0,0,1,0,0,23
18,80,88,7,1,0,0,0,88
5,34,47,2,1,0,1,0,36
4,11,14,1,1,0,1,0,20
0,21,10,1,0,0,0,1,8
2,4,17,0,0,0,0,1,8
20,93,88,6,1,0,1,0,87
15,82,81,6,1,0,1,0,78
10,52,54,3,0,0,1,0,46
27,92,100,10,1,0,1,0,93
12,75,59,6,0,0,1,0,55
1,29,17,1,0,0,0,0,3
5,40,44,4,1,0,0,0,45
17,89,79,5,0,0,0,0,76
0,27,5,0,0,0,0,0,0
5,38,30,2,0,0,1,0,25
3,14,17,2,0,0,0,1,16
4,11,22,1,1,0,0,1,12
14,79,61,2,1,0,1,0,51
24,90,99,9,1,0,1,0,95
6,29,33,1,0,0,0,0,25
14,71,75,5,0,0,0,0,78
19,89,81,7,1,0,1,0,86
19,76,76,6,0,0,1,0,74
5,32,28,2,0,0,0,1,27
14,63,71,3,0,0,1,0,65
10,67,54,3,0,0,1,0,43
4,29,24,3,0,0,0,1,23
12,68,67,7,0,0,0,0,68
10,73,65,7,0,0,1,0,67
9,51,48,5,0,0,0,0,45
13,67,64,2,0,0,0,0,54
5,54,42,2,1,0,1,0,41
11,56,42,4,0,0,0,0,48
23,86,80,6,0,0,1,0,87
8,61,55,5,1,0,0,0,50
6,46,33,1,0,0,0,0,38
20,92,99,9,1,0,0,1,93
16,93,89,8,0,0,1,0,88
9,59,52,5,0,0,0,0,58
21,77,74,7,0,0,1,0,74
8,54,54,5,0,0,1,0,52
3,49,37,0,0,0,0,0,23
3,35,41,4,0,0,0,1,35
5,49,48,5,0,0,1,0,47
9,47,55,3,0,0,1,0,41
2,47,24,0,0,0,0,0,24
13,77,63,4,1,0,1,0,55
5,42,31,1,1,0,0,1,30
3,35,13,2,0,0,1,0,14
7,40,42,1,0,1,1,0,41
6,48,47,4,0,0,0,0,47
4,36,35,4,0,0,0,1,35
17,74,67,6,1,0,1,0,70
16,82,78,7,0,0,0,0,69
2,24,27,2,0,1,1,0,30
16,82,80,4,0,0,0,0,71
11,57,51,2,1,0,1,0,54
21,96,93,10,1,0,1,0,91
16,88,89,9,1,0,1,0,83
3,47,28,3,0,1,0,0,27
15,91,80,7,1,0,1,0,90
17,63,70,4,0,0,1,0,62
10,65,65,7,1,0,1,0,68
5,41,50,3,0,0,1,0,47
10,51,54,5,1,0,0,0,53
3,40,44,3,1,0,1,0,40
8,52,59,5,0,0,1,0,51
12,64,66,6,0,0,1,0,54
24,83,86,9,0,0,0,0,83
10,61,52,5,1,0,1,0,52
14,60,58,3,0,0,0,0,59
2,9,19,0,0,0,0,1,9
12,78,73,6,1,0,1,0,66
15,76,68,3,1,0,1,0,63
19,72,84,6,1,0,0,0,79
1,29,23,1,0,0,0,0,19
8,46,55,3,0,0,1,0,41
11,43,48,3,0,0,1,0,42
4,20,23,3,0,1,0,1,26
5,68,47,5,0,0,1,0,47
0,13,15,0,0,0,0,0,6
8,39,31,2,1,0,0,0,39
20,88,71,5,0,0,0,0,72
8,66,40,2,0,0,0,0,45
3,34,34,0,0,1,0,0,23
3,36,43,1,0,0,0,0,33
15,65,64,7,0,0,0,0,67
14,54,61,5,0,0,0,0,53
13,67,53,3,1,0,1,0,52
16,83,84,8,0,0,1,0,83
23,95,96,10,1,0,1,0,92
1,19,22,0,0,0,0,0,11
11,50,58,5,0,0,0,0,42
15,76,66,5,0,0,1,0,61
5,42,33,4,0,0,0,0,39
8,36,41,3,0,0,0,0,34
2,20,18,0,0,0,0,0,5
14,53,67,2,1,0,0,0,51
30,98,95,10,0,0,0,0,100
0,6,16,1,1,0,0,0,8
6,40,26,3,1,0,0,1,21
0,4,17,1,0,0,0,0,4
7,59,48,1,0,0,0,0,38
5,37,23,0,0,0,1,0,28
3,23,27,0,0,0,0,0,11
1,15,7,0,0,1,0,0,3
2,11,11,0,0,0,0,1,13
2,29,27,2,1,0,1,0,29
4,44,43,1,0,1,1,0,32
12,51,50,4,0,0,0,0,57
1,24,19,1,0,1,1,0,3
9,57,51,5,0,0,0,0,50
9,64,58,3,0,0,1,0,48
17,72,73,5,0,0,1,0,79
8,45,39,4,0,0,1,0,39
8,59,50,3,0,0,0,0,46
19,83,81,5,1,0,1,0,85
15,75,77,4,1,0,0,0,76
9,54,42,4,0,0,0,0,48
14,77,80,5,1,0,0,0,72
7,43,40,2,0,0,1,0,32
17,73,77,7,1,0,0,0,80
10,70,65,3,0,0,1,0,67
9,53,54,2,0,0,1,0,50
9,40,59,3,0,0,1,0,47
24,82,80,7,1,0,0,0,89
24,83,83,7,1,0,1,0,81
18,70,72,8,1,0,1,0,73
5,32,39,1,0,0,0,0,39
20,83,87,6,0,0,1,0,84
0,0,3,0,0,0,0,1,7
7,51,47,2,0,0,0,0,37
16,94,84,8,0,1,0,1,84
6,45,58,4,0,0,0,0,43
8,34,31,4,1,0,0,1,34
2,38,34,2,1,0,0,0,23
1,0,12,1,0,0,0,0,2
12,76,77,7,0,0,0,0,80
21,80,75,7,1,0,1,0,75
7,61,50,2,0,0,1,0,49
2,10,13,0,0,0,1,0,4
0,28,13,1,0,1,1,0,10
4,54,46,2,0,0,0,0,37
2,34,23,0,0,0,0,0,13
5,26,36,1,0,0,1,0,24
3,42,25,0,0,0,0,1,21
29,93,99,8,1,0,0,0,97
0,17,0,1,0,0,0,0,7
11,54,59,1,0,0,0,1,46
8,38,37,3,0,1,0,0,37
6,28,34,1,0,0,0,0,28
5,49,48,4,0,1,1,0,31
19,83,73,7,1,0,1,0,76
21,88,88,6,0,0,1,0,82
5,41,41,1,1,0,0,1,41
2,17,13,2,0,1,1,0,12
3,31,15,0,0,0,1,0,11
4,36,24,3,0,0,1,0,27
7,54,51,1,0,0,0,0,45
2,22,23,3,1,0,1,0,23
22,97,94,10,0,0,1,0,100
4,25,27,1,0,0,1,0,13
2,8,11,0,0,1,0,1,3
24,97,94,10,1,0,1,0,94
2,2,3,1,0,0,0,0,1
3,18,11,0,0,1,0,0,19
15,76,81,5,1,0,0,0,78
10,61,69,5,1,0,1,0,70
10,55,58,5,0,0,0,0,60
16,81,66,6,1,0,0,0,63
18,73,74,4,1,0,1,0,72
5,56,52,4,0,0,0,0,41
9,48,45,3,0,0,1,0,42
15,76,80,5,0,0,0,0,72
16,73,61,6,1,0,1,0,64
0,7,12,0,0,1,0,0,4
3,23,23,1,1,0,0,0,17
2,35,23,1,1,0,0,0,13
17,91,87,5,0,0,0,0,85
8,39,43,4,0,0,0,0,40
2,25,10,2,0,0,0,1,20
4,38,32,1,1,0,0,1,25
25,100,96,10,1,0,1,0,97
4,17,13,0,0,1,0,0,17
12,78,77,6,1,0,0,0,78
14,70,66,4,0,0,1,0,67
11,72,64,3,1,0,0,0,52
11,66,71,3,0,0,1,0,65
30,97,98,7,0,0,1,0,93
2,12,7,0,0,0,0,1,8
26,97,93,8,1,0,1,0,99
21,96,96,8,1,0,1,0,100
7,35,47,1,0,0,1,0,36
2,20,12,1,0,0,1,0,14
0,7,3,1,0,1,0,0,1
1,16,13,0,0,0,0,0,3
9,51,64,4,0,0,1,0,52
15,89,81,8,1,0,1,0,85
1,27,23,0,1,0,1,0,17
24,91,93,8,1,0,1,0,100
2,16,10,0,0,0,0,0,14
3,53,36,3,0,0,0,1,39
29,96,98,7,1,0,0,0,100
29,90,90,9,0,0,1,0,94
15,66,70,7,0,0,0,0,64
6,45,43,2,0,0,0,0,49
3,24,37,3,0,0,0,0,26
4,25,25,0,0,0,0,0,12
8,37,41,3,0,1,0,0,33
15,77,82,4,0,0,0,0,78
1,19,22,0,0,0,1,0,12
13,53,67,5,1,0,0,0,52
12,80,83,4,0,0,1,0,74
3,29,21,1,0,0,1,0,30
17,82,84,7,1,0,0,0,87
11,50,53,2,0,0,0,0,58
1,15,3,1,0,0,0,0,2
17,84,81,8,1,0,0,0,74
8,78,68,5,0,0,1,0,55
5,43,33,4,0,0,0,0,31
26,90,100,8,0,0,1,0,95
3,20,22,1,0,0,0,1,27
3,43,30,1,0,0,1,0,25
12,60,73,4,0,0,0,0,66
7,43,48,1,0,0,0,0,34
3,38,49,1,0,0,1,0,38
29,95,94,9,1,0,1,0,91
1,9,9,1,0,0,0,0,3
24,89,87,7,0,0,1,0,82
9,57,42,1,1,0,0,0,42
14,65,61,4,0,0,1,0,63
4,33,23,1,0,1,0,1,18
9,57,42,1,0,0,0,0,45
14,81,71,5,1,0,0,0,62
17,88,86,6,1,0,1,0,89
24,93,91,10,1,0,0,0,99
14,72,81,6,0,0,1,0,79
1,24,15,0,0,0,0,1,8
15,71,80,6,1,0,1,0,78
21,87,84,7,1,0,1,0,83
17,82,83,9,0,0,1,0,81
4,54,45,1,0,0,0,1,39
3,30,33,1,0,0,0,1,34
7,38,38,1,0,0,0,0,37
6,37,32,3,0,0,0,0,35
9,47,53,5,0,0,0,0,45
1,25,5,0,0,0,0,0,5
22,93,90,10,0,0,1,0,99
3,29,11,0,0,0,0,0,20
24,96,97,9,1,0,1,0,96
3,47,26,0,0,0,0,0,21
7,31,41,1,1,0,0,1,34
1,21,14,1,0,1,0,0,5
4,21,11,1,1,0,0,0,15
19,72,74,7,1,0,1,0,77
4,20,18,1,0,0,0,0,11
4,31,47,3,0,0,1,0,40
4,21,32,2,0,0,0,0,24
7,45,49,4,0,0,0,1,46
12,63,65,5,0,0,1,0,53
28,96,96,9,1,0,1,0,93
4,54,31,3,0,0,0,0,34
10,65,49,5,1,0,0,0,44
10,48,58,3,0,0,0,1,45
2,33,25,2,0,0,1,0,17
19,72,84,4,0,0,1,0,79
19,86,89,6,1,0,1,0,89
15,67,77,4,0,0,0,0,65
2,13,7,1,0,0,1,0,3
9,76,59,6,0,0,1,0,53
5,47,53,5,0,0,0,0,47
6,57,43,1,1,0,1,0,37
4,42,34,4,0,1,1,0,40
30,95,90,7,1,0,1,0,92
4,43,22,1,0,0,0,1,25
17,71,65,6,1,0,0,0,67
24,95,92,7,1,0,1,0,92
15,91,87,6,0,0,0,0,83
20,86,80,8,1,0,1,0,84
15,80,75,6,0,0,0,0,66
4,37,35,3,0,0,0,0,36
22,84,86,5,1,0,1,0,88
9,42,54,1,1,0,1,0,47
5,60,40,3,0,0,0,0,50
1,13,14,0,0,0,1,0,6
18,75,73,4,0,0,1,0,73
28,90,96,7,1,0,1,0,91
12,72,82,4,0,0,1,0,73
2,17,7,0,0,0,0,0,8
6,54,43,1,1,0,1,0,33
3,25,38,0,0,0,0,1,27
0,22,8,0,0,0,0,0,7
11,62,67,6,1,0,1,0,61
3,43,33,4,1,0,0,1,37
18,82,86,6,0,0,1,0,85
14,73,81,4,1,0,1,0,75
12,84,65,3,1,0,1,0,62
10,67,66,4,0,0,0,0,53
16,73,75,7,1,0,0,0,73
20,94,100,7,1,0,0,1,97
16,83,83,7,1,0,1,0,87
15,82,63,6,0,0,0,0,66
14,82,76,8,1,0,0,0,76
0,16,5,0,0,1,0,1,0
16,64,76,3,0,0,0,0,68
5,48,41,1,1,0,0,0,47
20,100,97,9,1,0,1,0,91
24,94,98,8,1,0,1,0,96
4,20,36,3,0,0,0,0,26
14,72,70,4,0,1,1,0,65
23,90,82,8,1,0,1,0,84
6,42,50,3,1,0,1,0,48
6,44,34,3,1,0,0,1,34
3,38,10,0,0,0,1,0,11
3,51,43,2,0,0,0,1,31
10,68,47,2,0,0,0,1,49
19,82,79,5,0,0,1,0,77
21,70,70,8,1,0,1,0,75
18,70,77,5,1,0,0,0,79
1,11,4,1,0,0,1,0,1
2,23,11,0,0,0,0,1,1
28,100,95,7,1,0,0,0,95
17,70,84,4,1,0,1,0,78
5,42,43,4,0,0,0,0,47
11,55,41,5,1,0,0,0,46
7,62,52,3,0,0,0,0,43
3,38,27,3,0,0,0,1,29
26,94,98,8,1,0,1,0,97
16,70,73,6,1,0,1,0,62
2,27,38,2,0,0,0,0,24
3,32,46,4,1,0,1,0,37
2,26,25,3,0,0,0,0,28
30,91,94,9,1,0,1,0,95
14,71,71,4,1,0,1,0,80
10,57,58,6,0,1,1,0,59
22,93,98,9,1,0,1,0,96
10,52,51,2,0,0,1,0,43
23,97,95,7,1,0,1,0,92
28,94,100,7,0,0,1,0,99
16,70,75,6,1,0,0,0,62
16,62,79,5,0,0,1,0,66
12,73,73,5,0,0,1,0,72
3,44,24,3,1,0,0,0,30
9,62,55,2,0,0,0,0,51
4,11,10,0,1,0,0,0,11
24,85,86,5,0,0,1,0,83
11,68,63,3,1,0,0,1,67
12,75,77,6,0,0,0,0,66
1,26,28,1,0,0,0,0,16
3,48,46,3,1,0,0,0,39
11,49,42,5,1,0,1,0,44
16,69,77,7,0,0,0,0,61
11,70,69,3,1,0,1,0,65
13,66,64,2,1,0,1,0,53
11,79,67,6,0,0,0,0,60
20,91,84,6,1,0,1,0,84
13,62,65,5,0,0,0,0,55
4,36,20,0,0,0,0,0,28
5,57,47,2,0,0,1,0,31
4,28,25,0,0,0,0,1,16
13,81,68,5,1,0,0,0,68
1,25,10,1,0,0,0,0,10
21,99,93,9,0,0,1,0,100
5,60,58,5,0,1,0,0,43
10,82,71,4,0,0,0,1,68
22,83,88,9,1,0,1,0,87
6,64,47,5,1,0,0,1,42
5,28,30,3,0,1,0,0,24
8,57,35,1,0,1,1,0,35
13,86,74,5,1,0,1,0,75
19,93,85,8,1,0,1,0,88
14,74,75,7,0,0,1,0,71
20,84,71,5,1,0,1,0,79
1,28,6,1,0,0,0,0,6
2,22,29,0,0,0,1,0,28
15,71,62,3,1,0,0,0,66
14,86,73,6,1,0,1,0,79
4,48,49,3,1,0,1,0,39
18,82,81,6,1,0,1,0,87
5,31,35,0,0,0,1,0,26
24,90,90,8,1,0,0,0,92
7,34,41,1,0,0,0,0,38
5,22,38,3,0,0,0,1,21
23,91,96,8,1,0,1,0,95
29,94,99,7,1,0,0,0,100
3,49,41,4,0,0,0,1,32
11,79,62,7,1,0,1,0,66
6,36,24,1,1,0,0,1,24
6,60,54,2,1,0,1,0,43
15,77,79,4,0,0,1,0,68
3,12,16,1,0,0,1,0,13
5,54,38,1,0,0,0,1,37
11,52,56,3,0,0,1,0,48
3,37,21,1,0,0,1,0,27
25,95,93,9,1,0,0,0,99
15,85,72,7,1,0,1,0,77
12,60,50,4,0,0,1,0,59
15,81,80,7,0,0,1,0,73
3,29,31,2,0,0,1,0,28
24,92,81,5,1,0,0,0,82
2,48,20,2,0,0,0,0,29
5,60,50,1,0,0,0,0,47
10,58,64,4,0,0,0,0,54
3,28,29,0,1,0,0,1,21
8,50,63,4,1,0,0,0,57
3,30,25,1,0,0,0,1,29
6,47,32,1,0,0,0,1,38
17,76,72,3,0,0,0,0,63
3,54,40,3,1,0,1,0,37
30,92,98,8,1,0,0,0,98
7,42,39,2,0,0,0,0,33
17,73,79,4,0,0,1,0,76
13,77,77,6,1,0,0,0,63
3,57,49,2,0,1,0,1,35
1,27,19,1,0,0,0,0,7
14,71,57,6,0,0,0,1,51
2,36,25,3,0,0,0,0,24
3,41,44,4,0,0,0,0,38
4,31,47,3,0,0,0,0,34
26,100,90,10,1,0,1,0,92
9,59,67,4,0,0,0,0,59
11,74,57,5,0,0,1,0,51
10,55,45,2,0,0,1,0,48
2,46,26,2,1,0,1,0,25
13,71,84,7,0,0,1,0,75
4,44,20,2,0,0,0,0,24
19,83,82,9,0,0,0,0,87
24,91,96,7,1,0,1,0,93
6,40,48,4,0,1,1,0,32
0,6,3,1,0,0,1,0,7
14,78,58,4,0,0,1,0,57
11,67,79,5,1,0,1,0,68
6,41,29,1,0,0,0,1,23
2,15,1,1,0,1,1,0,9
10,64,52,4,0,0,1,0,52
11,69,43,1,0,0,0,1,42
26,99,90,7,0,0,1,0,97
6,51,31,2,0,0,0,0,32
15,83,73,6,1,0,0,0,70
14,69,76,5,1,0,1,0,64
16,75,82,4,0,0,1,0,79
16,74,75,5,1,0,1,0,62
14,82,83,7,1,0,0,0,76
13,58,56,6,0,0,1,0,57
4,24,20,2,1,0,1,0,27
2,15,1,1,0,1,0,0,8
1,25,15,1,0,0,0,1,9
27,99,94,7,0,0,0,0,92
13,70,51,3,0,0,0,0,56
0,12,5,0,0,0,0,0,7
26,97,98,7,1,0,1,0,92
11,57,58,5,0,0,0,0,60
18,90,88,8,1,0,0,0,88
11,76,60,4,1,0,0,0,69
17,79,83,8,0,0,0,0,74
2,24,22,2,0,1,0,0,20
2,38,15,1,0,0,0,0,17
24,81,84,9,1,0,0,0,89
16,79,65,5,1,0,1,0,69
21,91,98,8,0,0,1,0,94
6,44,40,3,0,1,0,1,31
13,75,69,2,1,0,0,0,56
6,50,57,3,0,0,1,0,49
1,10,21,2,0,0,0,0,15
3,24,33,2,0,1,0,0,23
7,58,38,3,0,0,0,1,39
3,51,43,4,0,0,0,1,39
22,93,89,5,1,0,1,0,85
7,50,48,1,1,0,1,0,35
1,8,18,0,0,0,0,1,9
3,43,36,3,0,0,0,0,40
11,71,75,3,0,0,0,0,61
2,35,20,2,0,0,0,0,20
13,74,65,3,1,0,0,0,58
23,84,87,6,1,0,1,0,89
11,78,61,6,1,0,0,0,66
28,98,90,9,1,0,1,0,95
16,85,83,7,0,0,0,0,85
16,68,62,5,1,0,1,0,63
20,91,91,7,0,0,0,0,100
19,72,80,7,0,0,1,0,78
6,32,32,1,0,0,0,1,37
5,47,32,0,0,1,1,0,29
10,64,55,2,0,0,1,0,58
14,53,68,2,0,0,0,0,51
12,83,72,6,1,0,0,0,67
6,25,37,1,1,0,1,0,28
17,80,63,3,1,0,0,0,70
4,43,31,1,0,0,0,1,39
23,100,94,10,1,0,1,0,91
22,93,93,10,1,0,1,0,95
22,82,80,5,1,0,0,0,89
3,35,13,2,0,0,0,1,13
13,67,65,3,0,0,0,0,54
21,94,85,8,1,0,1,0,87
9,55,62,4,0,0,0,0,59
5,29,24,1,0,0,1,0,22
2,10,22,1,0,0,0,0,17
15,75,75,7,1,0,1,0,69
6,32,37,3,0,0,1,0,31
11,58,49,3,0,0,0,0,44
23,91,89,6,1,0,1,0,84
16,74,64,5,0,0,0,0,69
3,29,24,2,0,0,0,1,13
3,36,17,0,0,1,0,0,17
1,7,8,1,0,1,0,0,5
13,70,74,4,0,0,1,0,69
24,91,81,6,0,0,1,0,90
0,6,1,0,0,1,1,0,7
30,93,91,7,1,0,1,0,93
3,54,49,4,1,0,0,0,37
12,58,54,5,1,0,1,0,55
12,55,64,6,1,0,1,0,54
5,58,39,2,1,0,1,0,33
21,100,95,7,1,0,1,0,97
16,85,77,4,0,0,0,0,80
8,76,63,3,0,0,1,0,52
1,27,4,0,0,0,1,0,0
8,55,39,4,0,0,0,1,33
4,28,20,3,0,0,0,1,24
5,41,39,1,0,1,0,0,37
9,70,54,4,0,0,0,0,53
22,88,83,7,1,0,0,0,87
3,36,20,2,0,0,0,0,17
25,90,98,7,1,0,0,0,100
17,90,80,9,1,0,1,0,81
7,55,47,1,0,0,0,0,33
8,56,44,4,0,0,1,0,38
10,59,57,1,1,0,0,0,45
2,4,1,0,0,1,0,0,5
3,35,23,2,0,0,0,1,29
1,27,19,1,0,0,0,0,13
18,86,84,8,1,0,0,0,80
20,88,88,8,0,0,1,0,84
15,77,70,7,0,0,1,0,74
14,85,83,6,0,0,0,0,72
10,62,69,6,0,0,0,0,56
2,1,4,1,0,0,0,0,2
22,93,83,6,1,0,1,0,90
15,94,86,8,0,0,0,0,83
2,28,12,1,0,0,1,0,20
8,31,31,2,1,0,0,0,31
13,78,82,8,1,0,1,0,80
16,84,84,6,0,0,1,0,71
30,93,95,9,1,0,1,0,98
19,82,81,6,0,0,1,0,83
6,58,41,2,1,0,0,0,37
2,17,10,0,0,1,1,0,8
5,48,41,5,0,0,1,0,47
1,18,0,0,0,0,0,0,5
24,92,91,9,0,0,1,0,100
6,54,44,2,0,1,1,0,33
7,37,48,3,0,0,1,0,34
10,79,68,7,1,0,0,1,62
4,37,46,2,0,0,0,0,33
29,92,96,10,1,0,1,0,92
8,55,46,5,1,0,0,0,46
24,91,91,9,1,0,1,0,92
3,34,31,0,0,1,0,0,30
7,47,40,3,0,0,0,0,45
16,74,73,7,0,0,1,0,73
8,51,34,1,0,1,1,0,34
2,18,19,0,0,0,0,1,8
7,53,40,1,0,0,0,0,49
0,9,19,1,0,0,0,1,9
20,95,94,8,1,0,1,0,94
14,72,60,5,1,0,0,0,63
27,97,99,8,1,0,1,0,91
7,32,32,3,0,0,0,1,40
6,41,21,3,0,0,0,1,24
2,31,32,1,0,0,1,0,28
7,42,53,1,0,0,0,1,41
11,69,74,4,0,1,0,1,69
0,0,18,0,0,0,0,1,7
22,83,80,5,0,0,1,0,89
18,93,87,5,0,0,0,0,90
20,99,94,9,1,0,0,0,93
11,67,44,3,0,0,0,0,42
16,82,89,9,1,0,0,0,87
13,62,62,3,0,0,0,0,58
2,11,23,2,0,0,0,1,19
4,40,39,2,0,0,0,1,21
5,39,25,1,1,0,1,0,23
10,66,52,3,0,1,0,0,54
29,92,99,7,0,0,1,0,96
4,53,36,3,1,0,0,1,37
4,32,31,1,0,0,0,0,39
14,60,74,5,0,0,0,0,63
28,91,92,7,1,0,0,0,95
19,87,86,7,0,1,1,0,90
15,72,70,6,0,0,1,0,64
18,75,72,5,1,0,0,0,74
6,41,35,3,0,0,1,0,34
23,93,97,10,1,0,1,0,97
6,38,37,2,0,1,0,0,39
13,87,81,5,0,0,1,0,72
8,31,42,3,0,0,0,1,32
7,52,41,2,0,0,1,0,33
4,41,31,0,0,0,0,0,28
15,61,65,6,1,0,0,0,64
3,14,23,0,0,0,0,0,19
0,26,12,0,0,1,1,0,7
9,54,41,3,0,0,1,0,42
22,91,96,9,1,0,1,0,92
18,89,71,4,0,0,0,0,73
15,79,73,4,0,1,1,0,79
5,31,37,3,0,0,0,1,38
22,92,83,5,1,0,1,0,84
4,48,23,0,1,0,0,1,27
16,79,63,5,1,0,1,0,69
27,98,98,8,0,0,0,0,94
1,7,17,0,0,0,0,1,10
21,80,77,4,0,0,0,0,78
17,74,69,5,0,0,1,0,67
5,50,38,4,0,0,0,0,36
3,36,18,1,0,1,0,0,18
20,98,98,7,1,0,0,0,94
28,97,98,10,0,0,1,0,99
26,92,93,8,1,0,1,0,100
8,46,45,2,1,0,0,0,41
18,87,81,9,1,0,1,0,85
6,37,39,1,0,0,1,0,29
20,79,80,8,0,0,1,0,78
1,31,29,0,0,0,0,0,20
6,38,38,2,0,0,0,1,25
7,67,42,4,0,0,0,0,47
12,70,76,4,1,0,1,0,61
1,38,23,2,0,1,0,1,11
22,100,98,7,0,0,1,0,100
7,40,35,3,0,0,0,1,39
20,99,100,8,1,0,0,0,91
1,1,15,1,0,1,0,0,0
10,67,51,2,1,0,1,0,59
1,37,26,1,0,0,0,0,18
16,78,73,8,0,0,0,0,77
27,97,94,10,1,0,0,0,93
4,34,45,4,0,0,0,0,38
1,24,8,1,0,1,1,0,4
14,66,66,6,0,0,1,0,57
14,69,57,6,1,0,1,0,53
19,77,78,7,0,0,1,0,74
4,16,25,0,0,0,0,1,11
26,91,94,9,1,0,1,0,95
21,84,74,5,1,0,1,0,73
4,27,18,0,1,0,1,0,15
2,27,22,1,0,1,0,0,19
3,36,10,2,0,1,0,0,12
5,48,38,0,0,0,0,0,28
3,57,35,1,0,1,1,0,33
2,21,34,0,0,0,0,0,24
5,24,24,2,0,1,0,0,30
23,80,81,8,0,0,0,0,89
7,56,43,2,0,0,0,0,37
22,97,99,8,1,0,1,0,98
3,54,43,1,1,0,0,0,31
10,67,59,3,0,0,0,0,43
6,58,54,2,1,0,0,0,49
2,39,39,1,0,0,0,0,30
8,63,64,4,0,0,0,0,54
2,6,16,0,0,0,0,0,10
3,25,28,0,0,0,0,0,27
15,92,85,8,1,0,0,0,81
17,88,82,5,1,0,1,0,85
6,63,51,5,1,0,0,0,41
8,69,50,3,1,0,1,0,52
21,89,81,5,0,0,0,0,85
25,94,99,10,1,0,0,0,94
9,54,52,3,0,0,1,0,57
19,72,75,8,0,0,0,0,72
20,90,95,9,1,0,1,0,92
11,79,69,3,1,0,0,0,63
1,32,20,2,0,0,0,0,17
19,91,88,6,0,0,0,0,82
2,30,14,1,0,0,0,1,14
8,62,69,4,0,0,1,0,58
3,38,25,2,0,0,0,1,14
6,31,30,1,0,0,0,0,25
21,79,79,4,1,0,1,0,79
12,54,66,6,0,0,1,0,54
15,81,74,7,1,0,1,0,77
11,51,59,4,1,0,1,0,59
2,44,35,1,0,0,1,0,25
22,85,89,8,1,0,0,0,84
8,66,63,4,0,0,0,0,60
13,53,61,6,1,0,1,0,52
20,87,82,5,1,0,1,0,89
10,77,52,2,0,0,1,0,55
4,36,24,2,0,0,1,0,14
9,48,48,5,1,0,0,1,44
9,62,43,1,0,0,0,1,48
8,51,33,2,0,0,1,0,34
13,79,56,5,0,0,1,0,51
21,74,70,5,1,0,1,0,71
3,47,48,4,0,0,1,0,37
29,94,95,7,0,0,1,0,91
14,66,50,3,0,0,0,0,52
1,20,6,0,0,1,1,0,9
15,77,75,4,1,0,1,0,72
8,52,43,2,0,0,1,0,35
9,65,56,2,0,0,1,0,42
16,66,79,7,0,0,0,0,67
10,59,51,3,0,0,0,0,58
3,39,47,2,1,0,0,0,40
16,83,80,4,1,0,1,0,74
3,45,32,1,0,0,0,0,37
13,72,59,3,0,0,1,0,55
2,27,14,2,0,0,1,0,19
17,76,74,7,0,0,1,0,61
1,16,1,0,0,1,0,0,0
22,98,93,10,1,0,1,0,95
7,42,48,4,1,0,0,1,34
15,64,78,6,0,0,1,0,66
6,49,31,2,0,1,0,1,27
24,92,97,9,1,0,0,0,97
4,27,29,1,1,0,0,0,22
2,32,23,2,0,1,1,0,13
3,20,30,0,0,1,0,0,27
1,27,6,1,0,0,0,1,8
9,54,50,5,1,0,1,0,52
9,52,57,1,0,0,0,0,43
9,78,64,6,0,0,1,0,60
29,92,100,7,1,0,1,0,95
22,83,84,8,1,0,1,0,88
13,86,82,7,1,0,0,0,80
3,24,29,3,0,0,0,0,26
14,71,78,8,0,0,1,0,80
27,97,100,10,1,0,0,0,100
23,98,92,9,1,0,1,0,100
20,93,90,9,0,0,0,0,96
1,25,8,1,0,0,0,1,8
5,33,39,0,0,0,0,0,28
15,83,61,7,1,0,1,0,66
14,83,71,7,1,0,0,0,78
1,12,5,1,0,0,1,0,9
17,87,85,8,0,0,1,0,82
4,44,31,4,0,0,1,0,33
16,78,76,4,1,0,1,0,62
6,43,30,2,0,0,0,1,24
21,94,100,10,1,0,0,0,99
5,37,45,1,0,0,0,0,35
4,11,22,0,0,0,0,0,18
22,87,89,6,1,0,0,0,90
2,20,24,2,0,0,1,0,17
12,67,68,4,0,0,0,1,55
22,92,92,8,1,0,0,0,92
14,79,61,3,0,0,0,1,53
8,73,60,4,0,0,0,0,54
7,63,57,5,1,0,0,0,43
11,44,40,1,1,0,0,0,43
6,46,57,4,0,1,1,0,42
11,83,71,6,0,0,1,0,68
6,30,40,3,0,0,1,0,40
3,31,12,1,1,0,0,0,14
29,94,99,9,1,0,1,0,95
14,66,61,5,0,0,1,0,58
1,22,13,2,0,0,0,1,12
27,100,99,9,1,0,0,0,100
11,79,64,5,1,0,1,0,66
13,65,67,6,0,0,0,0,52
1,9,1,1,0,0,0,1,6
23,98,99,7,1,0,1,0,94
23,89,86,7,1,0,1,0,81
2,5,2,1,0,1,1,0,9
17,75,82,6,1,0,0,1,78
1,12,12,1,0,1,0,1,11
4,22,22,2,0,0,0,0,15
22,97,99,10,0,0,1,0,100
26,94,95,9,1,0,1,0,98
16,61,66,4,0,0,1,0,67
13,81,72,6,0,0,0,0,69
12,83,62,3,0,0,0,0,70
17,89,80,9,1,0,1,0,87
3,36,35,3,0,0,1,0,35
29,97,99,10,1,0,1,0,92
13,79,63,5,0,0,0,0,70
4,35,27,2,0,0,0,0,25
0,16,0,0,1,0,0,1,3
16,82,80,7,1,0,0,0,87
21,80,85,7,1,0,1,0,88
8,54,39,2,1,0,1,0,33
1,10,13,2,0,0,1,0,20
5,30,28,2,1,0,1,0,21
15,80,87,8,1,0,1,0,90
20,80,80,5,0,0,0,0,84
12,51,54,4,0,0,0,0,60
5,49,36,1,0,0,0,0,37
11,44,45,3,1,0,1,0,42
0,17,9,0,0,0,0,1,2
4,29,25,1,0,1,0,0,19
5,39,26,0,0,1,1,0,21
6,49,39,0,0,1,0,1,25
10,60,75,5,1,0,1,0,65
12,73,80,8,1,0,1,0,76
11,81,77,7,0,0,1,0,70
6,27,30,2,0,0,0,0,22
23,100,95,8,1,0,0,0,92
12,77,75,3,0,0,1,0,61
2,22,18,0,0,0,0,1,11
7,57,49,2,1,0,1,0,50
10,77,77,4,0,0,0,0,69
11,46,59,1,0,0,0,0,46
6,33,25,2,0,0,0,0,22
19,82,84,6,1,0,0,1,89
11,61,54,5,1,0,1,0,56
13,64,67,3,1,0,0,1,60
0,1,3,0,0,0,0,0,8
11,59,59,6,0,0,1,0,53
17,88,89,5,0,0,1,0,89
24,92,100,7,1,0,0,0,99
2,22,38,1,0,0,0,1,21
11,77,57,3,1,0,1,0,54
3,26,23,3,0,0,0,1,22
29,97,92,7,0,0,1,0,98
8,42,55,3,1,0,1,0,44
2,13,14,1,0,0,1,0,3
15,72,71,7,1,0,0,0,66
4,35,47,3,1,0,0,1,32
4,55,43,2,0,0,1,0,33
16,81,70,4,0,0,1,0,75
1,19,24,0,0,0,0,0,18
17,81,70,4,0,0,1,0,78
1,13,16,0,0,0,0,0,8
8,56,58,5,0,0,0,0,52
5,67,57,2,0,0,0,0,50
5,40,38,1,0,0,0,1,32
4,35,38,1,1,0,0,1,37
4,33,37,4,0,0,0,0,33
2,27,31,2,0,0,1,0,26
27,94,91,10,1,0,1,0,100
15,83,83,6,1,0,0,0,71
0,21,6,1,0,0,0,0,9
16,92,84,9,0,0,0,0,82
0,10,2,1,1,0,0,0,4
6,33,36,2,0,0,0,0,25
8,66,51,2,0,1,1,0,43
2,20,20,2,0,0,0,0,17
9,57,42,3,0,0,0,0,45
10,68,64,5,0,0,0,0,66
16,90,85,9,1,0,1,0,85
14,74,75,7,0,0,0,0,72
1,36,10,1,0,0,0,0,17
2,25,19,0,0,1,0,1,5
8,47,35,1,0,0,0,1,34
2,39,15,2,0,0,1,0,17
10,46,40,5,0,0,0,1,47
5,27,29,1,0,0,0,0,29
18,86,84,4,1,0,1,0,79
3,55,36,3,1,0,0,0,31
5,59,42,4,0,0,0,0,40
29,91,92,8,1,0,0,0,93
5,26,30,0,0,0,0,1,21
2,32,34,0,0,0,0,0,21
22,81,80,8,0,0,1,0,82
8,38,37,2,0,0,1,0,38
5,63,40,5,1,0,1,0,41
2,39,17,0,0,0,0,1,17
0,1,5,1,0,0,0,0,10
20,92,98,8,1,0,0,0,94
3,40,36,1,1,0,1,0,32
17,77,68,6,0,0,0,0,69
2,30,23,2,1,0,0,0,13
4,32,27,1,0,0,1,0,16
2,12,2,0,1,0,0,0,1
20,92,88,8,1,0,1,0,83
17,70,82,4,1,0,0,0,76
9,56,51,2,0,0,0,0,56
4,29,31,2,1,0,0,0,24
6,56,31,4,0,0,0,0,38
4,51,41,1,0,0,0,0,39
11,42,48,3,0,0,1,0,41
12,65,63,2,0,0,1,0,53
23,99,97,8,0,0,1,0,99
11,58,45,2,1,0,0,1,44
18,88,76,4,0,0,1,0,71
2,29,26,0,0,0,0,0,16
5,24,31,0,0,0,1,0,27
2,33,34,2,0,0,0,0,21
12,77,72,6,0,0,1,0,75
1,24,0,1,0,1,1,0,8
18,89,75,8,1,0,1,0,78
2,24,26,1,1,0,1,0,22
25,93,93,8,1,0,1,0,92
16,69,77,5,0,0,0,0,63
10,43,56,2,0,0,0,0,48
3,53,33,4,0,0,1,0,31
14,62,73,6,1,0,0,0,63
2,36,36,1,0,0,1,0,26
1,29,1,0,0,0,0,0,1
4,14,17,0,0,0,0,1,12
29,97,96,9,0,0,1,0,94
7,38,32,2,0,0,0,0,39
11,41,40,4,0,0,1,0,47
10,61,76,4,0,0,0,0,66
2,0,18,0,0,0,1,0,1
2,43,23,1,0,0,0,0,25
8,47,45,2,0,0,0,0,33
23,86,88,7,0,1,0,0,89
14,80,69,4,1,0,0,0,65
24,99,98,7,0,0,1,0,91
8,54,58,1,1,0,0,0,43
19,92,87,5,0,0,1,0,89
8,41,37,1,0,0,0,0,37
13,64,73,5,0,0,1,0,68
12,65,63,4,0,0,1,0,52
5,30,35,4,0,0,1,0,36
5,51,46,4,0,0,0,0,33
24,88,89,5,1,0,1,0,87
16,92,86,5,1,0,1,0,81
6,66,42,1,0,0,1,0,41
4,16,28,0,1,0,0,0,12
22,87,88,5,1,0,1,0,82
13,84,81,7,0,0,0,0,75
13,72,66,2,1,0,1,0,56
7,36,36,3,1,0,0,0,32
4,30,22,0,1,0,0,0,13
12,85,71,6,0,0,1,0,75
21,89,84,7,1,0,1,0,90
6,51,43,2,0,0,0,0,48
7,53,57,4,0,0,0,1,43
8,62,58,5,0,1,0,0,60
19,91,89,9,0,0,1,0,86
6,66,45,4,0,0,1,0,50
5,30,23,1,1,0,0,0,26
17,86,83,6,0,0,1,0,85
10,71,56,5,1,0,1,0,60
9,60,55,5,0,0,0,0,53
2,6,9,0,0,0,1,0,5
19,80,84,6,1,0,0,0,82
10,72,59,3,0,0,1,0,56
3,33,29,0,1,0,0,1,13
20,77,81,5,0,0,1,0,74
17,85,75,4,1,0,0,0,73
4,29,15,1,0,0,0,0,14
12,71,72,3,1,0,0,0,68
7,49,34,4,1,0,0,0,33
8,58,48,4,0,0,0,1,33
18,71,79,5,1,0,1,0,76
8,53,35,1,1,0,0,0,32
6,43,49,1,0,1,0,0,37
1,39,17,1,0,1,0,0,17
3,24,19,0,1,0,1,0,14
1,14,15,0,0,0,0,0,7
9,55,68,2,0,0,0,0,57
4,33,12,2,0,0,0,1,13
7,40,37,1,0,0,0,1,34
17,79,66,7,1,0,0,0,64
6,40,33,2,1,0,1,0,25
3,54,38,4,0,0,1,0,34
3,27,21,0,0,1,1,0,13
18,85,74,7,1,0,1,0,80
6,25,30,1,1,0,0,0,28
2,23,16,0,0,0,1,0,1
10,63,69,6,0,0,1,0,65
1,37,23,2,0,0,1,0,16
23,92,95,10,1,0,1,0,92
2,3,16,1,0,0,0,1,2
19,87,70,4,1,0,1,0,75
5,38,34,0,1,0,1,0,21
24,97,91,7,1,0,1,0,91
9,77,57,4,0,0,0,0,58
3,29,20,2,0,0,0,1,11
3,33,31,3,0,0,1,0,27
21,77,72,8,0,0,1,0,79
20,99,96,9,1,0,0,0,93
13,70,77,4,0,0,1,0,71
23,91,88,7,0,0,1,0,89
12,80,67,4,1,0,1,0,65
14,68,59,6,1,0,0,0,56
6,26,23,0,1,0,0,0,27
1,37,22,1,0,0,1,0,20
14,60,53,2,1,0,0,1,59
16,73,82,6,0,0,1,0,80
1,22,15,2,0,1,0,1,16
20,87,88,7,1,0,1,0,82
1,22,12,2,0,1,0,0,12
26,94,93,8,1,0,1,0,98
1,31,25,0,0,0,1,0,19
26,91,99,8,1,0,0,0,93
2,3,14,1,0,0,0,0,10
0,12,14,0,0,0,1,0,2
2,7,6,0,0,0,1,0,8
1,13,16,0,1,0,0,1,16
8,79,69,6,0,0,0,0,52
2,25,6,1,0,0,0,1,0
16,84,82,6,0,0,1,0,90
14,73,71,7,0,0,0,0,69
5,50,55,5,0,0,0,0,49
8,45,39,3,1,0,0,1,40
4,24,26,0,0,1,0,0,11
21,79,80,5,1,0,1,0,73
11,74,55,4,0,0,1,0,53
1,6,9,0,0,1,0,1,10
4,46,36,1,0,0,0,0,22
9,79,69,4,1,0,1,0,54
16,76,75,6,1,0,1,0,76
24,93,90,9,1,0,0,0,100
5,32,28,0,0,1,1,0,28
4,35,25,0,0,0,0,0,19
15,78,78,7,1,0,0,0,74
6,44,31,2,0,0,0,1,32
7,48,44,1,0,0,0,1,35
11,54,49,5,0,1,1,0,42
19,93,89,7,0,0,1,0,81
7,59,49,1,0,0,1,0,32
23,95,92,9,1,0,1,0,92
14,73,77,3,1,0,0,0,68
19,84,89,9,0,0,1,0,81
27,94,92,10,1,0,1,0,100
7,48,53,5,0,0,0,1,49
11,41,42,3,0,0,0,0,42
0,27,7,0,0,0,0,1,4
3,37,20,1,0,1,1,0,29
14,87,75,5,1,0,0,0,77
13,75,77,6,1,0,1,0,70
2,0,17,0,0,0,0,1,1
18,72,79,5,0,0,1,0,76
4,41,41,2,0,0,0,1,35
2,29,15,0,0,0,1,0,9
24,90,99,9,1,0,1,0,100
24,96,95,8,1,0,1,0,97
6,38,33,3,0,1,0,0,29
5,41,33,3,1,0,0,0,25
11,77,74,6,1,0,1,0,63
11,68,54,2,0,0,0,0,49
23,92,95,8,1,0,1,0,98
7,49,44,4,0,0,0,0,44
1,18,7,1,0,0,0,0,5
12,64,69,3,0,0,0,0,63
20,74,73,6,1,0,0,0,76
4,48,31,0,0,0,1,0,25
29,95,98,10,1,0,1,0,100
8,38,41,3,0,1,1,0,39
3,38,17,1,0,0,0,0,20
17,74,69,4,1,0,0,0,66
8,46,47,3,1,0,0,0,49
13,76,63,3,0,0,0,0,67
3,16,20,2,0,0,0,0,13
10,68,56,5,1,0,1,0,48
12,74,60,6,1,0,1,0,65
3,35,49,4,1,0,0,0,32
1,21,1,1,0,0,0,1,1
4,43,32,1,0,1,1,0,36
3,15,14,0,0,0,0,0,20
2,23,13,0,0,0,0,0,11
14,79,72,4,0,0,1,0,78
10,74,63,3,0,0,0,0,52
2,29,10,0,0,0,0,0,12
22,93,89,9,1,0,0,0,84
7,57,41,4,0,0,1,0,40
4,38,20,2,0,0,0,0,20
7,59,48,2,0,0,0,1,32
7,45,38,3,0,1,0,0,33
2,23,18,0,0,0,0,0,8
8,73,60,2,1,0,1,0,51
16,62,79,3,1,0,1,0,62
21,81,80,9,1,0,1,0,89
1,23,18,1,0,0,1,0,12
6,20,26,2,0,0,0,0,27
24,81,87,9,1,0,1,0,81
15,74,77,3,0,0,1,0,62
5,62,41,4,1,0,0,0,49
8,35,37,1,1,0,0,0,35
13,79,66,5,0,0,0,0,53
15,92,83,9,0,0,1,0,81
13,86,76,6,0,0,0,0,79
22,80,82,6,1,0,1,0,88
5,26,31,2,0,1,0,0,29
1,27,8,0,0,0,1,0,0
24,82,87,6,0,0,0,0,88
12,79,71,6,1,0,0,0,78
8,59,37,3,0,0,0,0,34
5,37,27,0,0,0,0,0,21
5,36,46,4,0,0,0,1,35
9,47,43,5,0,0,1,0,45
18,82,82,7,1,0,1,0,86
17,62,68,3,0,1,0,0,65
19,85,88,5,1,0,1,0,84
1,11,0,1,0,1,0,0,8
5,37,20,0,0,0,0,0,30
12,72,75,3,0,0,0,0,68
7,36,41,4,0,0,0,1,34
11,43,50,5,0,0,1,0,45
3,38,22,1,0,0,0,1,11
12,77,75,6,1,0,0,0,75
12,57,51,5,0,0,1,0,58
3,32,14,2,0,0,0,0,15
3,33,21,2,0,1,1,0,15
6,34,27,3,0,1,1,0,23
16,73,61,6,0,0,1,0,66
21,82,76,5,1,0,1,0,78
3,30,22,1,1,0,0,0,25
6,42,41,3,0,0,1,0,33
12,73,66,2,0,0,0,0,53
22,94,86,7,0,0,1,0,85
12,62,63,4,1,0,0,0,51
5,20,35,3,1,0,0,0,24
3,23,26,2,0,0,0,0,20
24,82,84,9,1,0,1,0,83
4,36,29,2,0,0,0,0,11
8,38,41,3,0,0,0,1,36
13,79,75,7,1,0,0,0,71
15,88,84,4,0,0,1,0,73
3,56,32,1,0,0,0,0,32
4,36,25,0,0,0,0,1,30
10,64,49,5,0,0,1,0,44
19,84,89,9,0,0,0,1,90
19,94,80,9,0,0,1,0,85
4,43,33,3,1,0,0,1,37
5,20,38,3,0,0,0,1,27
16,93,83,9,1,0,0,0,89
13,78,67,5,1,0,0,0,61
2,14,25,2,0,0,0,0,15
9,79,50,3,0,0,0,0,55
17,73,82,5,0,0,0,0,78
4,20,26,1,0,0,1,0,19
14,72,84,7,1,0,0,1,71
23,97,93,10,1,0,0,0,99
5,64,54,1,0,0,0,0,45
28,99,95,8,1,0,1,0,93
7,62,41,2,0,0,0,0,45
9,63,41,2,0,0,1,0,44
1,22,17,2,0,0,1,0,13
13,53,55,3,0,1,1,0,55
22,90,95,7,0,0,0,0,95
1,38,14,0,0,0,0,0,19
4,22,39,2,0,0,0,0,29
20,94,89,6,1,0,0,0,89
25,97,93,7,1,0,0,1,92
11,43,43,2,0,0,1,0,44
14,85,73,6,1,0,1,0,76
11,62,58,4,0,0,0,0,52
11,80,74,3,0,0,0,0,70
26,95,95,8,1,0,1,0,96
3,45,38,4,0,0,0,0,38
27,94,94,7,0,0,1,0,92
2,16,2,1,0,0,0,1,9
18,91,86,5,0,0,1,0,83
1,34,13,0,0,0,0,1,13
6,33,49,1,0,0,1,0,38
16,84,79,6,1,0,0,0,77
3,24,34,3,1,0,0,0,27
19,76,73,5,0,0,1,0,80
24,88,82,6,1,0,1,0,90
27,97,94,10,1,0,0,0,100
10,68,53,5,0,0,0,0,55
8,43,41,1,0,0,1,0,35
25,99,95,7,0,0,1,0,95
9,69,54,3,0,0,1,0,47
1,6,18,1,0,0,0,1,1
13,76,57,5,0,0,1,0,56
3,22,18,1,0,0,1,0,13
4,25,17,1,0,0,0,1,13
4,16,10,2,0,0,0,1,14
3,38,23,3,1,0,1,0,23
0,25,4,1,0,1,0,1,7
16,82,76,8,0,0,1,0,79
16,84,82,7,1,0,0,0,78
9,58,66,4,1,0,1,0,52
14,62,59,4,0,0,0,0,58
6,40,55,3,0,0,0,0,46
26,100,99,10,1,0,0,0,94
4,35,21,1,0,0,0,1,29
8,54,30,4,1,0,0,0,40
1,19,3,1,1,0,1,0,1
19,80,77,4,0,0,1,0,71
17,92,83,8,0,0,1,0,86
25,96,95,7,1,0,1,0,94
19,72,75,5,0,0,1,0,78
2,45,29,0,1,0,0,0,26
2,13,15,0,0,1,0,0,14
17,62,64,3,1,0,1,0,62
18,80,79,8,0,0,1,0,79
15,70,76,4,0,0,1,0,74
6,23,38,3,1,0,0,1,21
30,100,91,8,1,0,1,0,96
0,0,10,0,0,0,1,0,4
21,92,94,10,0,0,1,0,99
23,91,86,7,1,0,0,0,85
24,80,81,7,0,0,1,0,87
18,80,80,6,1,0,1,0,81
14,73,56,6,0,0,1,0,60
21,91,81,9,0,0,0,0,84
18,83,89,9,0,0,0,0,90
14,79,76,5,1,0,0,0,62
5,43,43,1,1,0,0,0,36
18,82,83,5,0,0,1,0,84
10,53,58,4,0,0,1,0,52
1,0,16,0,0,0,0,1,5
9,67,44,3,0,0,1,0,44
9,57,55,4,0,0,0,0,45
7,31,48,1,0,1,1,0,35
19,88,77,7,1,0,0,0,75
12,63,64,3,1,0,1,0,70
10,62,75,5,1,0,0,0,66
7,46,46,2,0,0,0,0,33
11,61,78,5,0,0,1,0,64
8,53,45,2,0,0,0,0,36
17,76,80,6,0,0,1,0,73
15,77,70,6,0,0,1,0,73
19,85,77,8,0,0,0,0,71
22,94,100,8,0,0,1,0,95
19,85,84,7,1,0,0,0,88
18,84,89,6,0,0,1,0,81
9,63,45,1,0,0,0,0,46
4,54,42,3,0,0,0,0,33
1,15,13,1,0,0,1,0,3
5,52,30,3,0,0,0,0,37
16,89,89,8,0,0,0,0,88
5,63,51,5,0,0,1,0,49
5,37,35,4,1,0,0,0,39
24,86,87,6,1,0,1,0,83
4,29,21,1,0,1,1,0,26
3,16,19,2,0,1,0,1,12
10,50,66,4,1,0,1,0,52
20,82,78,7,1,0,0,0,77
15,77,76,3,1,0,1,0,61
12,72,65,5,1,0,0,0,58
22,92,98,9,1,0,1,0,99
14,72,60,5,0,0,0,0,54
6,39,39,4,0,0,1,0,34
0,6,3,1,0,0,0,0,4
3,45,41,2,0,0,1,0,31
19,92,81,6,1,0,1,0,88
3,11,15,2,0,1,0,0,16
19,70,72,8,1,0,1,0,78
16,88,88,6,0,1,1,0,87
11,40,41,3,1,0,0,0,46
13,63,62,3,1,0,0,0,60
17,83,88,9,1,0,0,0,87
1,16,23,2,0,0,0,1,11
30,94,96,8,1,0,0,0,91
3,31,29,1,1,0,1,0,26
14,70,60,2,0,0,0,0,54
11,77,79,7,1,0,1,0,65
25,100,93,7,0,0,1,0,92
25,90,90,7,0,0,0,0,100
3,11,19,2,1,0,0,1,12
19,87,84,6,1,0,0,0,83
20,93,89,9,0,0,0,0,87
19,82,80,6,1,0,1,0,71
12,70,81,6,0,0,0,0,79
8,55,58,1,0,0,0,0,41
25,94,97,7,1,0,0,0,92
6,63,45,3,1,0,0,0,46
1,12,25,2,0,0,1,0,13
2,28,22,0,1,0,0,1,11
14,70,82,4,0,0,1,0,78
2,24,14,2,0,0,0,1,15
20,86,80,6,0,0,0,0,74
20,73,84,7,0,0,0,0,73
7,63,47,2,1,0,0,0,46
15,76,73,4,0,0,1,0,65
13,55,55,3,0,0,1,0,53
10,69,52,4,0,1,1,0,59
21,93,91,8,1,0,1,0,96
21,81,80,9,1,0,0,0,87
1,24,28,2,0,0,0,0,19
14,70,61,3,0,0,0,0,58
12,84,80,7,1,0,0,0,80
17,84,86,6,0,0,1,0,85
5,51,45,2,1,0,0,0,47
3,41,37,2,0,0,0,0,21
4,23,29,1,0,0,0,0,14
6,27,27,3,0,0,0,0,22
7,62,58,4,0,0,0,0,42
6,54,49,1,0,0,1,0,49
20,81,83,8,0,0,0,0,90
14,59,63,4,0,0,0,1,51
5,43,45,5,0,0,0,0,47
0,3,13,0,0,0,0,0,2
6,65,47,5,0,0,1,0,43
15,85,78,7,0,0,0,1,71
11,75,77,6,1,0,0,0,69
3,13,29,2,0,0,0,1,15
4,31,45,1,0,0,1,0,39
7,56,38,1,1,0,0,0,32
4,46,23,0,1,0,1,0,24
9,64,53,4,0,0,0,1,47
1,23,16,0,0,0,0,0,12
26,98,96,8,1,0,1,0,98
10,69,60,5,0,0,0,1,53
5,27,38,0,0,0,0,0,29
3,34,21,3,0,0,1,0,24
2,27,22,2,0,0,0,0,19
2,37,22,0,0,0,0,0,26
2,22,5,1,0,0,0,0,1
9,67,51,3,0,0,1,0,56
5,28,22,2,0,0,1,0,29
0,8,5,0,0,0,0,0,7
13,83,70,6,0,0,0,0,64
10,79,65,2,0,0,1,0,57
2,18,3,0,0,1,0,1,9
18,87,76,4,1,0,0,0,76
2,47,33,0,0,0,0,0,28
4,29,16,2,0,0,0,1,11
1,35,29,0,0,0,1,0,13
26,96,99,7,0,0,1,0,97
8,43,58,5,0,0,1,0,44
5,35,38,3,1,0,0,0,39
5,41,54,5,0,0,0,0,50
23,92,80,7,1,0,1,0,88
23,83,88,5,1,0,0,0,85
17,77,70,3,0,0,0,0,67
14,82,67,3,0,0,0,0,61
18,94,82,8,0,0,1,0,86
24,98,99,7,1,0,0,0,97
7,67,50,2,0,0,0,0,42
2,23,21,1,1,0,1,0,28
7,48,56,5,1,0,0,0,43
4,24,14,2,0,0,0,0,17
18,89,88,8,1,0,1,0,86
15,61,77,6,0,0,1,0,66
13,84,67,3,0,1,1,0,67
8,34,30,1,1,0,0,0,38
15,63,62,3,0,0,1,0,61
2,40,35,1,0,1,0,0,24
1,33,26,2,0,0,1,0,12
1,10,14,1,0,0,0,1,7
11,71,50,2,1,0,1,0,52
3,51,32,2,0,0,0,1,39
4,41,39,0,1,0,0,0,23
0,25,9,1,0,1,0,1,8
8,46,59,5,0,0,0,0,47
2,29,15,1,0,0,0,1,10
22,84,80,7,1,0,1,0,90
10,65,55,6,1,0,0,0,58
28,94,98,8,0,0,0,0,100
5,47,33,3,1,0,1,0,39
20,75,80,4,0,0,0,0,80
20,91,90,10,1,0,1,0,98
5,59,43,4,0,0,0,0,31
2,34,22,0,1,0,0,0,17
29,100,96,8,1,0,1,0,99
4,37,27,0,0,0,1,0,15
0,19,18,0,1,0,0,0,2
12,75,54,3,1,0,1,0,54
4,29,18,0,0,1,0,0,14
29,93,98,8,1,0,0,0,93
8,61,44,5,1,0,0,0,46
21,91,85,6,1,0,0,0,87
10,77,63,3,0,0,1,0,52
3,21,24,3,0,0,0,1,21
25,98,97,7,1,0,0,1,99
28,99,92,10,1,0,1,0,100
15,81,70,8,1,0,1,0,74
2,17,27,0,0,0,0,1,17
2,46,36,3,0,0,1,0,28
21,88,83,7,0,0,0,0,83
14,70,55,6,1,0,0,1,55
8,43,43,1,0,1,0,0,31
8,64,50,3,0,0,1,0,56
8,45,55,3,0,0,0,1,44
11,50,59,3,1,0,0,0,55
12,64,71,3,1,0,0,1,70
25,95,98,8,0,0,0,0,97
19,93,81,6,0,0,1,0,87
2,16,3,0,0,1,0,1,8
19,80,73,5,1,0,1,0,75
2,12,6,1,0,1,0,1,0
4,42,23,0,0,0,1,0,30
5,42,38,1,0,0,0,0,25
14,83,84,7,1,0,0,0,74
25,95,91,9,1,0,0,0,100
7,64,46,1,0,0,1,0,42
12,68,56,3,1,0,1,0,55
11,58,61,2,1,0,0,0,53
13,80,66,7,1,0,1,0,64
10,83,73,5,0,0,0,0,65
8,49,43,2,0,0,0,1,34
17,74,73,7,0,0,1,0,67
2,27,31,0,0,0,0,0,22
20,87,76,7,0,0,1,0,72
20,92,82,9,0,0,1,0,89
4,38,37,1,1,0,0,1,26
24,94,98,8,1,0,0,0,100
6,35,38,0,0,0,0,1,29
9,53,66,2,0,0,1,0,56
20,97,99,8,1,0,0,0,96
20,100,97,7,1,0,0,0,91
3,16,12,2,0,0,1,0,14
26,95,97,7,1,0,1,0,93
18,70,84,7,0,0,1,0,73
22,91,86,8,0,0,1,0,82
26,90,90,7,1,0,0,0,96
10,65,42,4,0,1,1,0,45
14,75,61,5,0,0,1,0,59
13,75,69,5,0,0,0,0,57
21,81,74,8,0,0,1,0,74
6,48,44,2,0,0,1,0,34
2,46,32,3,0,1,1,0,29
11,58,68,6,0,1,1,0,54
2,47,35,1,0,0,0,1,28
8,60,66,3,0,0,0,1,55
18,82,81,5,0,0,1,0,72
22,92,87,9,1,0,0,0,85
19,80,71,5,0,0,0,0,77
22,98,94,10,1,0,0,0,98
11,48,40,3,0,0,0,1,48
3,37,19,1,0,0,0,0,18
24,90,90,8,1,0,1,0,99
28,92,90,7,1,0,1,0,94
13,64,61,6,1,0,1,0,69
24,94,100,9,1,0,0,0,92
6,58,40,5,0,1,1,0,42
14,61,78,5,0,0,1,0,66
1,23,14,1,1,0,1,0,10
0,1,16,0,1,0,0,0,10
4,21,20,0,0,0,0,1,11
0,8,19,1,0,1,0,0,6
16,91,85,8,1,0,0,0,81
6,47,32,1,1,0,0,0,38
16,65,66,7,1,0,0,0,65
12,69,52,6,1,0,0,0,52
11,58,60,6,0,0,1,0,59
6,33,43,2,1,0,0,0,38
17,64,76,5,0,0,0,0,67
2,17,5,0,0,0,0,1,1
11,57,47,5,0,0,0,0,46
16,88,79,8,0,0,1,0,74
2,19,7,1,0,0,0,0,2
5,41,35,1,0,0,0,0,24
13,73,75,6,0,0,0,0,65
17,85,74,4,0,0,1,0,77
3,21,10,1,0,0,0,0,19
6,37,40,4,0,0,1,0,40
16,80,88,5,1,0,0,0,90
23,98,91,10,1,0,0,0,95
13,68,78,5,0,1,0,0,63
11,65,55,1,1,0,0,0,41
7,47,39,4,1,0,0,0,33
2,33,15,0,0,1,0,1,14
4,34,30,2,0,0,0,0,30
12,78,84,8,0,0,1,0,73
3,38,13,0,0,0,0,0,19
5,53,44,1,0,0,0,0,32
25,99,99,9,0,0,1,0,98
9,52,54,1,0,0,0,0,44
0,14,3,1,0,0,0,0,1
11,76,73,3,0,0,0,0,64
20,96,93,10,1,0,1,0,99
0,22,11,0,0,0,0,0,2
6,58,49,4,1,0,0,1,38
3,33,24,1,0,0,0,0,19
16,63,61,7,0,0,1,0,66
9,53,42,2,0,0,0,0,45
16,69,72,5,0,0,0,0,69
13,79,55,2,0,0,1,0,60
8,75,59,4,0,0,1,0,56
14,84,61,4,0,0,1,0,70
0,25,3,1,1,0,0,0,4
17,61,61,5,1,0,0,0,70
1,16,22,0,0,1,0,1,16
6,39,29,1,0,0,1,0,28
2,2,5,1,0,0,1,0,0
29,97,100,9,1,0,1,0,91
8,45,40,4,0,0,0,0,31
26,90,99,10,1,0,1,0,91
15,81,69,4,0,0,1,0,61
20,87,72,5,1,0,1,0,75
29,97,92,9,1,0,0,0,95
12,79,77,5,1,0,0,0,64
2,28,29,1,0,0,1,0,23
4,19,10,1,1,0,0,1,19
3,19,28,1,1,0,0,0,12
1,17,18,1,0,1,0,1,10
6,29,36,2,0,0,0,1,30
29,100,95,7,1,0,0,0,98
6,48,54,4,0,0,1,0,48
1,31,17,2,0,0,1,0,18
16,78,74,5,1,0,1,0,65
15,72,77,4,1,0,1,0,63
5,42,32,0,0,0,0,0,30
2,1,10,0,0,0,1,0,9
6,46,59,5,0,0,1,0,47
1,8,17,0,1,0,0,1,10
3,32,27,0,1,0,0,0,29
14,74,74,8,1,0,0,0,71
12,75,65,5,0,0,1,0,67
22,87,82,6,0,0,1,0,82
17,60,63,5,0,0,0,0,61
2,17,15,0,1,0,0,0,6
3,55,35,3,0,0,0,1,40
2,46,22,2,0,0,0,1,25
13,81,71,8,0,0,1,0,77
23,96,99,7,1,0,0,0,94
12,79,78,5,1,0,1,0,71
22,97,90,7,0,0,1,0,99
13,64,65,4,1,0,1,0,60
11,69,64,5,1,0,0,0,64
9,65,57,5,0,0,1,0,41
26,95,100,7,1,0,0,0,100
1,21,13,1,1,0,0,0,19
2,28,28,1,0,0,0,1,19
21,96,99,8,1,0,1,0,99
21,98,94,10,0,0,0,0,94
24,100,98,7,1,0,1,0,91
19,92,86,7,0,0,1,0,83
7,54,43,4,0,0,0,0,39
15,70,72,3,0,0,1,0,64
4,56,43,1,1,0,1,0,32
22,96,93,7,1,0,0,0,95
1,5,16,0,0,0,0,0,6
4,30,28,0,0,0,0,1,12
10,66,40,3,1,0,0,0,44
2,1,7,1,0,1,0,1,9
25,92,90,8,1,0,1,0,96
8,59,52,6,0,1,1,0,53
13,88,84,6,1,0,1,0,74
15,87,86,7,0,0,0,0,85
26,95,90,9,0,0,1,0,96
28,95,99,7,1,0,1,0,94
8,51,57,5,1,0,0,0,55
21,78,76,7,0,1,1,0,80
20,96,100,8,1,0,0,0,95
11,73,53,4,0,0,0,0,52
21,94,96,7,1,0,1,0,92
22,91,87,9,0,0,0,0,83
8,73,54,2,0,0,1,0,54
3,43,33,2,0,0,0,0,32
1,30,17,0,0,0,0,1,12
2,11,15,1,0,0,0,0,6
8,46,31,1,1,0,0,0,40
10,84,71,5,0,0,0,1,68
19,85,77,6,1,0,0,0,75
12,65,67,3,0,0,0,0,66
6,49,47,4,1,0,0,0,38
9,78,54,4,1,0,0,0,57
19,86,85,5,1,0,1,0,84
3,52,38,4,0,0,1,0,34
20,90,100,7,1,0,1,0,96
4,44,32,2,0,0,0,0,24
14,61,74,5,0,0,1,0,66
15,88,81,5,1,0,0,1,88
3,46,44,3,1,0,0,0,35
2,19,2,0,0,0,0,1,5
4,16,14,0,1,0,0,1,12
25,91,99,7,1,0,1,0,92
2,32,11,0,0,0,1,0,14
18,91,82,5,0,0,1,0,88
1,25,1,1,0,0,1,0,10
14,82,77,7,1,0,1,0,77
5,43,59,4,0,0,0,1,44
2,4,5,0,0,0,0,1,9
6,44,42,1,1,0,0,0,35
9,60,54,6,0,0,0,0,57
2,25,28,2,0,0,0,0,17
16,89,89,6,0,0,0,0,87
13,67,50,6,0,0,0,0,56
12,89,75,6,0,0,0,0,76
7,52,46,3,0,0,1,0,35
15,80,75,7,0,0,1,0,68
10,60,71,5,1,0,0,0,63
14,67,53,2,0,0,0,0,56
4,47,35,2,0,0,0,0,23
2,32,28,3,0,0,0,0,30
12,79,51,6,1,0,1,0,60
2,31,14,2,0,0,0,0,13
12,76,69,5,0,0,0,0,66
5,36,41,4,0,0,1,0,36
12,89,70,7,0,0,1,0,76
3,24,22,2,0,0,1,0,24
15,70,73,5,1,0,1,0,76
6,31,49,1,0,1,1,0,40
0,25,8,0,0,0,0,1,3
10,84,78,6,1,0,1,0,62
15,85,79,6,0,0,1,0,76
2,1,16,1,0,0,0,1,5
17,81,79,6,0,0,1,0,78
21,90,100,7,1,0,0,0,99
5,46,34,4,0,0,0,0,38
4,39,21,0,0,1,1,0,28
27,100,97,8,1,0,0,0,94
14,64,67,5,1,0,0,0,65
6,69,52,4,0,1,0,0,45
1,26,29,1,1,0,0,0,18
22,94,96,9,1,0,1,0,95
17,81,80,5,1,0,0,0,89
1,19,15,1,0,0,0,1,3
2,37,30,2,0,0,1,0,23
22,97,97,9,1,0,1,0,100
11,68,41,3,0,0,0,0,50
2,25,31,2,0,0,1,0,30
17,80,62,5,0,0,0,0,69
4,41,36,4,0,0,0,0,31
3,52,37,2,0,0,1,0,37
6,57,40,4,0,0,1,0,48
27,97,94,8,1,0,1,0,96
17,75,79,7,1,0,1,0,75
12,78,51,2,1,0,0,0,52
13,63,60,4,0,0,0,0,53
5,34,33,0,0,0,0,0,25
15,72,68,6,1,0,0,0,61
6,50,45,5,0,0,0,0,41
14,51,54,5,1,0,0,0,55
10,67,75,7,0,1,1,0,68
26,96,99,10,1,0,1,0,96
2,7,6,1,0,1,1,0,8
3,22,32,1,1,0,0,0,23
14,66,64,6,0,0,1,0,54
13,74,75,5,1,0,1,0,79
4,26,36,0,0,0,0,0,22
2,11,8,1,0,0,0,0,6
5,35,37,2,0,0,1,0,39
17,80,72,4,0,0,1,0,64
27,91,99,10,0,0,0,0,98
7,47,56,2,1,0,1,0,46
10,68,58,3,0,0,0,0,42
16,85,89,6,0,0,0,0,87
8,68,56,4,1,0,0,0,53
8,61,53,3,0,0,1,0,53
2,40,33,3,0,0,1,0,26
10,82,68,7,1,0,1,0,69
1,30,27,1,0,1,0,0,19
17,82,68,3,1,0,1,0,69
28,92,99,8,0,0,1,0,94
2,33,37,3,0,0,0,0,22
1,14,21,2,0,0,0,0,11
1,39,11,1,0,1,0,0,17
21,72,72,6,0,0,0,0,76
3,10,21,2,0,0,0,1,15
3,16,18,0,1,0,0,0,16
8,42,48,2,1,0,1,0,37
27,100,98,9,1,0,0,0,100
10,55,63,6,1,0,0,0,51
24,81,88,6,1,0,0,0,89
9,47,46,4,0,0,0,0,44
24,92,96,8,1,0,1,0,92
18,78,81,6,1,0,1,0,74
8,34,44,4,0,0,0,0,39
26,98,98,10,1,0,0,0,99
12,68,66,7,0,0,1,0,65
7,53,42,1,1,0,1,0,31
1,10,10,1,0,1,0,0,5
10,72,60,6,1,0,0,0,63
5,42,31,1,0,0,1,0,26
2,20,14,1,0,0,0,0,17
14,67,76,7,0,0,1,0,69
17,74,80,8,0,0,1,0,79
3,32,33,0,0,0,0,0,27
16,82,74,5,1,0,0,0,64
13,60,53,5,1,0,1,0,58
17,68,79,3,1,0,1,0,64
7,65,54,2,1,0,0,0,48
19,76,82,5,1,0,0,0,75
1,12,10,1,0,0,1,0,15
15,65,70,3,0,0,0,0,63
23,100,93,8,1,0,1,0,99
5,42,55,1,0,0,0,0,44
4,38,29,3,0,0,0,0,21
13,70,77,3,0,0,0,0,62
20,93,83,8,1,0,1,0,90
13,69,62,6,0,0,0,0,58
4,23,29,2,0,0,0,0,27
27,96,93,9,0,0,1,0,95
3,38,36,1,0,0,0,1,27
4,38,12,2,0,0,0,1,16
2,19,15,1,0,1,0,1,10
10,61,57,1,0,0,1,0,45
24,87,80,7,1,0,0,0,83
8,60,54,4,1,0,1,0,55
2,10,18,1,0,0,0,0,7
9,48,41,2,0,0,0,0,41
22,88,83,5,1,0,1,0,86
5,54,45,2,0,0,0,1,32
22,88,85,8,1,0,1,0,83
26,96,99,9,0,0,1,0,91
8,56,56,4,1,0,1,0,58
4,31,41,3,0,0,0,0,39
2,4,9,1,0,0,0,1,10
14,72,70,6,0,0,0,0,80
14,75,83,4,1,0,1,0,80
13,69,64,5,0,0,1,0,56
13,70,75,6,1,0,1,0,80
10,66,63,4,1,0,0,0,61
2,38,10,0,0,0,0,1,17
8,32,40,1,0,0,1,0,39
27,99,91,7,1,0,0,0,96
16,73,71,7,1,0,1,0,62
4,30,46,2,0,0,0,0,32
6,35,21,2,0,1,0,0,25
21,90,99,9,1,0,0,0,100
1,19,13,1,0,0,0,0,13
14,69,66,3,1,0,0,1,53
22,99,97,8,1,0,1,0,100
7,40,55,1,0,0,0,0,45
9,47,51,3,1,0,0,0,44
7,55,46,1,0,0,1,0,39
17,64,64,7,1,0,0,0,61
12,66,65,5,0,0,1,0,55
4,29,33,1,0,0,0,1,28
20,85,74,5,1,0,0,0,73
15,74,72,5,0,0,1,0,61
0,11,15,1,0,0,0,1,10
27,90,93,7,1,0,1,0,99
7,42,50,3,0,0,1,0,41
21,98,90,9,1,0,1,0,94
5,46,42,1,0,0,0,0,31
26,95,90,7,0,1,1,0,93
10,62,65,3,1,0,0,0,63
18,71,82,6,0,1,0,0,74
17,84,65,4,0,0,0,0,61
24,83,89,9,1,0,1,0,81
16,73,84,8,0,0,1,0,77
15,84,82,7,1,0,1,0,80
17,71,67,6,0,0,1,0,63
15,74,75,7,1,0,0,0,78
24,92,96,10,0,0,0,0,100
21,85,89,5,1,0,0,0,89
9,62,47,2,0,0,0,0,50
6,44,56,2,0,0,1,0,42
12,50,66,6,0,0,1,0,53
0,16,8,1,0,0,0,0,4
2,15,19,0,0,0,0,1,14
2,21,35,2,0,0,1,0,24
19,88,76,5,1,0,0,0,73
4,23,28,1,0,0,0,0,12
3,50,40,1,1,0,0,1,32
17,75,72,4,1,0,1,0,73
3,56,39,4,0,0,0,0,39
9,68,68,4,1,0,1,0,51
19,79,73,6,1,0,1,0,74
5,37,23,3,0,0,0,0,25
5,46,59,5,0,0,1,0,49
10,64,66,5,0,0,1,0,59
13,83,75,4,1,0,0,0,70
8,48,46,2,0,0,0,1,49
17,89,73,7,1,0,1,0,79
23,99,93,10,0,0,1,0,98
4,31,30,2,1,0,0,0,36
21,75,80,8,1,0,1,0,72
18,86,86,8,1,0,1,0,86
20,84,81,9,1,0,1,0,82
28,92,94,7,1,0,1,0,99
12,67,61,4,1,0,0,0,55
2,10,11,0,0,1,0,0,15
12,81,71,8,0,0,0,0,74
18,72,70,7,1,0,0,0,77
24,84,89,7,1,0,0,0,85
4,23,20,2,0,1,0,1,19
16,78,79,7,1,0,1,0,70
24,95,93,9,1,0,1,0,93
18,90,87,8,0,0,1,0,82
21,98,91,9,1,0,0,0,96
24,91,81,6,0,0,1,0,86
12,69,72,4,1,0,1,0,69
26,100,95,7,1,0,0,0,92
2,20,10,1,1,0,0,1,8
6,27,36,0,0,0,0,0,24
3,41,33,2,1,0,0,1,25
16,71,72,8,1,0,0,0,79
1,27,12,2,0,0,0,0,12
9,58,63,3,0,0,0,0,54
11,67,66,6,0,0,1,0,60
1,17,3,0,0,1,0,0,3
26,91,95,7,1,0,1,0,95
0,10,15,1,0,0,0,1,1
1,29,1,0,0,0,0,1,4
2,12,14,1,0,0,0,0,14
6,30,32,3,0,1,0,0,26
5,45,49,2,0,0,0,0,32
17,87,75,4,1,0,0,0,80
0,6,9,0,1,0,0,1,7
1,2,0,1,0,0,0,0,7
24,85,86,6,1,0,0,0,90
14,70,77,5,1,0,1,0,75
3,20,14,0,0,1,0,1,19
2,16,5,0,0,1,0,0,8
8,43,49,3,0,0,0,0,46
2,37,27,1,0,0,0,1,20
20,95,93,7,0,0,1,0,94
17,85,71,5,0,0,1,0,71
5,61,45,1,0,0,1,0,47
2,18,8,1,0,1,0,0,1
4,28,29,0,0,0,0,0,13
24,88,84,9,0,0,1,0,87
13,79,74,4,0,0,0,0,63
11,43,40,3,0,0,0,0,50
9,71,68,3,0,0,1,0,57
8,64,59,4,0,0,0,0,54
26,97,97,10,1,0,0,1,95
17,84,81,5,0,0,0,0,76
23,84,82,9,1,0,0,0,82
18,74,76,6,1,0,0,0,79
24,98,96,7,0,0,1,0,92
3,32,37,0,0,0,0,0,29
2,35,13,1,0,0,0,0,20
2,47,20,0,0,0,0,0,21
7,48,31,3,0,0,1,0,38
21,94,94,7,1,0,1,0,91
23,91,91,7,1,0,1,0,94
21,92,85,7,1,0,0,0,89
15,90,86,7,1,0,1,0,83
19,80,84,6,1,0,0,0,77
13,74,64,7,1,0,1,0,65
9,64,47,2,0,0,0,0,46
4,40,33,2,0,1,0,0,40
22,92,90,7,0,0,1,0,100
24,91,80,6,0,0,1,0,88
17,66,70,6,1,0,0,0,66
23,82,80,5,0,0,0,0,86
23,100,94,10,1,0,1,0,97
17,75,79,5,0,0,0,0,79
3,37,20,1,0,1,1,0,23
3,36,25,3,1,0,1,0,30
17,90,84,5,0,0,0,0,81
22,100,93,10,1,0,1,0,96
11,44,42,4,0,0,0,1,45
9,52,69,5,0,0,1,0,52
18,80,70,8,1,0,0,0,71
1,3,1,1,0,0,0,1,5
2,17,21,0,0,0,0,0,20
5,44,44,4,0,0,0,0,32
10,68,74,6,1,0,1,0,61
2,43,29,1,0,0,0,0,28
4,33,24,0,1,0,1,0,19
5,51,39,3,1,0,0,1,36
2,27,26,1,0,1,0,0,26
16,60,73,3,0,0,1,0,67
12,75,72,7,1,0,0,0,61
1,21,22,2,0,1,0,1,16
28,100,98,7,1,0,1,0,91
14,67,59,5,1,0,0,0,52
24,85,82,7,0,0,0,0,85
8,70,66,4,0,0,0,0,53
2,31,35,1,0,0,0,0,27
21,93,90,7,1,0,1,0,91
11,64,57,4,1,0,1,0,59
2,24,19,1,0,0,0,0,7
9,61,52,4,1,0,1,0,59
1,29,11,1,0,1,0,1,1
3,47,36,4,0,0,0,1,34
5,69,54,2,1,0,0,1,44
15,73,67,5,0,0,1,0,63
23,87,88,6,0,0,1,0,88
2,37,29,2,1,0,1,0,27
24,96,92,9,0,1,0,0,91
13,68,53,3,1,0,1,0,55
22,90,98,10,1,0,0,0,94
1,10,18,0,0,0,0,1,4
3,36,20,2,1,0,0,1,22
13,65,68,2,0,0,0,1,55
14,74,52,5,1,0,0,0,60
30,94,99,7,0,0,1,0,95
1,11,18,2,0,0,0,0,12
19,84,80,9,1,0,0,0,83
5,45,21,0,0,0,1,0,27
6,58,43,5,1,0,0,0,49
3,28,13,0,0,0,0,0,17
23,95,93,9,1,0,0,0,99
2,39,12,2,0,0,1,0,18
11,67,69,2,1,0,1,0,58
3,39,24,0,0,0,0,0,11
16,87,86,8,1,0,1,0,89
2,4,9,0,0,1,0,0,4
3,31,32,1,0,0,1,0,29
22,89,88,7,1,0,0,0,82
2,32,21,2,0,0,1,0,11
30,95,100,10,0,0,1,0,97
3,21,15,1,1,0,0,0,18
2,28,26,0,0,0,1,0,27
2,24,22,2,0,0,0,0,20
15,78,79,6,0,0,1,0,66
15,84,77,5,1,0,1,0,77
13,61,54,2,1,0,1,0,59
29,98,96,9,1,0,1,0,91
2,9,14,0,0,0,0,1,0
18,84,80,5,1,0,1,0,79
2,11,13,0,0,0,0,0,8
5,44,30,3,0,0,0,1,29
8,71,50,2,1,0,1,0,58
12,68,56,6,1,0,0,0,59
13,54,58,3,0,0,1,0,57
1,20,17,1,0,0,1,0,9
9,51,63,5,0,0,0,0,57
3,14,27,0,0,0,0,1,17
27,96,93,10,0,0,0,0,100
6,40,55,2,1,0,0,1,45
12,68,75,6,1,0,0,0,66
26,90,97,10,1,0,1,0,96
4,56,33,1,1,0,0,0,39
4,37,38,2,1,0,1,0,32
4,20,30,3,0,0,0,0,21
11,64,41,4,0,0,0,0,41
8,56,34,2,0,0,0,1,39
13,71,63,3,1,0,1,0,64
16,71,71,7,0,0,1,0,67
20,87,77,8,1,0,1,0,80
20,99,93,8,0,0,1,0,92
3,43,30,2,0,0,0,0,25
6,24,24,2,0,0,0,0,25
6,33,36,2,0,0,0,0,40
2,47,32,3,0,0,0,0,28
11,80,79,3,0,0,1,0,67
10,75,51,4,0,0,1,0,60
15,65,71,5,0,0,1,0,63
22,90,89,7,1,0,0,0,81
6,58,42,1,0,0,1,0,32
23,93,93,8,1,0,1,0,95
21,75,73,4,0,0,1,0,80
6,24,32,1,0,0,0,0,22
4,32,37,0,0,0,1,0,27
5,52,43,3,0,0,0,0,31
20,78,78,8,1,0,0,0,79
21,70,78,8,1,0,0,0,76
11,63,62,5,0,0,0,0,57
4,37,26,1,0,0,0,0,12
7,66,41,4,0,0,0,1,43
25,98,96,10,1,0,1,0,96
13,76,79,7,1,0,1,0,74
6,22,39,0,0,0,0,0,30
14,79,63,5,0,0,0,0,67
6,43,21,3,1,0,1,0,26
7,49,51,3,0,0,0,1,47
3,35,24,2,0,0,1,0,25
16,81,86,7,1,0,1,0,88
15,81,82,9,1,0,0,0,85
24,93,85,9,1,0,1,0,88
14,83,74,6,0,0,1,0,76
1,11,2,0,0,0,0,0,9
1,16,20,2,0,0,1,0,12
13,66,75,7,0,1,1,0,68
2,27,21,2,0,0,0,1,11
3,27,15,2,1,0,1,0,17
12,74,62,2,0,0,0,0,59
4,27,16,0,0,0,0,0,18
4,31,26,3,0,1,0,1,24
0,24,0,1,0,1,0,1,2
1,15,22,1,0,0,0,1,16
13,75,84,7,1,0,1,0,79
8,56,31,1,0,0,1,0,33
17,90,88,7,1,0,0,0,86
9,58,65,5,1,0,1,0,51
3,34,22,1,0,0,1,0,13
19,74,79,4,0,0,0,0,73
5,29,39,2,1,0,1,0,27
18,73,80,5,1,0,0,0,71
17,72,71,7,1,0,0,0,79
21,72,77,8,0,0,0,0,75
4,52,35,4,0,0,0,0,40
17,80,87,6,1,0,1,0,89
2,30,15,2,0,0,0,0,18
14,63,75,4,1,0,0,0,70
6,41,32,2,0,0,0,0,24
17,80,82,8,0,0,1,0,89
3,39,22,1,1,0,0,0,24
2,9,6,1,0,0,0,1,2
6,37,22,2,1,0,0,0,21
5,39,34,1,0,0,0,1,23
14,66,77,4,0,0,0,0,61
5,20,20,0,0,0,0,1,25
6,34,23,3,0,1,0,0,22
11,63,54,4,0,0,1,0,52
13,75,65,6,0,0,1,0,57
4,23,28,1,0,0,0,0,23
13,74,70,6,0,0,0,0,76
7,49,31,1,0,0,0,1,36
28,91,94,7,1,0,0,0,100
11,75,56,2,1,0,0,0,54
30,99,95,10,1,0,1,0,94
15,68,73,4,0,0,0,0,64
6,30,45,3,0,0,0,1,38
4,26,15,0,0,1,0,1,13
24,80,88,5,0,0,1,0,86
3,34,20,3,0,0,0,1,22
13,75,70,4,0,0,0,0,73
9,40,44,1,0,0,0,0,44
3,14,11,2,0,0,0,1,20
24,90,86,6,1,0,0,0,85
14,59,60,3,0,0,0,0,59
24,93,91,9,1,0,1,0,93
23,96,90,10,0,0,0,0,99
2,15,5,0,0,0,0,1,9
12,85,84,8,0,0,0,0,79
4,12,10,1,0,0,0,0,13
8,69,60,5,0,0,1,0,56
12,85,71,7,0,0,0,0,71
3,47,37,3,0,0,0,0,38
18,85,71,8,1,0,0,0,73
0,9,3,1,0,0,1,0,4
15,77,74,5,1,0,0,0,62
13,73,68,6,1,0,1,0,60
24,92,86,8,1,0,1,0,89
13,70,74,7,0,0,1,0,77
24,83,82,7,1,0,1,0,83
16,70,75,6,1,0,1,0,74
14,63,74,3,1,0,1,0,62
12,54,50,5,0,0,0,0,52
10,61,53,6,1,0,0,0,60
2,29,27,1,0,1,1,0,25
0,28,4,1,1,0,0,0,3
2,35,36,0,0,1,0,1,21
2,10,13,0,0,0,0,0,15
1,6,14,1,0,0,0,0,2
16,82,85,9,1,0,1,0,84
4,36,22,2,0,0,0,0,23
1,15,14,1,0,0,0,1,11
3,16,27,2,0,0,0,0,14
5,39,32,0,0,0,0,0,30
5,35,30,2,0,0,0,0,39
5,31,37,1,0,0,0,0,21
0,7,9,0,0,0,0,0,7
9,76,54,5,0,0,0,0,56
5,48,51,1,0,0,1,0,46
8,79,68,3,0,0,1,0,59
7,47,55,1,1,0,0,0,49
2,16,11,2,1,0,0,0,18
7,49,30,4,1,0,0,0,36
2,26,16,0,0,0,0,0,7
17,79,76,5,1,0,1,0,64
10,44,55,2,0,0,1,0,46
10,40,55,1,0,0,0,0,42
16,60,67,4,0,0,1,0,68
10,64,57,1,0,0,0,0,41
6,45,39,4,0,0,1,0,32
4,57,33,2,0,0,0,0,37
17,74,77,5,1,0,1,0,79
6,27,31,3,0,1,0,1,23
1,18,22,1,0,1,0,0,17
30,93,97,9,1,0,1,0,93
24,94,84,7,1,0,0,0,81
0,0,8,1,0,1,0,0,3
10,57,59,2,0,0,1,0,42
13,71,75,3,1,0,1,0,66
16,89,83,5,0,0,1,0,82
11,62,65,6,1,0,0,0,64
7,51,44,2,0,0,1,0,43
1,12,15,1,0,0,0,0,9
12,73,65,5,0,0,1,0,67
20,83,84,5,0,0,1,0,77
28,98,95,7,0,0,1,0,98
11,69,72,5,0,0,0,0,61
21,84,72,4,1,0,0,0,80
13,87,78,7,1,0,1,0,75
7,48,34,2,0,1,0,1,39
14,79,81,8,1,0,1,0,71
17,74,70,8,1,0,1,0,72
5,46,29,3,1,0,0,0,29
21,90,100,10,1,0,1,0,92
6,49,52,4,0,0,0,1,41
6,49,29,0,0,0,1,0,25
20,80,87,9,1,0,1,0,86
12,55,53,2,0,1,0,0,51
2,18,13,1,0,0,0,0,11
28,98,99,9,1,0,1,0,94
7,50,44,3,0,0,0,0,47
5,56,38,4,0,0,0,0,32
13,76,84,8,1,0,1,0,78
4,49,37,2,0,1,0,1,26
0,14,9,1,0,0,0,0,3
12,77,73,7,1,0,1,0,73
16,81,80,5,0,0,0,0,77
4,41,44,3,0,0,1,0,34
14,71,58,6,1,0,0,0,53
24,94,92,8,0,0,0,0,94
5,48,38,1,0,0,1,0,23
9,68,57,3,0,0,1,0,41
6,44,34,1,0,1,0,1,30
3,44,43,2,0,0,1,0,38
12,77,78,7,1,0,1,0,72
11,63,75,7,0,0,0,0,66
5,56,59,4,0,0,0,0,43
14,79,59,3,1,0,0,0,54
8,50,53,1,0,0,0,0,45
9,58,69,5,0,0,0,0,57
6,41,58,4,0,0,1,0,50
2,45,29,2,1,0,0,0,25
21,86,79,7,1,0,0,0,76
0,6,18,0,0,0,1,0,0
6,35,24,1,0,1,0,0,22
6,69,44,2,1,0,1,0,48
2,23,6,1,0,1,1,0,8
1,12,7,0,0,0,0,1,10
8,79,54,3,0,0,1,0,53
24,100,93,10,0,0,1,0,99
8,43,39,2,0,0,0,0,32
3,37,17,0,0,1,1,0,20
4,36,42,2,0,0,0,0,39
16,79,78,6,1,0,1,0,68
24,91,95,10,0,0,0,0,99
2,20,22,1,0,0,0,0,17
0,16,16,0,0,0,0,0,7
23,87,85,9,1,0,1,0,90
16,84,89,8,1,0,1,0,83
8,55,67,5,0,0,1,0,56
11,69,59,5,0,0,1,0,60
0,23,8,1,1,0,0,1,7
8,37,48,4,0,0,0,0,33
6,49,25,0,0,0,0,0,24
21,81,85,5,0,0,0,0,83
1,0,8,1,0,0,0,1,9
21,95,90,10,0,0,1,0,93
23,89,86,6,0,0,1,0,82
10,53,50,4,0,0,0,0,48
1,4,11,1,0,0,1,0,6
28,98,93,8,0,0,1,0,93
4,23,22,2,0,0,0,0,26
24,84,81,7,1,0,1,0,90
2,29,29,1,1,0,1,0,16
17,75,69,7,1,0,0,1,68
20,77,82,4,0,0,1,0,71
2,15,28,0,0,0,1,0,16
6,35,30,2,0,0,0,0,40
1,5,15,0,1,0,0,0,1
6,31,33,0,0,0,0,1,24
15,83,75,4,1,0,0,0,62
25,98,94,10,1,0,0,0,95
2,42,20,3,0,0,0,0,21
24,82,89,5,0,0,0,0,87
1,10,10,0,0,1,0,1,8
5,54,45,4,0,1,0,0,35
22,90,85,7,0,0,1,0,85
3,16,12,0,0,0,0,0,20
20,75,70,8,1,0,1,0,79
23,84,86,6,0,0,1,0,84
15,81,60,4,0,0,1,0,62
10,72,60,2,1,0,1,0,55
6,48,45,3,0,1,0,0,32
1,36,18,0,0,0,0,0,14
12,80,66,6,0,0,1,0,61
10,67,51,6,1,0,0,0,59
3,46,35,3,0,1,1,0,21
6,47,39,4,0,0,1,0,36
5,33,39,3,0,0,0,1,28
22,98,96,10,0,0,1,0,98
1,21,15,1,0,0,1,0,4
10,52,59,3,0,0,1,0,53
30,90,95,8,1,0,0,0,98
4,38,42,4,0,0,0,0,38
2,9,13,0,0,1,0,0,1
10,75,78,6,0,0,0,0,61
5,44,28,0,0,0,1,0,22
12,65,69,3,0,0,1,0,54
8,70,62,2,0,0,0,0,53
26,93,98,8,1,0,1,0,94
5,69,45,3,0,0,1,0,41
2,29,14,0,0,0,1,0,17
15,86,72,7,1,0,1,0,80
0,11,19,0,0,1,0,1,4
18,87,81,9,0,0,1,0,86
20,93,96,7,1,0,1,0,100
6,60,48,5,1,0,0,1,48
21,93,93,8,1,0,1,0,94
2,25,6,1,0,0,0,1,7
4,19,26,2,0,0,0,1,15
6,40,30,1,0,0,0,0,40
23,89,87,9,1,0,0,0,89
20,73,80,4,1,0,1,0,75
0,5,4,1,0,0,0,1,7
21,95,90,8,0,0,1,0,97
13,84,74,6,0,0,1,0,78
4,36,41,4,0,0,1,0,35
15,76,76,4,1,0,1,0,68
9,52,55,1,0,0,1,0,42
4,31,44,1,1,0,1,0,31
5,47,32,4,0,0,1,0,35
8,40,49,4,1,0,1,0,42
4,28,19,0,0,0,0,0,12
21,89,83,6,1,0,1,0,88
11,71,71,3,1,0,0,0,62
12,83,77,6,1,0,1,0,68
21,94,89,7,0,0,1,0,82
29,96,98,7,1,0,0,0,96
10,71,61,4,1,0,0,0,64
18,80,82,8,1,0,0,0,81
23,90,80,9,1,0,0,0,81
2,25,16,0,0,0,0,0,9
6,37,35,2,0,0,1,0,34
21,89,87,9,0,0,0,0,84
1,22,11,0,1,0,1,0,2
12,78,71,7,0,0,0,0,75
3,35,31,2,0,0,1,0,28
17,87,80,6,0,0,0,0,88
7,64,43,2,1,0,0,1,48
24,91,92,9,1,0,1,0,100
22,99,99,8,1,0,0,0,91
22,92,93,8,1,0,1,0,92
0,1,11,1,0,0,0,0,10
12,88,78,8,0,1,1,0,78
0,19,14,1,0,1,0,1,0
2,41,37,3,0,1,0,0,26
6,60,56,4,0,0,1,0,47
5,49,39,3,0,0,0,0,33
20,71,82,8,1,0,1,0,74
19,77,77,4,0,0,1,0,77
30,95,94,8,1,0,0,0,98
28,99,94,7,1,0,0,0,100
5,53,41,3,1,0,0,1,37
20,89,86,5,1,0,1,0,84
18,89,77,8,1,0,0,0,75
14,72,77,5,1,0,1,0,70
0,4,11,0,0,0,0,0,1
0,27,14,1,0,0,0,0,10
4,35,37,3,0,0,0,0,38
2,24,8,1,0,1,1,0,7
12,66,69,3,1,0,0,0,70
10,42,48,1,1,0,1,0,41
5,32,29,2,1,0,0,1,21
5,27,24,2,0,0,1,0,22
10,75,68,7,0,0,0,0,65
15,70,78,5,0,0,1,0,70
5,42,27,2,0,0,1,0,29
4,57,36,4,0,0,1,0,34
13,63,69,7,1,0,0,0,69
4,29,11,1,1,0,1,0,19
4,37,44,1,0,0,1,0,33
30,99,100,8,1,0,1,0,99
15,78,79,6,1,0,0,0,73
7,62,53,3,1,0,0,0,44
15,84,80,5,1,0,1,0,81
8,36,42,1,0,0,0,0,35
25,92,99,7,1,0,1,0,93
13,64,65,3,0,0,0,0,53
19,92,81,6,0,0,1,0,81
13,50,58,3,0,0,0,0,53
23,98,96,10,0,0,0,0,99
8,48,53,3,1,0,0,0,49
23,94,81,8,1,0,1,0,84
9,64,56,6,1,0,0,0,57
2,49,25,1,1,0,0,0,21
17,76,78,4,1,0,0,0,61
8,41,47,4,1,0,0,0,42
4,28,25,1,0,1,1,0,29
21,85,82,5,0,0,0,0,81
7,68,52,1,1,0,1,0,42
24,84,83,9,1,0,0,0,86
0,14,18,0,0,0,0,0,9
2,15,15,0,0,0,0,0,7
26,98,99,10,1,0,0,0,96
21,98,91,7,1,0,0,0,99
18,93,83,7,1,0,1,0,83
22,95,100,7,1,0,0,0,91
28,91,93,7,0,0,0,0,99
16,83,71,6,0,0,1,0,79
13,76,64,4,1,0,1,0,62
2,15,16,1,0,0,0,0,2
6,47,34,3,0,0,0,1,25
13,76,67,4,0,0,0,1,66
7,54,49,2,0,0,1,0,35
16,64,76,6,1,0,1,0,70
0,11,11,1,0,0,1,0,7
14,70,58,4,1,0,0,0,53
14,64,60,5,0,0,0,0,62
13,72,81,6,0,0,1,0,74
12,60,70,5,0,0,1,0,66
20,80,81,8,0,0,1,0,81
19,86,79,5,0,0,1,0,79
10,56,49,5,1,0,1,0,41
6,38,36,1,0,0,1,0,21
11,80,79,7,1,0,0,0,61
17,70,74,7,0,0,1,0,79
18,75,70,8,1,0,1,0,74
5,68,54,3,0,0,0,1,48
12,60,62,3,1,0,1,0,51
10,61,48,4,0,0,0,1,44
7,43,48,1,1,0,1,0,37
29,96,92,7,1,0,0,0,94
10,63,64,3,0,0,0,0,66
1,22,26,0,0,0,0,0,17
17,66,63,3,0,0,0,0,66
4,18,11,0,0,0,1,0,12
7,58,42,1,0,0,1,0,35
19,87,81,6,1,0,1,0,86
12,66,71,3,0,0,1,0,63
17,67,63,3,0,0,0,0,67
16,74,74,7,1,0,0,0,61
3,45,28,2,0,0,1,0,29
1,22,18,1,0,0,0,0,4
13,55,53,2,0,0,1,0,52
14,70,73,5,0,0,1,0,78
12,89,84,8,1,0,1,0,74
3,10,14,2,0,0,1,0,18
16,83,84,8,0,0,0,0,74
17,86,79,6,1,0,0,0,77
4,46,31,3,0,0,1,0,39
9,63,41,2,0,0,1,0,41
6,50,54,2,0,1,1,0,43
20,90,91,9,1,0,0,0,91
23,94,93,9,1,0,1,0,96
7,44,45,1,0,1,0,0,39
2,8,2,0,1,0,1,0,8
1,21,25,0,0,0,0,0,16
1,31,10,2,1,0,1,0,18
6,45,24,1,0,0,0,1,21
11,82,66,7,1,0,1,0,63
12,70,53,2,0,0,0,0,54
3,24,23,0,0,1,0,0,18
14,68,54,3,0,0,0,0,54
19,72,76,4,1,0,1,0,75
0,5,8,0,0,0,0,0,5
10,67,76,4,0,1,1,0,67
0,21,10,0,0,1,0,0,10
18,80,80,6,1,0,1,0,79
15,72,70,3,0,0,0,1,64
2,7,15,0,0,0,0,0,3
5,30,42,3,0,0,0,0,32
5,40,57,1,0,0,0,0,49
1,13,13,2,0,0,1,0,12
13,53,67,4,1,0,1,0,52
9,46,49,2,1,0,0,1,46
8,68,50,5,0,0,1,0,54
5,56,46,3,0,1,1,0,37
3,42,34,1,0,0,1,0,25
14,62,55,3,0,0,1,0,53
1,5,8,0,0,0,0,0,9
11,52,62,2,0,0,0,0,60
12,72,68,2,0,0,0,0,55
3,38,23,2,1,0,0,1,17
12,64,66,2,1,0,0,0,58
1,21,8,0,0,0,0,1,7
24,82,85,8,1,0,1,0,84
15,84,71,7,1,0,1,0,66
28,98,93,8,0,0,0,0,99
13,62,73,3,1,0,1,0,63
14,66,76,7,1,0,0,0,67
2,14,19,0,0,0,1,0,12
19,85,79,4,0,0,0,0,79
13,54,51,3,0,0,0,0,54
14,86,84,8,0,0,1,0,73
18,88,84,8,0,0,1,0,88
16,66,71,7,1,0,1,0,63
4,39,25,2,1,0,1,0,22
21,94,82,6,1,0,0,0,88
7,32,38,2,0,0,1,0,33
5,44,51,3,0,0,0,0,45
10,64,55,1,0,0,0,0,41
3,18,29,0,0,1,0,0,16
19,87,89,7,0,0,1,0,88
8,66,57,1,1,0,0,0,47
3,40,26,1,0,0,0,0,27
9,62,51,4,1,0,1,0,60
6,36,33,4,0,0,1,0,34
10,63,67,2,0,0,0,0,52
5,38,33,3,0,0,0,0,40
0,4,15,0,0,0,1,0,4
0,22,9,1,0,1,0,1,4
5,41,38,4,0,0,0,0,39
10,50,47,2,1,0,1,0,48
8,38,32,1,0,0,1,0,39
15,83,82,8,1,0,0,0,86
12,77,71,4,1,0,0,0,71
22,86,82,5,1,0,0,0,87
17,79,79,7,0,0,1,0,69
15,71,70,4,1,0,0,0,79
19,92,80,6,0,0,0,0,83
21,89,70,7,1,0,1,0,72
22,94,92,10,1,0,1,0,91
18,87,84,9,1,0,0,0,88
12,76,78,6,1,0,1,0,76
5,39,26,0,0,1,0,1,29
12,75,75,8,1,0,1,0,71
4,41,26,2,0,0,0,0,30
13,88,73,7,0,0,1,0,80
12,63,56,6,0,0,0,1,59
1,33,26,0,0,0,0,0,12
20,71,77,8,0,0,1,0,78
2,33,15,1,0,1,1,0,20
2,43,30,0,0,0,1,0,22
30,95,91,10,0,0,1,0,91
14,88,75,6,1,0,0,0,78
15,62,69,3,0,0,0,0,70
2,20,12,0,0,0,0,1,8
11,68,50,3,1,0,0,1,44
11,84,66,4,1,0,0,0,63
2,14,17,2,0,0,0,1,16
15,64,61,7,0,0,0,0,69
10,51,55,3,0,0,1,0,52
24,93,95,8,1,0,1,0,99
5,54,42,2,0,0,0,1,50
18,84,81,8,1,0,1,0,82
15,79,66,3,1,0,1,0,61
20,94,96,9,1,0,1,0,99
0,23,11,1,0,0,0,0,9
1,37,15,1,1,0,0,0,12
9,74,63,6,1,0,1,0,60
18,90,84,8,1,0,0,0,87
15,87,76,6,1,0,0,0,71
15,61,71,7,0,0,0,1,68
14,77,65,5,0,1,0,0,53
21,83,75,4,0,0,1,0,71
18,92,81,5,0,1,1,0,88
5,20,29,2,0,0,0,0,27
23,87,86,7,0,0,1,0,87
28,91,90,9,0,0,0,0,91
14,79,76,4,0,0,1,0,67
12,72,73,7,1,0,1,0,80
13,56,59,3,1,0,1,0,57
22,81,84,8,1,0,0,0,86
21,90,89,5,1,0,0,0,90
26,94,90,7,1,0,1,0,96
18,94,80,8,1,0,0,0,89
18,80,84,6,1,0,0,0,75
4,35,38,3,0,0,0,0,38
4,54,49,3,0,0,0,0,36
25,99,96,7,1,0,1,0,97
24,90,94,9,1,0,1,0,97
11,69,58,4,0,0,0,0,51
6,50,58,2,0,0,0,0,50
6,47,38,1,0,0,1,0,40
8,32,45,1,0,0,1,0,35
3,38,26,2,0,1,1,0,20
9,56,63,5,0,0,0,0,54
2,0,10,1,0,1,0,1,9
4,29,28,0,0,0,0,1,25
9,45,47,5,0,0,0,0,45
0,14,7,0,0,1,0,0,1
20,88,72,5,0,0,1,0,77
19,94,82,5,1,0,1,0,88
21,81,88,6,1,0,0,0,82
1,7,2,1,0,0,1,0,0
20,70,72,5,0,0,1,0,77
8,72,61,2,1,0,1,0,52
9,60,46,2,0,0,0,1,48
26,100,97,7,0,0,1,0,96
21,93,88,7,1,0,0,0,90
2,25,17,1,0,0,0,0,8
2,24,24,2,0,0,0,0,15
0,2,13,1,1,0,1,0,4
6,53,47,1,0,0,0,0,41
18,72,71,5,1,0,1,0,77
25,97,100,8,1,0,1,0,97
3,37,14,2,1,0,0,0,18
25,95,99,7,1,0,1,0,94
1,18,28,0,0,1,1,0,18
20,85,85,6,0,0,1,0,89
8,66,59,3,0,0,1,0,45
13,68,53,4,1,0,0,0,55
6,40,30,1,0,0,0,1,21
25,91,95,8,1,0,1,0,98
12,78,79,7,0,0,1,0,70
16,66,60,7,0,0,0,1,63
18,84,87,6,1,0,1,0,87
2,0,6,0,0,0,0,0,0
6,40,28,0,0,1,0,0,27
3,32,10,0,1,0,1,0,19
26,99,92,8,1,0,1,0,95
21,84,80,7,0,0,1,0,90
11,51,58,6,0,0,0,0,56
8,43,48,4,0,0,0,0,45
19,89,75,7,0,0,1,0,79
4,33,49,1,0,0,0,0,33
3,35,22,2,0,0,0,0,26
2,36,34,2,0,0,0,0,29
1,18,14,2,1,0,1,0,17
13,70,84,5,1,0,1,0,80
4,39,24,0,0,0,0,1,30
6,29,33,0,0,0,0,0,28
2,34,21,1,0,0,1,0,12
9,54,65,4,0,1,1,0,54
5,59,55,2,0,0,1,0,46
4,37,14,2,1,0,0,0,14
9,61,52,1,0,0,0,0,41
13,70,70,5,1,0,0,0,72
16,80,60,5,1,0,1,0,70
9,57,42,2,1,0,0,1,45
18,88,86,7,0,0,0,0,90
1,14,3,0,0,0,0,0,7
2,21,7,1,0,0,0,0,5
14,70,72,6,0,0,0,0,78
27,95,97,10,1,0,1,0,93
1,8,1,1,0,0,0,0,3
8,56,58,5,1,0,1,0,52
20,90,99,9,1,0,0,0,93
16,83,86,8,1,0,1,0,81
26,100,95,9,1,0,1,0,99
6,60,58,3,1,0,1,0,48
12,86,73,8,0,0,0,0,79
12,65,60,5,0,0,0,0,70
6,67,50,1,1,0,1,0,47
16,87,76,8,1,0,0,0,80
0,12,4,0,1,0,0,0,0
15,76,75,6,1,0,0,0,80
26,98,97,10,0,0,1,0,91
6,25,22,0,0,0,0,0,21
13,76,73,5,0,0,1,0,73
24,90,86,8,1,0,1,0,86
26,91,90,10,0,0,0,0,91
9,50,68,3,0,0,1,0,58
20,97,92,9,0,0,1,0,99
7,41,45,2,0,0,0,0,33
6,37,33,2,1,0,1,0,28
3,37,25,3,0,0,0,0,29
0,17,13,1,0,0,0,1,4
10,68,72,4,1,0,1,0,61
2,31,37,1,0,0,1,0,27
4,33,37,2,0,0,1,0,26
23,87,88,7,1,0,1,0,81
20,85,87,8,0,0,1,0,83
30,100,96,7,1,0,1,0,94
5,64,47,2,1,0,1,0,44
8,37,30,2,0,0,0,1,40
6,32,36,3,0,0,0,0,24
22,84,86,6,0,0,1,0,86
23,100,93,8,1,0,1,0,94
19,74,71,8,0,0,0,0,72
20,88,87,5,0,0,0,0,85
23,90,86,9,1,0,1,0,84
3,37,29,2,0,0,0,0,12
16,79,70,4,0,0,1,0,71
10,43,57,2,1,0,0,0,42
15,88,81,5,1,0,1,0,85
3,42,33,3,0,0,1,0,28
28,94,98,7,1,0,1,0,95
5,52,47,1,0,0,0,0,37
18,86,83,5,1,0,0,0,89
2,24,12,0,1,0,1,0,12
0,15,19,1,0,0,0,1,6
20,99,95,9,1,0,1,0,93
11,73,62,3,1,0,1,0,60
9,67,67,3,0,0,0,0,56
0,19,9,1,0,0,0,0,7
15,74,84,6,1,0,1,0,78
8,68,56,4,0,0,0,0,51
10,71,71,7,0,0,1,0,65
3,13,15,2,0,0,0,0,19
3,15,26,2,1,0,0,0,13
23,87,84,8,1,0,1,0,89
4,22,39,2,0,0,0,0,30
16,79,74,4,1,0,1,0,64
15,73,72,6,0,0,1,0,64
5,54,48,4,0,0,0,0,50
4,32,27,0,0,0,0,0,12
27,92,95,9,1,0,1,0,92
24,85,81,5,1,0,1,0,83
30,93,100,8,1,0,1,0,91
12,64,69,4,1,0,1,0,67
3,10,28,2,1,0,0,0,16
12,89,84,6,0,0,1,0,72
18,85,71,7,1,0,0,0,72
2,26,13,0,0,0,0,1,3
6,29,29,3,1,0,1,0,21
0,16,4,1,0,0,0,0,8
3,28,13,2,0,1,1,0,14
3,32,46,3,1,0,0,0,31
1,9,12,1,0,0,0,1,7
4,54,33,4,1,0,1,0,31
14,53,61,3,0,1,1,0,55
20,83,86,5,1,0,0,0,85
14,80,76,4,1,0,0,0,73
5,49,31,4,0,0,0,1,39
21,84,78,7,0,0,1,0,78
7,57,33,4,0,0,1,0,31
15,70,68,7,0,0,1,0,62
13,67,78,3,0,0,1,0,66
23,98,98,9,0,0,0,0,92
1,36,27,2,0,0,0,1,20
5,59,47,4,0,0,0,1,37
2,21,21,2,0,0,0,0,14
10,64,49,3,1,0,0,0,48
17,90,87,8,1,0,1,0,82
12,65,50,3,0,0,1,0,53
24,99,93,8,0,0,1,0,99
11,64,57,2,1,0,1,0,50
7,34,49,2,0,0,1,0,36
17,66,76,6,0,0,0,0,66
4,38,15,2,0,0,0,1,20
13,78,79,7,0,0,1,0,79
14,81,72,5,1,0,1,0,65
14,70,68,3,1,0,1,0,52
13,65,60,4,0,0,1,0,53
2,23,10,1,0,0,1,0,20
8,56,50,3,1,0,0,0,51
21,83,84,7,0,0,1,0,87
14,73,67,4,0,0,0,0,60
13,72,62,4,0,0,0,0,63
17,84,87,6,0,0,1,0,88
2,45,39,3,0,0,1,0,21
28,94,100,8,1,0,0,0,97
3,52,46,4,0,0,0,0,38
15,72,80,6,0,0,1,0,79
4,34,13,2,0,0,0,0,13
22,94,90,10,1,0,0,0,95
5,42,47,3,1,0,1,0,48
4,24,39,0,0,0,0,0,26
11,77,75,5,1,0,1,0,62
23,94,98,10,0,0,1,0,99
18,81,81,9,0,0,1,0,83
22,91,96,7,1,0,1,0,94
11,75,79,4,0,0,0,0,68
23,82,85,7,1,0,0,0,90
13,78,83,8,1,0,0,0,77
2,0,10,0,0,1,0,0,7
13,75,71,3,0,0,0,0,62
8,50,50,2,0,0,0,0,43
0,0,11,1,1,0,0,1,4
29,90,100,7,0,0,1,0,92
17,70,67,7,0,0,0,1,61
10,80,76,6,1,0,0,0,70
14,58,56,4,0,0,0,1,60
6,46,55,1,1,0,0,0,44
1,10,16,1,0,1,0,0,5
18,81,80,6,1,0,1,0,81
18,84,84,9,0,0,1,0,88
24,82,82,6,1,0,1,0,81
20,90,86,8,1,0,1,0,88
9,42,58,3,1,0,1,0,42
14,54,57,4,0,0,1,0,53
2,13,16,0,0,0,0,0,8
6,65,49,1,0,0,1,0,49
2,18,17,0,0,0,0,1,17
5,33,35,0,0,0,1,0,26
15,73,64,3,0,0,1,0,70
11,82,70,3,0,0,1,0,69
4,29,29,0,0,0,0,0,30
16,74,77,7,1,0,1,0,78
16,85,83,7,1,0,1,0,76
15,85,81,8,0,0,0,0,87
1,15,18,1,0,0,0,1,14
30,97,93,7,1,0,1,0,96
6,26,26,2,0,0,0,0,26
30,100,93,9,0,0,0,0,95
17,89,83,8,0,0,1,0,86
13,80,74,6,0,1,1,0,75
8,33,41,4,0,0,0,1,37
4,33,21,0,0,0,0,0,27
2,29,1,0,0,1,1,0,1
17,90,89,5,0,0,0,0,87
4,24,29,0,0,0,0,0,12
3,31,40,2,1,0,0,0,37
25,91,95,7,1,0,1,0,97
1,29,18,2,1,0,0,1,14
3,23,10,1,1,0,0,0,13
16,80,81,5,0,0,1,0,76
5,36,40,3,0,0,0,0,32
9,50,56,4,1,0,0,0,50
3,37,15,2,0,0,0,0,19
6,37,32,1,0,0,1,0,31
25,98,95,8,1,0,1,0,92
2,18,14,0,0,1,0,0,7
7,38,32,2,0,0,0,0,36
7,33,48,3,1,0,0,0,39
23,80,85,7,1,0,0,1,81
8,76,65,6,0,0,1,0,57
19,74,83,5,1,0,1,0,76
8,60,51,3,0,0,0,0,54
24,94,95,7,1,0,1,0,91
17,90,82,9,0,0,1,0,84
1,22,11,0,0,1,0,0,9
13,63,59,2,0,0,0,1,52
19,84,85,5,1,0,0,0,86
6,56,35,4,0,0,0,0,38
23,83,87,5,1,0,0,0,87
20,90,98,8,1,0,1,0,94
27,90,99,9,1,0,1,0,98
7,58,41,1,0,0,1,0,45
10,54,58,5,0,1,0,0,42
2,7,17,0,0,0,0,0,5
30,90,96,9,1,0,0,0,100
23,91,92,7,0,0,1,0,97
16,81,82,7,1,0,0,0,76
11,74,60,7,1,0,1,0,62
16,71,77,7,1,0,0,0,69
11,51,62,5,0,0,0,0,54
1,11,16,0,0,0,1,0,18
28,92,96,8,1,0,1,0,95
21,83,84,4,1,0,1,0,78
17,69,79,6,0,0,0,0,68
20,84,87,5,0,0,1,0,81
16,80,79,4,1,0,1,0,77
6,55,45,5,1,0,0,0,50
1,2,8,1,0,1,0,1,2
4,39,14,0,0,0,0,1,17
8,56,65,4,0,0,1,0,57
15,79,70,7,1,0,0,0,70
12,66,78,5,0,0,1,0,70
14,72,77,7,0,0,0,0,72
5,33,36,4,1,0,0,1,38
17,62,60,4,1,0,0,0,62
14,60,65,5,0,0,0,0,63
13,73,78,7,0,0,1,0,76
21,99,93,8,0,0,1,0,93
15,85,71,7,0,0,0,0,76
26,93,94,10,1,0,1,0,100
23,86,86,9,0,0,1,0,83
1,31,25,0,0,0,1,0,12
3,46,28,0,0,1,0,0,29
3,37,37,3,0,0,0,0,23
11,42,46,4,0,0,0,0,48
2,21,28,0,0,1,0,0,13
12,72,63,6,0,0,1,0,67
8,57,65,4,0,0,0,0,56
9,54,55,2,1,0,0,0,41
3,39,20,1,0,0,0,0,19
14,82,71,3,1,0,0,0,61
1,17,15,0,0,1,0,0,1
1,24,13,1,0,0,0,1,5
8,49,39,2,1,0,1,0,35
1,34,21,2,0,0,0,0,11
17,86,86,6,0,0,1,0,86
1,39,14,0,0,1,0,0,13
2,9,15,1,0,1,1,0,5
19,80,81,5,0,0,1,0,85
1,24,12,2,0,0,1,0,17
1,12,16,2,0,0,0,1,13
3,40,32,1,0,1,1,0,24
5,43,32,4,0,0,0,0,38
10,75,68,3,1,0,0,0,65
24,90,98,8,1,0,1,0,94
12,62,74,5,0,0,1,0,69
3,38,45,3,0,1,1,0,40
6,49,49,4,0,0,1,0,40
10,72,70,4,1,0,1,0,70
16,85,78,7,1,0,1,0,78
1,24,10,1,0,0,0,1,7
12,66,75,4,1,0,1,0,61
17,82,80,4,1,0,0,0,72
19,91,81,9,1,0,0,0,86
11,81,67,5,0,0,1,0,67
16,94,87,6,0,0,1,0,83
9,57,61,5,1,0,0,1,52
12,62,59,5,1,0,0,0,54
0,22,7,1,0,0,1,0,10
2,27,16,0,0,0,0,1,10
7,33,49,2,0,0,0,1,39
7,42,30,2,1,0,0,1,32
12,72,61,5,0,0,1,0,66
30,94,96,8,0,0,1,0,96
19,82,75,7,1,0,0,0,78
27,100,100,8,1,0,0,0,97
11,63,68,5,0,0,0,0,60
5,50,48,1,0,0,0,0,44
2,43,20,1,1,0,0,0,27
15,91,82,9,1,0,0,0,81
8,42,30,2,0,0,1,0,35
6,46,46,2,1,0,0,1,38
22,88,84,9,0,0,0,0,81
15,82,80,9,1,0,0,0,83
5,34,34,2,0,0,0,1,27
5,44,55,5,0,0,0,0,41
2,14,10,0,0,1,0,1,6
20,95,97,8,1,0,0,0,95
1,27,13,1,0,0,0,0,17
6,28,24,3,0,0,0,1,28
10,46,55,5,0,0,0,0,48
1,25,10,1,0,0,0,0,9
15,94,87,8,0,0,1,0,88
10,70,79,5,0,0,1,0,67
2,20,1,1,0,0,1,0,9
15,61,73,5,0,0,0,0,62
5,48,38,2,0,0,0,0,38
14,71,82,5,1,0,1,0,79
5,26,24,1,1,0,0,1,23
1,23,9,1,0,1,0,1,10
7,33,44,1,0,0,1,0,31
11,48,46,5,1,0,1,0,44
1,27,25,1,0,1,0,0,20
14,57,56,6,0,0,0,0,60
12,62,67,6,1,0,0,1,67
11,61,56,4,0,1,0,0,42
3,37,12,2,0,0,0,0,20
26,97,99,8,1,0,0,0,92
1,29,11,0,0,0,0,0,6
15,64,75,7,0,0,0,0,68
3,58,30,4,1,0,1,0,40
5,49,39,1,1,0,0,1,24
25,90,94,10,1,0,0,0,100
1,26,4,1,0,1,0,1,9
21,72,72,5,0,0,1,0,78
2,25,17,0,1,0,1,0,1
15,77,73,6,0,0,1,0,67
13,65,60,7,0,0,1,0,69
3,24,30,2,0,1,0,1,24
9,54,56,1,1,0,0,0,47
2,19,7,1,0,1,0,1,1
21,82,74,8,0,0,0,0,77
7,34,32,3,0,0,0,0,33
21,84,84,7,0,0,0,1,78
1,18,7,0,0,0,0,1,10
5,59,55,3,0,0,1,0,45
6,39,37,0,0,0,0,1,24
3,24,15,0,0,1,1,0,19
22,96,96,9,0,0,0,0,92
8,47,45,4,0,0,1,0,36
6,35,33,2,1,0,0,0,33
2,11,29,2,0,0,0,0,17
1,38,27,1,0,0,0,0,18
13,87,77,7,1,0,0,0,71
8,41,46,1,1,0,1,0,48
18,75,73,6,1,0,0,0,80
9,46,56,5,0,0,1,0,42
19,83,81,7,0,0,0,0,73
0,29,19,0,0,1,0,0,1
1,6,7,1,1,0,0,0,9
2,9,7,0,0,0,0,0,7
1,20,3,0,0,0,1,0,4
1,18,16,1,0,1,0,0,5
1,25,18,1,0,0,0,0,2
6,39,25,2,0,0,1,0,28
21,93,86,9,1,0,0,0,81
8,53,39,3,0,0,0,0,37
3,35,49,4,0,0,1,0,37
13,50,50,3,0,0,0,1,55
1,19,7,1,0,0,1,0,2
7,33,43,1,0,0,0,0,37
15,81,78,4,1,0,1,0,70
4,37,20,2,0,0,1,0,30
4,39,27,2,0,1,1,0,15
2,14,12,1,1,0,0,1,10
10,84,60,6,1,0,1,0,66
21,97,93,7,1,0,0,0,98
25,98,99,10,1,0,1,0,92
2,2,18,1,0,0,0,0,8
8,41,31,4,0,0,0,1,34
4,21,24,1,1,0,0,0,20
1,12,15,0,0,0,0,0,4
15,74,80,7,1,0,1,0,75
6,31,37,3,1,0,0,1,39
2,18,11,1,0,1,0,0,9
17,70,70,4,1,0,0,0,75
13,77,60,6,0,0,1,0,65
1,33,27,1,0,0,0,0,20
16,78,77,3,1,0,1,0,70
1,27,13,0,0,1,0,0,3
21,94,84,8,0,0,1,0,85
13,76,77,7,1,0,0,0,61
5,30,27,2,0,0,0,0,21
28,92,94,10,1,0,1,0,93
8,56,39,2,0,0,1,0,31
27,100,99,7,0,0,1,0,97
7,38,45,4,0,0,1,0,38
1,17,4,0,0,0,1,0,7
0,0,0,1,0,0,0,0,0
7,43,44,3,1,0,1,0,32
20,87,80,5,0,0,1,0,88
4,35,22,3,0,0,0,0,28
13,57,50,6,1,0,1,0,52
15,80,79,4,0,0,1,0,69
18,90,80,6,1,0,0,0,89
17,93,85,7,1,0,1,0,82
15,88,87,9,0,0,0,0,87
8,63,53,4,1,0,1,0,45
8,47,49,3,0,1,0,0,36
2,9,5,0,0,0,0,0,1
21,100,96,7,1,0,0,0,94
25,91,93,7,0,0,0,0,92
1,9,8,0,0,0,0,0,1
14,83,76,7,0,0,1,0,67
26,94,92,10,1,0,1,0,92
24,94,96,10,1,0,1,0,93
17,83,84,7,1,0,1,0,87
4,17,18,1,0,0,0,0,16
2,35,12,2,0,0,0,0,18
4,58,35,2,1,0,0,0,32
1,3,3,0,0,0,1,0,5
16,82,80,7,1,0,0,0,74
5,48,25,3,1,0,1,0,29
11,46,51,3,1,0,0,0,42
10,65,64,4,0,0,0,0,58
15,75,65,3,0,0,1,0,64
0,10,18,1,0,0,1,0,2
10,81,79,6,0,0,0,0,66
3,56,41,4,0,0,0,0,37
1,27,26,0,0,0,0,1,16
5,44,45,2,0,0,0,1,39
4,58,32,1,0,0,0,1,40
11,63,66,2,0,0,0,0,52
22,98,93,8,0,0,1,0,99
12,71,78,4,0,1,0,0,70
11,79,59,6,1,0,0,0,51
2,12,16,2,0,0,0,1,12
7,58,43,4,0,0,0,0,32
30,99,96,10,1,0,0,0,97
11,69,68,5,0,1,0,0,63
20,92,100,8,1,0,1,0,96
0,27,16,0,0,0,0,1,2
5,59,42,4,1,0,0,0,34
1,30,24,0,0,0,0,0,14
3,42,39,3,0,0,1,0,37
2,5,19,0,0,1,1,0,10
13,81,74,6,0,0,0,0,80
12,72,68,3,0,0,1,0,57
2,32,15,1,0,1,0,1,20
11,63,46,2,1,0,1,0,50
14,82,79,3,0,0,0,0,62
11,41,40,2,0,0,0,0,47
0,15,7,1,0,0,0,0,9
2,48,26,2,0,0,0,0,23
6,44,44,1,1,0,0,0,35
8,65,68,5,0,0,0,0,54
5,45,31,2,1,0,0,0,33
6,31,40,4,0,0,0,0,35
3,24,23,2,0,0,0,0,14
26,93,92,7,1,0,1,0,91
1,25,26,1,1,0,1,0,13
2,42,33,1,0,1,0,0,28
8,53,40,1,0,0,0,0,35
0,12,19,0,0,0,0,0,9
10,61,79,3,0,0,1,0,67
21,93,98,9,1,0,0,0,99
3,49,32,2,0,0,0,0,34
17,76,82,8,0,0,1,0,78
15,94,82,8,1,0,0,0,87
23,93,91,7,1,0,1,0,97
3,23,29,1,0,0,1,0,26
14,63,64,4,0,0,1,0,55
13,61,67,4,1,0,0,0,53
9,40,48,4,0,0,0,0,42
18,93,85,7,0,0,0,0,86
2,27,14,1,0,0,0,0,2
11,46,45,1,0,0,1,0,45
21,72,75,6,1,0,1,0,72
2,20,38,3,0,1,1,0,27
12,63,64,7,0,0,0,0,64
5,59,51,3,0,0,0,0,49
19,88,88,9,0,0,1,0,87
6,48,38,3,0,0,1,0,23
21,81,86,6,0,0,1,0,86
4,13,20,0,0,0,0,0,11
13,89,80,6,0,0,1,0,74
2,30,20,0,0,0,1,0,14
25,99,99,7,1,0,0,0,98
15,86,84,4,0,0,0,0,74
0,22,3,1,0,0,0,0,3
10,60,56,5,0,0,0,0,57
4,48,27,2,0,0,1,0,27
0,2,18,1,0,0,0,0,5
2,36,28,2,0,0,1,0,14
11,70,57,6,0,0,0,0,59
11,56,66,4,0,0,1,0,56
4,10,22,2,0,1,0,0,16
7,68,55,2,0,0,0,0,45
21,80,83,9,0,0,1,0,83
4,29,38,0,0,0,0,0,26
1,38,20,0,0,0,0,0,20
9,68,68,5,1,0,1,0,58
0,14,7,0,0,1,1,0,8
3,23,21,1,0,0,0,0,26
5,31,38,3,0,0,0,0,33
6,57,36,4,1,0,1,0,40
26,94,92,7,1,0,0,0,95
2,45,37,2,0,0,1,0,24
28,92,97,9,0,0,1,0,97
14,60,64,4,1,0,0,1,56
4,23,20,1,0,0,0,0,25
1,7,19,0,0,0,0,1,9
17,85,86,6,0,0,1,0,81
5,67,52,1,0,0,1,0,42
5,29,33,2,0,0,0,0,25
5,41,47,3,0,0,0,0,38
6,49,40,3,1,0,0,0,49
2,23,37,2,0,0,1,0,27
0,5,6,1,0,0,1,0,4
17,76,78,5,1,0,1,0,61
2,24,25,1,0,0,0,1,20
5,45,22,3,0,1,1,0,27
3,49,40,2,0,0,0,0,39
2,47,35,1,0,0,0,0,28
19,71,70,6,1,0,1,0,76
10,56,52,4,0,1,1,0,41
4,12,11,1,0,1,0,1,20
4,38,37,2,1,0,1,0,32
13,64,68,7,0,0,0,0,70
3,22,25,1,0,0,1,0,18
27,95,97,9,0,0,0,0,95
2,24,34,2,0,0,0,0,25
4,49,24,2,0,0,1,0,27
2,27,14,0,0,0,0,0,4
14,56,61,2,0,0,0,0,54
9,68,66,2,1,0,1,0,54
9,53,41,5,0,0,1,0,41
5,39,35,4,0,0,0,0,32
20,85,83,9,1,0,1,0,85
14,54,61,2,0,0,0,0,53
6,59,34,3,0,0,1,0,38
12,74,67,3,0,0,1,0,51
5,42,42,4,0,0,1,0,41
2,0,17,0,0,0,0,0,4
13,78,72,5,1,0,0,0,75
2,1,2,1,1,0,1,0,8
24,100,91,8,1,0,1,0,94
14,52,68,5,0,0,1,0,60
21,99,96,7,0,0,1,0,96
21,73,74,4,1,0,1,0,73
3,13,17,1,0,0,1,0,18
1,33,21,1,0,0,0,1,11
2,13,25,1,0,0,1,0,20
4,17,19,2,0,1,1,0,19
11,47,43,5,1,0,0,0,43
1,13,4,0,0,0,0,0,7
15,80,83,6,1,0,1,0,71
7,44,41,5,0,0,0,0,46
16,83,78,4,1,0,0,0,73
16,81,84,7,1,0,1,0,83
23,100,94,7,1,0,0,0,91
2,45,38,2,0,0,0,1,27
12,82,77,4,0,0,0,0,73
4,27,13,2,0,0,0,1,12
3,31,35,3,0,0,0,1,21
2,29,12,1,0,0,0,1,7
12,77,80,6,0,0,1,0,75
15,82,86,6,0,0,1,0,84
3,24,20,1,0,0,0,1,14
5,33,37,3,0,0,0,1,33
11,67,65,3,1,0,0,0,61
1,17,6,0,1,0,0,0,5
4,44,23,1,1,0,0,0,30
1,17,6,0,0,0,0,1,3
15,84,76,6,1,0,0,0,76
1,12,23,2,0,1,0,0,18
4,59,40,2,1,0,1,0,31
10,71,60,6,0,0,0,0,56
20,85,84,5,1,0,1,0,71
13,55,65,2,1,0,1,0,57
21,72,72,6,0,0,0,0,72
2,13,22,0,0,1,0,0,12
21,88,88,8,0,0,0,0,88
18,87,74,6,0,0,0,0,74
1,0,11,1,0,0,0,1,4
8,41,53,1,0,0,0,1,42
21,90,92,7,0,0,1,0,99
12,81,79,8,0,0,1,0,76
21,81,85,6,1,0,1,0,82
9,57,46,1,1,0,0,0,46
5,35,21,3,0,0,0,1,21
24,85,82,8,0,0,1,0,82
17,85,84,7,1,0,1,0,86
13,76,80,5,1,0,1,0,80
7,51,58,3,0,0,1,0,48
2,29,0,0,0,1,0,0,2
10,65,62,3,0,1,1,0,61
5,38,33,1,0,0,0,0,28
23,99,91,7,0,0,1,0,99
2,36,20,2,0,0,0,1,12
3,38,33,0,0,0,1,0,29
5,42,41,2,0,0,1,0,40
8,68,49,3,0,1,1,0,47
5,32,40,2,0,0,0,0,34
22,94,88,5,0,0,1,0,85
16,91,84,7,1,0,0,0,85
21,79,75,4,0,0,1,0,72
5,48,59,4,0,0,0,0,41
2,33,24,2,0,0,1,0,19
6,32,40,4,0,1,0,0,36
1,26,19,1,0,1,0,1,8
24,94,80,7,1,0,0,1,86
6,31,24,0,0,0,0,0,24
28,93,93,10,1,0,0,0,97
4,37,33,2,0,0,1,0,40
11,55,45,3,0,1,1,0,41
1,29,3,0,0,1,0,0,8
3,43,43,1,0,0,0,0,32
22,94,82,5,0,0,1,0,86
22,98,100,9,0,0,1,0,92
15,86,81,7,0,0,1,0,71
1,15,4,1,0,0,0,0,8
30,95,99,9,1,0,0,0,100
14,67,71,5,0,0,0,0,69
12,80,76,6,1,0,0,0,77
17,90,85,8,0,0,0,0,81
13,86,78,7,0,0,1,0,80
9,53,52,2,0,0,0,0,41
4,31,39,0,0,0,0,0,23
1,14,5,0,0,0,1,0,3
19,83,76,6,0,0,0,0,73
4,27,28,0,0,0,0,0,21
15,84,77,7,1,0,1,0,71
8,49,41,3,1,0,0,1,38
21,80,76,5,0,0,0,0,77
12,62,56,3,1,0,1,0,58
0,15,1,1,0,1,0,0,9
28,93,99,7,0,0,0,0,92
1,29,23,1,1,0,0,0,13
11,45,48,4,1,0,0,0,42
7,50,42,4,1,0,0,0,39
6,25,35,3,0,0,0,0,25
13,77,53,3,0,0,0,0,56
6,52,30,1,0,1,0,0,37
17,82,67,3,1,0,0,0,66
3,27,29,1,0,0,0,0,15
4,33,18,1,0,1,0,0,15
25,92,95,7,0,0,1,0,92
8,58,53,4,0,0,0,0,41
13,71,80,8,0,0,0,1,73
7,55,46,2,0,0,1,0,45
2,7,1,0,0,1,0,0,0
22,90,90,8,0,0,0,0,92
18,88,80,8,1,0,1,0,73
12,55,62,6,0,0,1,0,57
15,92,81,8,0,0,0,0,85
5,63,45,4,1,0,1,0,45
23,93,81,6,1,0,1,0,82
15,91,88,9,0,0,1,0,89
24,81,80,8,0,0,1,0,86
24,94,100,7,0,0,1,0,100
5,55,38,3,0,0,0,1,38
26,99,93,9,1,0,0,0,99
11,84,61,4,0,0,1,0,69
11,52,55,5,0,0,0,0,60
14,79,84,6,0,0,0,0,72
4,33,24,0,0,1,0,1,25
13,76,57,4,0,0,0,1,51
4,23,28,0,0,0,0,0,15
24,90,91,7,1,0,0,0,100
22,96,92,7,1,0,1,0,96
1,3,9,1,0,0,0,0,6
20,93,81,8,1,0,1,0,84
2,11,20,1,0,0,0,0,15
22,92,92,9,1,0,0,0,99
13,76,79,8,0,0,1,0,79
8,36,34,3,1,0,1,0,36
0,29,18,1,0,1,0,0,10
24,90,89,6,1,0,0,0,85
4,42,40,4,0,0,0,0,39
16,81,69,7,0,0,0,0,68
7,47,40,5,0,0,0,0,46
5,38,30,3,0,0,0,0,26
10,74,62,4,0,0,0,0,70
12,86,72,5,0,0,1,0,72
9,50,55,4,1,0,0,0,42
5,50,35,2,1,0,0,0,36
15,93,82,6,1,0,1,0,88
9,68,43,4,0,0,0,1,44
28,100,99,8,0,0,1,0,91
24,89,87,8,1,0,1,0,87
17,65,68,6,0,0,0,0,69
1,39,21,2,0,1,0,1,13
2,27,19,0,0,0,0,0,5
2,13,10,2,0,0,1,0,11
9,74,60,4,0,0,0,1,59
14,62,69,6,1,0,0,0,52
6,32,21,2,0,0,0,1,25
5,49,21,1,1,0,0,0,30
4,11,17,1,0,1,1,0,12
13,80,79,7,0,0,1,0,75
2,9,13,1,0,1,0,1,8
1,20,11,0,0,1,0,1,3
13,82,63,6,1,0,1,0,65
20,79,78,5,0,0,1,0,79
14,89,73,5,0,0,1,0,79
1,29,24,2,0,0,0,1,19
21,81,74,4,0,0,0,0,74
30,90,91,7,1,0,1,0,96
18,76,70,6,0,0,0,0,76
12,73,69,7,0,0,1,0,62
7,57,48,4,0,1,1,0,41
2,26,27,3,0,0,0,0,22
14,62,74,4,0,0,0,0,68
7,52,41,5,0,0,0,0,46
1,16,14,1,0,1,0,1,15
18,83,84,6,0,0,0,0,84
30,97,92,7,1,0,0,0,93
21,97,100,8,1,0,0,0,93
25,90,96,7,0,0,1,0,94
3,32,44,2,1,0,0,0,33
19,87,88,9,1,0,1,0,90
7,63,43,3,0,0,1,0,49
23,89,82,5,1,0,0,0,90
10,46,50,2,0,0,0,1,41
2,49,22,1,0,0,0,0,28
4,17,23,0,1,0,0,0,12
11,56,60,3,1,0,1,0,51
6,38,45,2,0,0,0,0,35
28,91,98,9,0,0,0,0,97
3,36,41,2,0,0,0,0,40
29,98,94,7,1,0,0,0,95
20,92,88,8,1,0,0,0,86
5,56,34,2,0,0,1,0,34
2,45,20,1,0,0,0,1,29
15,80,84,5,0,0,0,0,86
13,60,72,6,0,0,0,0,61
20,87,81,5,1,0,1,0,83
6,56,48,5,0,0,0,0,47
0,25,1,0,0,0,0,0,2
25,94,90,10,0,0,0,0,97
2,30,21,3,1,0,1,0,25
2,9,3,1,1,0,1,0,8
18,92,86,8,0,0,0,0,82
4,22,27,1,0,0,0,0,17
21,76,83,7,1,0,1,0,80
9,65,59,6,0,0,1,0,57
16,87,81,5,1,0,1,0,79
16,86,81,8,1,0,0,0,82
11,55,55,2,0,0,0,0,60
24,90,90,7,1,0,0,0,96
2,9,12,0,0,0,0,1,4
15,85,83,9,1,0,1,0,87
20,98,90,10,1,0,0,0,97
5,41,25,3,0,1,0,1,21
4,37,21,1,0,0,0,0,27
1,17,24,2,0,0,0,0,17
14,52,65,6,0,0,1,0,52
21,72,78,4,0,0,0,1,73
4,22,29,0,0,1,0,1,11
21,92,87,5,1,0,1,0,84
21,100,95,9,1,0,0,0,97
6,39,26,2,0,0,0,0,28
3,42,34,3,0,1,0,0,26
3,42,35,2,0,0,0,0,36
6,31,32,1,0,0,1,0,30
10,48,41,1,1,0,0,0,44
10,59,57,4,0,0,0,0,44
28,100,95,7,1,0,1,0,97
3,27,29,0,0,0,1,0,23
6,46,36,3,0,0,0,0,23
4,13,17,1,0,1,0,0,15
16,91,81,5,0,0,1,0,88
20,96,92,9,1,0,1,0,95
15,70,74,7,1,0,0,0,75
4,31,16,1,0,0,1,0,11
2,10,12,0,0,0,0,0,6
1,27,16,2,0,0,0,0,17
29,97,93,10,1,0,0,1,92
11,60,49,1,1,0,1,0,42
22,100,97,7,0,0,0,0,100
10,69,56,3,0,1,0,0,50
8,46,33,3,0,0,0,0,40
11,60,69,7,0,1,1,0,63
17,63,63,7,1,0,1,0,70
22,82,86,7,0,0,1,0,86
11,42,40,4,1,0,0,0,42
3,39,10,2,0,0,0,1,15
4,40,44,2,1,0,0,0,40
7,39,46,2,0,0,1,0,39
8,59,47,4,0,1,1,0,49
2,36,26,3,0,1,0,0,26
8,69,52,1,1,0,0,0,47
11,78,74,5,1,0,0,0,68
1,20,17,0,0,0,0,1,7
2,27,18,0,0,1,0,1,8
13,77,62,2,0,0,0,0,53
10,82,61,6,0,0,0,0,66
17,82,88,8,1,0,1,0,86
9,67,52,5,1,0,0,1,53
10,48,47,5,0,1,1,0,49
4,26,32,2,1,0,1,0,23
9,71,63,2,1,0,0,0,56
24,93,99,8,1,0,0,0,95
21,93,95,8,1,0,1,0,94
8,50,38,4,0,0,0,0,34
8,47,36,3,1,0,1,0,34
14,74,76,7,0,0,1,0,74
16,78,84,4,0,0,1,0,71
14,70,71,7,1,0,1,0,68
3,57,41,1,0,0,0,0,35
7,36,32,2,1,0,1,0,34
16,83,74,4,1,0,0,0,73
17,84,83,9,0,0,0,0,85
14,71,50,2,1,0,0,0,56
1,3,7,0,0,0,0,0,10
4,35,37,1,0,0,0,0,33
12,85,81,5,1,0,1,0,76
0,16,0,1,0,0,0,0,10
5,57,39,1,0,1,0,0,31
16,64,64,7,0,0,1,0,69
2,10,14,2,0,0,1,0,17
5,52,59,1,1,0,0,0,46
17,80,80,6,1,0,0,0,84
5,44,30,1,1,0,0,0,38
16,73,62,3,0,0,1,0,69
6,57,45,4,1,0,0,0,46
9,50,52,2,0,0,0,0,53
30,94,99,9,0,0,1,0,91
9,60,66,3,0,1,0,0,59
12,72,65,7,0,0,1,0,66
14,58,59,4,1,0,0,1,55
2,4,14,1,0,0,0,0,3
2,20,28,1,0,0,0,0,27
25,96,100,8,1,0,0,0,96
16,73,74,8,1,0,1,0,74
15,86,87,5,0,0,1,0,81
10,53,57,1,0,0,0,0,49
6,44,23,1,0,1,1,0,22
3,24,27,0,0,1,0,0,24
22,82,86,5,1,0,1,0,83
2,21,2,0,0,0,0,1,8
23,88,87,8,0,0,1,0,87
6,26,21,3,1,0,0,0,23
2,34,26,0,0,0,1,0,18
10,62,46,4,0,0,1,0,50
11,69,60,5,0,0,1,0,67
8,63,55,4,1,0,1,0,55
20,91,83,6,1,0,1,0,87
3,31,48,4,0,0,0,1,32
8,65,56,1,0,1,1,0,48
0,24,18,1,0,1,0,0,8
6,42,30,2,0,0,0,0,33
6,51,53,3,1,0,1,0,41
0,29,12,0,0,0,0,0,2
20,98,95,9,0,0,0,0,94
5,33,25,1,0,0,1,0,21
8,69,51,1,0,0,0,0,41
28,93,100,8,1,0,0,0,92
11,74,62,7,1,0,0,0,67
12,75,65,3,0,0,0,0,57
8,51,30,3,0,0,0,0,31
13,63,53,2,1,0,0,0,53
3,31,12,0,0,0,1,0,15
1,28,14,2,0,0,1,0,14
8,47,42,2,1,0,0,0,42
14,65,60,5,1,0,0,0,64
6,37,30,4,0,0,0,1,33
11,81,68,6,0,0,0,0,69
24,80,85,8,0,0,0,0,83
20,95,100,10,1,0,1,0,93
17,92,88,8,1,0,1,0,88
17,80,89,9,1,0,1,0,85
15,80,82,8,0,0,1,0,78
3,35,20,2,0,0,0,0,20
1,1,19,0,0,1,0,1,6
18,81,84,6,1,0,0,0,87
13,77,75,4,1,0,0,0,73
6,58,53,1,0,0,0,0,45
12,84,64,7,0,0,1,0,65
8,45,31,3,0,0,0,0,33
21,88,82,8,1,0,1,0,86
14,70,84,6,0,0,1,0,80
6,34,33,3,1,0,1,0,23
10,79,63,2,0,0,0,0,58
17,62,65,6,0,1,1,0,64
11,54,45,4,0,0,0,0,42
5,41,48,3,0,0,1,0,44
3,19,13,0,0,0,0,0,13
26,92,96,8,0,0,1,0,97
6,36,31,0,0,1,0,1,25
4,42,38,3,0,1,0,0,37
3,23,13,2,0,0,0,1,17
4,58,33,3,0,0,0,0,31
3,37,37,1,0,0,1,0,39
22,91,91,8,0,0,1,0,92
3,33,27,1,0,1,1,0,11
4,37,39,2,0,0,0,0,31
5,42,33,4,1,0,0,0,39
12,70,72,6,0,0,1,0,73
30,98,91,9,0,0,1,0,96
12,75,52,5,0,0,0,0,60
11,72,67,3,0,1,1,0,63
17,85,85,9,1,0,1,0,88
27,98,97,7,1,0,1,0,93
0,0,13,0,0,0,0,0,9
13,65,61,4,0,0,0,0,60
3,34,37,4,0,0,0,0,40
11,56,51,5,0,0,0,0,45
17,71,75,8,1,0,1,0,71
6,33,46,1,1,0,1,0,34
1,28,4,1,0,0,1,0,4
13,83,83,8,0,0,0,0,75
2,17,6,1,0,1,1,0,7
16,75,80,7,1,0,1,0,75
2,22,21,1,0,1,1,0,23
17,82,83,8,0,0,0,0,84
0,5,7,1,0,0,0,0,0
0,12,18,1,0,1,0,1,5
10,63,67,6,1,0,1,0,68
8,79,65,4,0,0,0,0,57
6,20,37,3,0,1,0,1,22
2,25,15,0,0,1,0,1,9
17,69,72,3,0,0,1,0,63
2,30,28,2,1,0,0,1,25
1,29,0,1,0,0,0,0,3
6,67,47,2,1,0,1,0,42
8,44,31,1,0,0,0,0,35
5,28,39,1,1,0,1,0,27
5,32,27,2,1,0,0,0,26
23,95,91,8,1,0,1,0,92
3,53,41,2,1,0,0,0,40
15,73,73,6,1,0,0,0,78
14,79,74,6,1,0,0,0,63
23,98,95,9,0,0,1,0,96
18,70,82,5,0,0,0,0,75
17,76,78,4,1,0,0,0,63
3,10,27,0,0,0,0,0,20
9,64,43,4,0,0,1,0,47
6,20,33,3,1,0,0,0,21
2,46,30,2,0,0,1,0,21
13,71,56,6,0,0,1,0,60
4,36,33,0,0,0,1,0,28
2,9,8,1,0,1,1,0,6
2,36,11,0,0,0,0,0,18
3,25,39,3,0,0,1,0,21
0,24,12,1,1,0,0,0,1
1,9,3,1,0,1,0,1,6
15,86,85,7,0,0,0,0,88
14,58,65,3,0,0,0,0,52
13,68,58,6,1,0,1,0,57
12,56,55,2,0,0,1,0,54
14,76,71,6,0,0,0,0,80
13,72,51,5,0,0,0,0,56
15,81,86,9,1,0,1,0,84
4,21,10,0,0,0,0,1,20
14,75,55,6,0,0,0,1,59
16,81,88,5,1,0,1,0,81
3,31,13,1,0,0,0,1,13
5,48,50,3,1,0,0,0,46
6,41,43,3,0,0,0,0,31
4,29,19,2,1,0,1,0,11
9,59,57,1,0,0,0,1,47
1,18,17,0,0,0,0,1,20
2,20,26,3,1,0,0,0,21
4,39,24,0,0,0,0,1,30
5,44,32,1,0,0,1,0,30
6,50,47,2,0,0,1,0,43
11,77,66,6,0,0,1,0,52
10,63,56,6,1,0,1,0,57
14,67,79,7,0,0,1,0,69
20,82,77,4,1,0,1,0,79
16,68,62,7,0,0,1,0,69
6,35,24,2,0,0,0,0,23
3,31,22,2,0,0,1,0,15
1,4,0,0,0,0,0,1,7
10,51,40,1,1,0,0,0,49
20,77,83,6,0,0,0,0,72
0,15,8,1,0,1,0,1,8
13,87,79,6,1,0,0,0,79
4,46,26,0,0,0,0,0,21
8,44,48,3,0,0,1,0,47
30,91,95,8,1,0,1,0,99
12,63,69,5,1,0,1,0,61
30,99,95,8,0,0,1,0,98
22,85,88,6,0,0,1,0,83
9,59,69,2,0,0,0,0,60
13,53,53,6,0,0,1,0,57
4,51,48,3,0,0,0,1,40
9,70,50,6,0,0,1,0,54
2,40,33,2,1,0,0,1,30
17,94,86,5,0,0,1,0,87
4,32,35,3,0,0,0,0,28
14,52,66,3,0,0,0,0,53
3,31,35,4,1,0,0,0,36
24,94,85,8,0,0,0,0,88
2,16,13,2,0,1,1,0,12
0,29,4,0,0,0,1,0,5
1,35,25,0,1,0,1,0,14
15,83,84,5,1,0,1,0,71
3,38,31,4,0,1,0,1,31
4,39,25,2,0,0,0,0,16
2,32,38,1,0,1,0,0,21
24,98,92,9,0,0,1,0,99
4,12,18,0,0,0,1,0,14
21,84,89,6,1,0,0,0,84
3,37,14,0,0,0,0,1,16
10,59,65,2,1,0,0,0,58
3,30,24,3,0,0,0,0,25
30,96,90,10,1,0,0,0,100
2,47,21,3,0,1,0,0,23
14,62,67,3,1,0,1,0,61
1,14,3,0,0,0,0,0,3
27,99,98,7,1,0,1,0,96
29,90,97,7,1,0,1,0,95
5,42,43,4,0,0,0,1,39
5,23,38,0,0,1,1,0,24
10,72,67,5,0,0,0,0,64
9,57,43,3,1,0,1,0,50
4,13,21,1,0,0,0,0,18
1,24,21,1,0,0,0,1,16
10,76,75,5,0,0,1,0,64
23,100,99,10,0,0,0,0,91
11,65,67,4,0,0,0,0,66
5,52,41,4,0,0,0,1,49
2,24,10,0,0,0,0,1,2
23,81,86,5,1,0,0,0,81
15,80,69,4,0,0,0,0,66
27,92,93,7,1,0,0,0,98
1,27,5,0,0,1,1,0,9
10,47,59,2,0,0,1,0,46
11,50,52,4,1,0,1,0,51
4,42,39,3,0,0,1,0,29
1,15,16,1,0,1,0,1,7
17,91,88,6,1,0,0,0,90
14,53,53,5,1,0,1,0,57
23,92,85,9,1,0,1,0,86
20,90,81,9,0,0,0,0,85
18,84,76,4,0,0,0,0,80
1,12,15,1,0,0,1,0,8
11,67,63,6,0,0,1,0,59
27,91,95,10,1,0,1,0,100
8,43,58,4,1,0,1,0,41
1,13,23,1,0,0,0,1,16
5,34,22,0,0,1,0,1,28
21,86,87,5,0,0,0,0,88
4,35,40,1,1,0,0,0,31
5,47,33,4,1,0,1,0,40
12,65,60,6,0,0,1,0,66
11,62,74,7,0,0,0,0,69
9,52,69,2,1,0,1,0,54
4,36,25,2,0,0,0,0,17
1,33,29,1,0,0,0,0,17
26,96,99,10,1,0,1,0,92
4,38,39,4,0,0,0,0,33
25,90,92,10,1,0,1,0,96
4,18,12,2,0,0,0,0,12
12,57,51,3,0,0,0,0,60
6,23,37,2,0,0,0,1,28
2,40,28,2,0,1,0,1,21
17,65,69,4,1,0,0,0,66
16,72,75,5,1,0,1,0,69
18,75,84,8,0,0,1,0,79
5,46,50,5,0,0,1,0,42
12,79,76,7,1,0,1,0,65
1,14,14,1,0,0,0,1,6
19,91,82,9,1,0,1,0,87
21,74,72,4,1,0,0,0,74
12,72,79,4,1,0,1,0,65
5,52,46,2,0,0,1,0,32
11,76,63,5,0,0,1,0,63
5,48,57,3,1,0,0,1,49
1,14,12,0,0,1,0,0,2
13,85,84,6,0,0,0,0,79
15,73,60,3,1,0,0,0,68
2,25,25,0,0,0,1,0,14
1,32,23,2,0,1,0,0,18
30,90,90,7,1,0,1,0,97
20,96,91,7,0,0,1,0,98
8,67,58,2,1,0,0,0,53
19,87,89,9,0,1,0,0,82
3,51,46,1,0,0,0,0,38
28,95,94,7,1,0,1,0,94
13,74,62,5,0,0,0,0,63
26,94,94,8,1,0,0,0,91
15,72,75,8,0,0,0,0,71
6,51,42,3,0,1,0,1,31
22,81,89,5,0,0,1,0,84
26,96,94,9,1,0,0,0,99
9,73,66,2,0,0,0,0,59
11,68,62,5,1,0,1,0,68
4,27,34,3,0,1,0,1,21
2,6,14,0,0,0,1,0,2
2,21,29,2,1,0,0,0,19
14,78,62,2,1,0,0,0,55
13,55,64,4,0,0,1,0,51
10,62,45,1,0,0,1,0,45
12,67,70,5,1,0,0,0,68
0,19,2,1,0,1,0,0,5
4,35,39,1,0,0,0,1,25
18,86,83,6,0,0,1,0,83
19,91,87,7,1,0,1,0,89
1,18,5,0,0,0,0,0,1
1,29,16,1,1,0,0,1,0
2,3,8,0,1,0,0,1,8
8,62,56,4,0,0,0,0,51
4,38,12,2,1,0,0,1,16
6,47,56,3,1,0,0,0,41
3,56,45,1,0,0,1,0,39
10,40,55,2,0,0,1,0,41
2,28,26,3,0,1,0,0,26
17,75,75,5,0,0,0,0,66
8,58,60,6,0,0,0,0,51
27,97,95,9,1,0,1,0,94
12,81,71,5,1,0,1,0,62
17,84,77,8,1,0,1,0,73
4,48,34,0,0,1,0,0,27
3,28,36,2,1,0,0,1,27
1,24,3,0,0,0,0,0,8
10,70,72,7,1,0,0,0,62
13,71,74,5,0,0,0,1,66
13,71,79,6,1,0,1,0,70
3,42,37,3,1,0,0,1,40
21,93,99,10,1,0,1,0,98
9,68,51,4,0,0,1,0,56
28,100,100,9,0,0,1,0,92
14,71,71,4,0,1,0,0,79
14,89,82,8,0,0,1,0,75
14,62,70,3,1,0,0,0,66
1,26,9,0,0,0,0,0,9
6,55,51,5,0,0,0,0,42
2,17,5,0,0,0,0,1,4
4,43,33,3,0,0,1,0,36
1,31,28,1,0,1,1,0,16
18,80,88,5,1,0,0,0,86
24,98,95,10,1,0,1,0,100
20,78,71,7,0,0,1,0,79
13,78,66,6,0,0,0,0,67
14,80,67,6,1,0,1,0,62
12,84,73,5,1,0,1,0,63
15,86,74,6,1,0,0,0,73
21,81,73,4,0,0,0,0,80
2,8,1,1,0,0,0,0,10
14,84,78,7,0,0,0,0,68
1,16,28,2,0,0,0,1,14
7,52,49,1,0,0,0,0,31
16,62,75,3,1,0,0,0,69
10,65,47,1,1,0,0,0,42
8,68,56,2,0,0,1,0,54
15,79,79,7,0,1,1,0,76
6,55,41,2,0,0,0,1,50
9,60,62,4,1,0,1,0,58
5,54,39,2,1,0,0,0,33
2,45,22,1,0,0,1,0,29
9,77,58,6,1,0,1,0,59
7,41,37,2,1,0,1,0,33
16,70,64,4,0,0,1,0,69
1,18,5,1,0,0,0,0,3
12,71,78,8,0,1,1,0,78
9,60,40,1,0,0,0,1,49
6,43,38,0,0,1,0,0,25
16,85,83,4,0,0,1,0,78
6,51,31,4,0,0,0,0,35
7,44,44,5,1,0,1,0,47
10,46,45,5,1,0,0,1,46
11,78,59,2,0,0,1,0,55
12,89,70,7,1,0,0,0,76
7,62,59,1,0,0,1,0,42
3,24,21,2,0,0,0,1,20
12,73,77,5,1,0,0,0,78
17,65,66,7,0,0,1,0,68
20,80,85,9,0,0,0,0,82
14,69,60,7,0,0,1,0,68
28,96,94,9,1,0,0,0,94
17,61,72,6,1,0,1,0,65
6,45,57,1,1,0,1,0,43
10,49,54,2,0,0,0,0,42
13,77,74,6,1,0,0,0,66
4,25,27,0,0,0,0,0,15
5,40,48,4,0,0,0,0,37
2,37,30,1,0,1,1,0,30
9,59,58,1,0,0,1,0,45
13,75,71,3,0,0,1,0,67
10,59,46,2,1,0,1,0,48
17,83,74,8,1,0,1,0,76
15,94,81,6,1,0,1,0,88
20,94,89,8,1,0,0,0,85
3,39,19,0,0,1,0,0,18
9,62,45,3,0,0,0,0,45
1,20,17,0,0,1,0,1,10
19,83,86,9,1,0,0,0,90
2,17,13,0,0,0,0,1,10
15,80,72,4,1,0,1,0,74
8,50,44,4,0,0,1,0,32
7,61,54,4,0,0,0,1,50
7,64,53,3,0,0,1,0,47
8,79,54,4,1,0,1,0,52
12,88,73,4,0,0,0,0,73
0,26,19,0,0,0,0,1,4
22,93,92,7,0,0,1,0,100
6,48,22,0,0,0,1,0,22
12,77,69,6,0,0,1,0,58
17,70,69,7,0,0,0,0,70
13,79,78,4,0,0,0,0,71
9,60,48,1,1,0,1,0,49
5,45,49,2,1,0,1,0,42
22,92,100,10,1,0,1,0,92
18,79,81,8,0,0,1,0,79
17,71,70,8,1,0,0,0,73
2,24,25,1,0,0,0,0,15
13,76,68,4,1,0,0,0,60
3,43,39,3,0,0,0,0,22
18,93,88,6,1,0,1,0,88
1,5,9,1,0,0,1,0,8
2,9,6,0,0,0,0,0,9
24,100,100,9,1,0,1,0,98
23,92,91,7,0,0,1,0,91
2,17,29,1,0,0,0,0,11
21,99,97,8,1,0,1,0,92
5,42,47,4,0,0,1,0,41
25,97,97,9,1,0,0,0,98
15,65,72,3,1,0,1,0,70
6,36,45,1,0,1,0,0,31
11,64,57,5,1,0,0,0,45
19,83,81,8,0,0,0,0,72
24,81,85,5,0,0,0,0,88
2,26,25,1,0,0,0,0,24
1,39,23,0,0,0,0,0,11
11,68,69,5,1,0,1,0,51
15,77,83,6,1,0,0,0,78
21,83,78,6,0,0,0,0,75
20,89,84,5,0,0,0,0,90
5,36,39,0,0,0,0,1,25
1,12,2,0,0,1,0,1,6
2,39,23,1,0,0,0,1,15
5,45,55,2,0,0,1,0,46
2,17,14,1,0,0,0,0,0
17,77,78,6,1,0,0,0,78
13,78,66,3,0,0,0,0,60
3,50,34,1,0,0,0,0,32
20,74,73,7,0,0,0,0,72
3,30,17,1,0,0,0,1,20
1,29,6,0,0,0,0,0,7
4,35,38,2,0,0,0,1,28
20,86,83,4,1,0,0,0,76
11,70,69,5,1,0,0,0,68
14,78,59,5,0,0,1,0,57
18,70,80,5,1,0,1,0,71
12,70,80,7,1,0,1,0,79
15,74,69,4,0,0,0,1,64
8,47,47,1,0,0,0,0,35
7,68,42,5,1,0,1,0,50
6,62,41,1,1,0,1,0,50
0,16,19,0,0,0,0,0,6
15,85,77,5,1,0,1,0,74
4,33,23,1,0,0,0,1,24
5,39,40,4,1,0,1,0,33
13,70,65,3,1,0,0,1,69
24,99,92,9,1,0,0,0,91
8,41,52,2,0,0,1,0,47
0,2,13,1,0,0,0,0,1
16,78,76,4,0,0,0,0,76
17,93,85,5,0,0,0,0,85
12,69,52,6,0,0,1,0,57
3,24,19,0,0,0,0,0,16
18,78,80,4,1,0,0,0,79
22,93,99,8,0,0,1,0,98
20,83,81,7,0,0,0,0,86
3,37,32,2,0,0,0,1,25
3,40,48,3,1,0,1,0,38
21,83,88,8,0,1,1,0,89
3,48,31,2,0,1,0,1,33
30,94,91,10,1,0,0,0,93
13,73,59,6,0,0,0,0,59
5,52,30,3,0,0,0,0,31
3,12,29,0,0,0,0,0,12
17,72,60,5,0,0,1,0,67
10,77,54,5,0,0,0,0,57
5,41,50,4,0,0,0,0,47
11,44,50,5,1,0,1,0,45
1,20,22,0,0,0,1,0,11
11,66,60,4,1,0,0,0,67
28,91,94,10,1,0,0,0,94
4,23,36,0,0,0,0,0,23
1,21,4,0,0,0,0,0,10
13,51,58,3,0,0,0,1,58
1,2,19,1,0,0,1,0,3
2,3,8,1,0,0,1,0,3
13,88,80,6,1,0,0,0,79
3,12,20,2,0,1,0,0,16
2,39,27,0,0,0,0,0,14
0,1,16,1,1,0,1,0,7
16,75,68,3,1,0,0,0,65
3,53,37,2,0,0,1,0,36
27,99,96,10,1,0,1,0,100
15,81,84,7,1,0,1,0,84
13,67,71,6,0,0,1,0,70
24,98,98,8,1,0,1,0,91
5,32,39,3,1,0,1,0,35
9,62,42,4,0,1,0,0,42
11,53,49,2,1,0,0,0,49
6,57,53,3,0,0,1,0,44
24,90,96,8,1,0,1,0,96
20,90,88,7,0,0,1,0,81
5,54,59,3,1,0,0,0,41
9,64,65,3,0,0,0,1,51
3,44,30,3,0,0,1,0,25
17,75,75,3,0,1,1,0,65
4,21,25,2,0,0,0,0,13
3,56,45,4,0,0,0,1,32
19,80,80,4,1,0,1,0,80
4,43,47,2,0,0,0,0,39
21,95,90,10,0,0,0,0,98
3,10,26,2,0,0,0,0,20
8,57,57,1,0,0,0,1,48
21,89,74,4,1,0,0,0,73
23,93,88,8,1,0,1,0,85
19,84,86,7,1,0,0,0,89
28,97,94,7,0,0,0,1,95
13,71,68,2,1,0,1,0,53
14,71,73,3,0,0,1,0,68
3,29,24,2,0,0,0,1,16
21,90,97,8,1,0,1,0,100
4,38,23,3,0,1,0,1,23
20,93,95,9,1,0,0,0,92
16,79,76,7,1,0,0,0,61
1,31,15,2,0,1,0,0,17
13,79,60,3,1,0,1,0,56
2,26,27,2,1,0,0,0,16
16,89,79,4,1,0,1,0,72
2,48,28,0,1,0,0,0,30
2,14,6,1,0,0,0,0,9
14,76,78,5,0,0,1,0,73
11,67,63,7,0,0,0,0,63
7,61,47,5,0,0,0,0,49
16,67,64,4,1,0,0,0,63
17,83,85,9,1,0,1,0,90
11,66,45,3,0,0,0,0,43
21,88,88,5,0,0,1,0,81
10,54,68,5,0,0,0,0,56
18,81,81,4,0,0,0,0,73
20,96,97,9,0,0,1,0,94
8,40,45,4,1,0,0,0,41
17,66,67,6,0,0,1,0,65
10,68,67,4,0,0,0,0,55
9,54,55,3,0,0,0,0,56
18,73,78,8,0,0,1,0,77
2,43,28,0,0,0,0,1,22
1,13,21,1,0,0,1,0,19
3,13,21,2,0,0,0,0,19
7,42,43,3,0,0,0,0,37
17,83,79,5,1,0,1,0,76
14,55,62,4,0,0,0,1,57
17,73,76,5,1,0,0,0,72
7,50,41,3,1,0,1,0,42
14,74,84,7,0,0,1,0,75
11,63,48,4,0,0,1,0,42
17,94,86,7,1,0,0,0,90
29,95,100,10,1,0,1,0,95
7,40,55,5,0,0,0,0,47
4,46,29,0,1,0,1,0,26
2,18,1,1,0,0,0,1,8
3,37,31,1,1,0,1,0,24
9,58,55,2,1,0,0,1,44
7,68,57,4,0,0,1,0,41
17,86,85,8,1,0,1,0,89
20,95,90,8,1,0,1,0,96
1,0,8,0,0,0,1,0,0
18,79,84,6,1,0,0,0,77
23,90,94,7,1,0,1,0,92
8,47,56,2,0,0,0,0,45
3,22,29,0,1,0,0,0,17
21,98,93,8,0,0,1,0,100
24,89,82,7,0,0,1,0,83
8,57,51,3,0,0,1,0,59
10,63,47,1,0,0,1,0,43
6,20,28,3,0,0,1,0,29
12,65,54,5,0,0,0,0,60
3,48,46,1,0,1,1,0,33
3,38,36,4,1,0,0,0,36
18,87,80,7,1,0,1,0,79
10,72,69,7,0,0,0,0,62
6,23,20,3,0,0,0,0,28
9,66,52,4,0,0,0,0,58
10,70,55,4,0,0,1,0,55
3,24,17,2,0,0,0,0,15
8,53,58,5,1,0,0,0,48
3,12,20,1,0,1,1,0,20
3,49,22,3,0,0,0,0,21
3,47,35,2,0,0,0,0,27
2,38,33,3,1,0,0,0,29
11,58,60,3,0,0,1,0,57
17,90,82,9,0,0,1,0,83
16,84,81,7,1,0,1,0,73
2,24,10,1,0,1,0,1,9
12,86,80,8,1,0,1,0,72
18,81,73,6,0,0,1,0,76
1,16,10,1,0,0,0,0,10
11,59,64,5,1,0,0,0,54
19,83,72,8,1,0,1,0,77
2,11,17,1,0,1,0,1,3
4,55,32,2,0,0,0,0,37
7,35,36,4,0,0,0,0,39
21,83,84,6,1,0,1,0,85
17,92,81,5,0,0,1,0,90
1,29,18,0,0,0,0,0,2
10,81,78,7,0,0,0,0,69
18,80,87,6,0,0,1,0,85
6,33,27,0,0,0,0,0,28
17,93,83,5,1,0,0,0,87
6,36,37,2,0,0,0,0,35
11,61,57,3,0,0,1,0,58
6,45,48,5,0,1,0,1,50
11,50,42,1,1,0,0,0,43
12,82,80,4,1,0,0,0,73
4,35,20,0,0,0,0,1,13
6,40,35,2,0,0,1,0,31
14,57,69,5,0,0,1,0,57
23,86,89,9,1,0,0,0,88
8,59,69,5,0,0,1,0,60
9,66,65,4,0,0,1,0,58
3,31,26,0,0,0,0,0,28
8,59,65,6,0,0,1,0,60
5,43,46,4,1,0,0,0,43
4,37,33,0,1,0,0,1,24
16,70,60,7,0,0,0,0,61
3,14,13,1,0,0,1,0,15
1,26,10,1,0,1,1,0,2
10,72,67,7,1,0,0,0,65
23,99,100,10,1,0,1,0,100
10,58,51,5,1,0,0,0,56
18,81,86,5,0,0,1,0,81
2,45,31,3,0,0,0,1,28
5,66,59,2,0,0,0,1,45
20,91,93,9,1,0,0,0,97
28,97,100,7,1,0,1,0,93
2,44,38,0,1,0,1,0,22
16,83,75,7,0,0,0,0,65
14,75,80,4,1,0,1,0,80
4,46,22,0,0,1,1,0,23
15,78,61,6,0,0,1,0,63
11,53,68,5,1,0,1,0,60
8,46,44,2,0,0,0,0,45
14,75,80,4,1,0,1,0,74
14,67,64,7,0,0,0,0,66
3,20,27,0,0,0,1,0,22
11,60,75,7,0,0,1,0,68
2,44,20,1,0,0,1,0,23
10,74,58,3,1,0,1,0,56
29,93,99,7,0,0,1,0,100
4,30,38,1,0,0,0,1,21
15,72,76,7,1,0,0,0,76
7,36,31,3,0,0,0,0,34
4,33,29,0,0,1,0,1,15
11,57,47,1,0,0,0,0,42
4,41,35,2,0,0,1,0,37
22,91,84,8,1,0,1,0,85
21,72,83,5,1,0,1,0,78
2,13,18,1,0,0,0,1,9
7,56,56,3,0,0,1,0,47
3,50,37,3,0,0,0,1,34
20,77,81,6,1,0,1,0,72
8,30,40,2,1,0,0,0,37
1,16,16,0,0,0,0,0,1
14,79,65,6,1,0,0,0,54
15,84,79,7,0,0,1,0,73
0,24,3,1,0,0,0,0,10
4,26,28,2,0,0,0,1,16
2,39,23,1,0,0,0,0,15
26,93,91,10,1,0,1,0,98
2,18,23,2,1,0,0,0,11
29,90,90,10,1,0,1,0,95
4,39,15,2,0,0,1,0,20
5,41,20,1,0,0,0,1,22
8,55,68,4,0,0,1,0,55
15,82,89,8,0,0,1,0,89
15,82,88,6,1,0,1,0,84
29,91,95,9,0,0,1,0,91
8,76,65,6,0,0,1,0,51
1,0,2,0,0,1,0,1,8
18,84,81,7,0,0,1,0,84
6,45,51,1,0,0,1,0,46
30,96,98,8,1,0,1,0,93
2,12,11,0,0,0,1,0,4
10,67,57,4,0,0,0,0,48
10,79,74,7,0,0,1,0,65
18,74,76,4,1,0,1,0,73
21,78,74,4,0,0,0,0,79
10,63,74,5,0,0,0,0,67
5,59,46,4,1,0,0,1,47
15,84,80,4,0,0,1,0,71
21,99,92,8,0,0,1,0,99
1,14,8,0,0,0,0,1,5
6,50,52,4,0,0,1,0,46
8,63,62,5,0,0,0,0,54
12,55,51,5,1,0,1,0,59
2,23,1,1,0,1,1,0,7
6,46,32,4,0,1,1,0,31
12,59,67,5,1,0,0,0,52
6,53,34,3,0,0,0,1,31
6,23,26,0,0,1,0,1,26
7,45,30,3,0,0,0,0,33
7,58,42,3,0,0,0,0,41
18,88,74,5,0,1,1,0,80
14,67,75,6,0,1,0,0,66
17,73,64,4,1,0,0,0,65
4,26,24,2,0,1,0,0,12
1,24,0,0,0,0,0,0,5
8,59,31,2,0,0,0,1,40
11,50,47,4,0,0,1,0,50
0,8,15,0,0,1,0,1,7
8,74,52,4,0,0,0,0,54
21,100,96,7,1,0,1,0,95
14,71,68,5,1,0,0,0,70
13,63,71,7,0,0,0,0,68
21,100,92,8,0,0,0,0,98
11,66,56,1,0,0,0,0,46
19,86,89,5,1,0,1,0,82
13,81,76,5,1,0,1,0,70
6,39,21,1,0,1,0,0,30
11,61,51,1,1,0,0,0,44
12,87,72,8,1,0,0,1,73
3,22,38,2,0,0,0,0,28
13,56,69,3,0,0,0,1,53
13,68,66,5,0,0,0,0,62
23,92,89,6,1,0,0,0,83
2,23,25,1,0,1,0,0,15
10,74,64,4,0,0,0,0,59
0,27,18,0,0,0,0,1,8
5,39,24,0,0,1,0,0,26
10,79,58,2,0,0,1,0,58
10,61,50,3,0,0,0,1,58
19,77,84,4,1,0,1,0,75
17,88,84,7,1,0,0,1,71
20,82,74,5,1,0,1,0,73
16,81,83,7,1,0,0,0,87
0,29,12,0,0,1,0,1,0
2,13,29,2,0,0,0,1,15
1,22,9,1,0,0,0,0,7
16,75,70,5,1,0,1,0,76
3,35,49,4,0,0,0,0,35
3,37,15,2,0,1,1,0,19
7,64,43,2,0,0,0,0,45
18,89,79,5,1,0,1,0,77
3,59,46,2,0,0,0,1,39
3,44,29,2,0,0,0,1,23
3,15,22,2,0,1,0,0,11
13,57,64,5,0,0,0,0,57
2,25,11,1,0,0,0,1,5
17,83,63,3,0,0,0,0,68
10,74,69,4,0,0,0,0,59
2,29,21,1,0,0,1,0,18
24,80,82,9,1,0,1,0,83
7,46,30,2,0,0,1,0,40
3,34,47,1,0,0,0,0,33
24,91,92,10,0,0,1,0,97
16,66,60,4,0,0,1,0,65
5,32,28,3,0,0,0,0,28
0,14,2,0,0,0,0,0,3
1,27,9,1,0,1,0,1,0
26,94,95,10,1,0,1,0,98
12,56,69,5,0,0,0,0,58
1,14,3,0,0,0,0,1,10
21,95,100,7,0,1,1,0,94
2,24,8,0,0,0,0,0,10
0,27,9,0,0,0,0,0,0
8,35,43,1,0,0,0,1,38
22,100,100,7,1,0,1,0,93
1,34,21,1,1,0,0,0,13
5,54,33,3,0,0,0,0,34
3,38,19,0,0,0,0,0,15
3,33,22,3,0,0,0,1,21
27,96,99,8,1,0,0,0,98
20,85,72,8,1,0,1,0,75
15,80,82,9,0,0,1,0,82
20,79,71,8,0,0,0,1,80
9,67,44,4,1,0,1,0,46
19,85,70,5,0,0,0,0,76
26,93,99,10,0,1,1,0,91
18,82,77,8,0,0,1,0,77
14,78,54,4,0,0,0,0,52
24,91,96,7,1,0,1,0,95
12,77,73,7,0,0,0,0,76
10,63,46,4,0,0,0,0,50
2,24,18,0,0,1,0,0,10
5,50,36,3,1,0,0,0,39
13,72,60,4,1,0,0,1,57
19,85,83,7,1,0,1,0,84
5,57,39,1,1,0,0,0,39
4,24,11,0,1,0,0,1,16
10,68,62,3,0,0,0,0,62
2,26,15,0,0,1,1,0,15
8,33,39,4,0,1,0,0,36
15,81,84,9,1,0,1,0,86
24,94,94,7,0,0,1,0,97
27,96,92,9,1,0,1,0,92
9,44,51,1,1,0,0,0,47
6,45,47,4,0,0,1,0,41
3,20,21,2,0,0,0,0,19
16,62,72,7,0,0,1,0,63
29,99,98,10,1,0,1,0,94
8,36,38,2,0,0,0,0,35
7,46,45,4,1,0,0,0,46
21,94,97,9,0,0,1,0,95
6,63,53,4,0,0,1,0,43
15,67,73,7,0,0,1,0,67
14,52,51,2,0,0,1,0,51
24,93,88,8,1,0,1,0,82
2,15,7,1,0,0,0,0,0
5,24,22,1,0,0,1,0,28
7,66,44,3,1,0,0,0,43
6,67,42,3,0,0,0,0,42
2,21,22,3,0,0,0,1,22
4,23,32,0,0,0,0,0,24
1,0,14,0,0,0,0,0,8
26,99,98,7,1,0,0,1,91
6,31,33,1,0,0,1,0,24
18,80,80,9,1,0,1,0,85
8,43,46,2,1,0,0,0,44
20,95,90,9,1,0,0,0,95
11,77,61,2,0,0,1,0,53
3,28,13,1,0,0,0,1,13
17,67,71,5,0,0,0,0,66
13,74,65,6,0,0,0,0,67
11,49,54,2,0,0,0,0,47
4,29,18,1,0,0,0,0,12
5,20,38,3,0,0,0,1,24
3,31,30,3,0,0,0,1,34
12,88,82,7,0,0,0,0,75
20,85,82,5,0,0,0,0,79
4,50,30,3,1,0,0,0,36
9,53,55,3,1,0,1,0,49
12,65,56,2,0,0,0,0,55
4,40,26,2,0,0,1,0,26
30,99,98,9,0,0,1,0,98
22,92,87,6,1,0,1,0,83
23,92,97,10,0,0,0,0,93
2,28,15,0,0,0,0,1,9
8,51,46,2,1,0,1,0,43
13,79,57,4,0,0,0,0,59
11,68,69,3,1,0,0,0,62
15,82,80,9,1,0,1,0,87
22,90,85,6,1,0,1,0,89
2,20,12,2,0,1,0,1,15
5,45,46,1,0,1,0,0,44
2,44,20,0,0,0,0,1,25
15,63,67,7,0,0,1,0,65
14,56,63,2,0,0,1,0,56
3,19,18,0,0,0,0,0,18
3,49,33,3,0,0,0,1,27
24,91,87,7,0,0,0,0,85
2,35,16,0,0,0,0,1,17
2,31,26,1,0,1,0,0,16
5,36,37,2,0,1,0,0,26
24,86,82,7,0,0,0,0,90
1,32,11,1,0,1,0,0,12
21,95,100,7,0,0,1,0,96
11,82,60,7,1,0,0,0,69
13,80,76,7,1,0,1,0,74
6,21,35,2,0,1,0,1,22
0,22,11,0,0,0,0,0,6
2,33,34,2,1,0,0,0,27
8,49,40,1,0,0,1,0,49
24,92,100,10,0,0,1,0,96
17,84,80,6,0,0,1,0,82
15,65,79,5,1,0,0,0,61
3,37,13,0,0,0,0,1,14
14,82,77,8,1,0,1,0,73
2,18,11,0,0,0,0,1,2
13,76,73,7,1,0,1,0,77
3,27,36,1,0,0,0,0,29
20,89,80,5,0,0,0,0,83
6,36,34,2,0,0,0,0,29
7,52,49,5,0,0,1,0,45
18,88,80,9,1,0,1,0,83
5,65,44,1,0,0,0,1,49
1,21,12,1,0,1,0,1,1
4,40,44,1,0,0,0,0,37
8,49,55,1,0,0,0,0,46
13,57,61,5,0,0,1,0,60
8,79,51,3,0,1,1,0,55
3,16,26,1,1,0,0,1,20
14,64,64,5,0,0,1,0,57
9,76,57,4,0,0,0,0,55
16,77,74,3,0,0,0,0,69
27,91,99,9,0,1,1,0,96
14,73,64,5,0,0,1,0,57
15,92,88,7,0,0,1,0,87
0,14,6,0,0,0,0,0,9
10,58,51,2,1,0,1,0,44
2,23,15,0,0,1,1,0,9
8,40,48,1,1,0,1,0,32
4,13,27,2,0,0,0,0,14
16,81,70,5,1,0,0,0,71
18,72,73,8,1,0,0,0,72
8,30,49,4,1,0,1,0,33
1,24,24,2,0,0,0,1,13
13,71,66,3,1,0,0,0,68
3,30,22,2,1,0,1,0,12
12,65,59,4,1,0,0,0,55
5,55,36,3,1,0,0,0,39
4,33,40,1,1,0,1,0,31
1,37,17,0,0,0,0,0,19
21,81,83,7,1,0,1,0,73
2,35,25,1,0,0,0,1,13
1,20,13,0,0,1,0,0,8
6,39,31,1,0,0,0,0,40
11,60,49,4,0,0,0,0,44
10,50,61,5,0,0,1,0,55
10,54,62,6,1,0,1,0,60
20,80,83,7,0,0,0,0,82
12,72,70,5,0,0,1,0,79
22,100,94,7,0,0,1,0,96
9,54,53,2,1,0,0,0,60
15,80,69,3,0,0,1,0,66
1,25,27,0,1,0,0,0,17
15,73,78,8,0,0,0,0,78
9,70,65,6,0,0,0,0,53
26,92,99,8,1,0,1,0,100
3,13,13,2,1,0,1,0,15
12,79,66,6,0,1,0,0,59
22,93,93,9,0,0,1,0,99
4,43,34,2,0,0,0,1,36
6,25,31,3,0,0,0,1,22
23,92,94,7,0,0,0,0,98
10,71,64,4,0,0,1,0,53
4,46,35,4,0,0,0,1,32
12,63,78,4,0,0,1,0,69
3,30,18,0,1,0,1,0,14
5,45,49,1,0,0,0,0,46
4,58,49,1,1,0,0,1,34
2,34,13,0,0,0,0,0,15
12,74,67,5,0,0,0,0,64
15,71,61,4,0,0,1,0,64
17,86,74,5,1,0,0,0,79
4,31,11,0,0,0,0,0,16
17,63,62,4,1,0,0,0,67
13,51,57,3,0,0,1,0,58
15,90,89,9,1,0,1,0,90
19,88,73,8,0,0,1,0,71
3,39,20,0,0,1,0,0,22
1,28,1,0,0,0,1,0,6
12,81,83,7,0,0,1,0,78
3,21,13,2,0,0,0,1,17
12,75,81,7,1,0,1,0,72
21,71,71,6,0,0,1,0,80
11,68,50,3,0,0,0,0,51
8,64,52,5,1,0,0,0,52
2,8,19,0,0,0,0,0,8
7,64,58,3,0,0,0,0,41
15,65,64,3,0,0,0,0,68
26,95,90,8,1,0,0,0,99
15,70,64,3,0,0,1,0,68
0,18,9,1,0,1,0,0,8
16,84,74,5,1,0,1,0,72
4,22,20,0,0,1,0,1,12
5,48,44,2,0,0,0,0,34
15,94,81,8,1,0,0,0,88
12,76,65,3,1,0,1,0,52
27,91,99,8,0,0,1,0,94
15,87,88,8,1,0,1,0,84
6,47,21,1,0,0,0,0,23
23,90,80,8,1,0,1,0,88
2,40,30,0,0,0,0,0,23
15,89,75,5,1,0,0,0,76
8,58,47,2,0,0,0,0,40
20,89,87,8,1,0,0,0,86
10,67,60,3,0,0,1,0,65
3,48,38,3,0,0,1,0,32
10,67,72,5,0,1,0,0,68
5,52,37,1,1,0,0,0,39
11,59,54,5,0,0,0,0,56
2,9,4,0,0,0,0,0,4
14,68,70,6,1,0,0,0,64
14,61,50,3,0,1,0,0,52
14,69,65,6,0,0,0,0,60
21,90,93,10,1,0,1,0,98
5,27,31,2,0,0,1,0,23
5,29,37,3,0,0,1,0,26
12,73,68,3,0,0,1,0,59
6,39,32,1,0,0,0,0,29
21,80,88,6,0,0,1,0,90
0,8,6,0,1,0,0,1,2
3,42,33,0,0,0,0,0,21
14,74,54,6,0,0,0,0,54
15,83,75,4,1,0,1,0,74
17,91,86,7,1,0,0,0,83
19,94,82,8,0,0,0,0,85
11,69,77,6,0,0,0,1,67
9,61,59,3,0,0,1,0,45
10,65,50,1,0,0,0,0,46
21,94,97,9,0,0,1,0,94
0,5,1,0,0,0,0,0,2
17,86,87,7,1,0,1,0,87
18,78,76,4,1,0,0,0,75
12,84,77,4,0,0,0,1,61
12,88,72,7,1,0,0,0,80
12,62,71,6,1,0,1,0,61
17,84,76,8,0,0,0,0,80
4,28,22,1,0,0,0,1,12
27,96,98,10,1,0,0,0,97
17,75,76,8,0,0,0,0,80
1,13,16,1,0,0,0,0,5
5,59,55,4,0,0,0,0,46
1,26,2,0,1,0,1,0,0
11,71,67,6,0,0,1,0,54
16,79,67,5,0,0,1,0,70
21,91,98,7,1,0,0,0,94
13,71,84,5,0,0,1,0,76
8,58,30,1,0,0,0,0,37
1,29,10,0,0,0,0,0,15
7,37,31,1,0,0,0,0,39
21,81,72,7,0,0,1,0,74
3,38,34,4,1,0,0,0,33
1,21,13,1,0,0,0,0,17
7,43,41,3,1,0,0,0,37
23,81,81,7,0,0,0,0,86
2,28,6,0,0,0,0,0,0
25,97,97,7,1,0,0,0,100
21,75,75,4,1,0,0,0,80
9,73,56,4,1,0,0,0,54
11,83,61,5,0,0,1,0,67
20,95,97,8,1,0,1,0,91
12,85,77,6,0,0,0,0,79
5,23,39,0,0,1,0,1,29
19,77,79,4,0,0,1,0,71
21,81,81,7,0,0,0,0,87
22,88,86,7,1,0,0,1,84
14,51,57,6,0,0,0,0,53
19,84,88,7,0,0,1,0,82
4,53,49,2,0,0,0,0,31
8,50,35,4,0,1,0,0,35
3,39,20,1,0,0,0,0,17
1,19,22,0,1,0,0,1,13
20,82,78,8,1,0,0,0,78
3,31,25,0,0,0,0,1,15
11,54,53,2,0,1,0,0,46
7,47,42,4,0,0,1,0,36
2,21,36,1,0,0,0,0,21
0,4,5,0,0,0,0,0,7
30,99,98,8,1,0,1,0,93
5,31,36,0,0,0,0,0,29
3,30,34,1,0,0,1,0,23
16,80,82,6,0,0,0,0,80
5,30,32,0,0,0,1,0,24
29,100,94,8,1,0,1,0,94
16,87,88,8,0,0,0,0,82
14,72,75,5,0,0,0,0,69
4,41,31,1,0,0,1,0,39
11,60,47,1,0,0,0,0,49
3,15,21,2,0,0,0,1,13
15,60,63,4,0,0,0,0,61
9,61,56,6,0,0,0,0,59
13,58,59,5,0,0,1,0,56
3,44,39,3,0,0,0,0,23
17,67,63,7,0,0,1,0,62
0,17,15,0,0,1,0,1,4
2,27,10,2,0,1,0,0,11
24,93,83,8,1,0,0,0,86
12,63,62,3,1,0,1,0,51
11,53,48,2,0,0,0,0,45
2,3,3,1,0,1,0,1,6
10,70,65,3,1,0,1,0,63
13,57,64,5,1,0,0,0,59
14,51,68,5,0,0,0,1,55
8,73,53,6,0,0,1,0,54
1,9,19,0,0,0,0,0,5
16,81,70,5,1,0,0,0,72
